fm_id,RecordID,856_u,856_y,project
2071,998409340101488,https://resolver.libis.be/IE5741692/representation,KU Leuven Libraries BIBC BRES Ms. 328,16
2072,9983677380101488,https://resolver.libis.be/IE5402644/representation,KU Leuven Libraries GBIB GBIB PM0328,16
2073,9983680640101488,https://resolver.libis.be/IE5146094/representation,KU Leuven Libraries GBIB GBIB PM0325,16
2074,9983684110101488,https://resolver.libis.be/IE5127222/representation,KU Leuven Libraries GBIB GBIB PM0324,16
2075,9984692670101488,https://resolver.libis.be/IE5130368/representation,KU Leuven Libraries GBIB GBIB PM0334,16
2076,9984806480101488,https://resolver.libis.be/IE5045786/representation,Abdij van Berne Heeswijk Ms. O1,16
2077,9984809220101488,https://resolver.libis.be/IE5074686/representation,Abdij van Berne Heeswijk Ms. O2,16
2078,9984813000101488,https://resolver.libis.be/IE3580217/representation,Abdij van Berne Heeswijk Ms. K6,16
2079,9984817940101488,https://resolver.libis.be/IE5062854/representation,Abdij van Berne Heeswijk Ms. K1,16
2080,9984825290101488,https://resolver.libis.be/IE5076811/representation,Abdij van Berne Heeswijk Ms. R2,16
2081,9984831760101488,https://resolver.libis.be/IE5073011/representation,Abdij van Berne Heeswijk Ms. K8,16
2082,9984875010101488,https://resolver.libis.be/IE5071870/representation,Abdij van Berne Heeswijk Ms. 251,16
2083,9984879010101488,https://resolver.libis.be/IE3555662/representation,Abdij van Berne Heeswijk Ms. R11,16
2084,9984882080101488,https://resolver.libis.be/IE5068394/representation,Abdij van Berne Heeswijk Ms. K13,16
2085,9984889740101488,https://resolver.libis.be/IE5064739/representation,Abdij van Berne Heeswijk Ms. K14,16
2086,9984909340101488,https://resolver.libis.be/IE5056624/representation,Abdij van Berne Heeswijk Ms. M9,16
2087,9984913130101488,https://resolver.libis.be/IE5054670/representation,Abdij van Berne Heeswijk Ms. K12,16
2088,9984915010101488,https://resolver.libis.be/IE5048421/representation,Abdij van Berne Heeswijk Ms. K9,16
2089,9984952000101488,https://resolver.libis.be/IE5746366/representation,KU Leuven Libraries BIBC BRES Ms. 350,16
2090,9985204270101488,https://resolver.libis.be/IE5744754/representation,KU Leuven Libraries BIBC BRES Ms. 349,16
2091,9985275330101488,https://resolver.libis.be/IE5747126/representation,KU Leuven Libraries BIBC BRES Ms. 351,16
2092,9985276830101488,https://resolver.libis.be/IE5111751/representation,KU Leuven Libraries BIBC BRES Ms. 352,16
2093,9985449980101488,https://resolver.libis.be/IE5069877/representation,Abdij van Berne Heeswijk Ms. M5,16
2094,9985450340101488,https://resolver.libis.be/IE5052929/representation,Abdij van Berne Heeswijk Ms. F11,16
2095,9988171070101488,https://resolver.libis.be/IE5752018/representation,KU Leuven Libraries BIBC BRES Ms. 354,16
2096,9988171170101488,https://resolver.libis.be/IE5748294/representation,KU Leuven Libraries BIBC BRES Ms. 353,16
2097,9989636720101488,https://resolver.libis.be/IE5755700/representation,KU Leuven Libraries BIBC BRES Ms. 355,16
2098,9989672710101488,https://resolver.libis.be/IE5337894/representation,KU Leuven Libraries BIBC BRES Ms. 312,16
2099,9990180740101488,https://resolver.libis.be/IE5758512/representation,KU Leuven Libraries BIBC BRES Ms. 356,16
2100,9991877070101488,https://resolver.libis.be/IE5762184/representation,KU Leuven Libraries BIBC BRES Ms. 361,16
2101,9992066370101488,https://resolver.libis.be/IE5112496/representation,KU Leuven Libraries BIBC BRES Ms. 357,16
2102,9992070040101488,https://resolver.libis.be/IE5759704/representation,KU Leuven Libraries BIBC BRES Ms. 358,16
2103,9992075290101488,https://resolver.libis.be/IE5760998/representation,KU Leuven Libraries BIBC BRES Ms. 359,16
2104,9992112188001488,https://resolver.libis.be/IE5764522/representation,KU Leuven Libraries BIBC BRES Ms. 362,16
2105,9992119909401488,https://resolver.libis.be/IE5765786/representation,KU Leuven Libraries BIBC BRES Ms. 363,16
2106,9992133084901488,https://resolver.libis.be/IE5172666/representation,Archives de l'Université catholique de Louvain Ms. C24,16
2107,9992133091401488,https://resolver.libis.be/IE5147700/representation,Archives de l'Université catholique de Louvain Ms. C18,16
2108,9992133203501488,https://resolver.libis.be/IE5142506/representation,Archives de l'Université catholique de Louvain Ms. C2,16
2109,9992133262401488,https://resolver.libis.be/IE5181068/representation,Archives de l'Université catholique de Louvain Ms. C29,16
2110,9992133547201488,https://resolver.libis.be/IE5191313/representation,Archives de l'Université catholique de Louvain Ms. C48,16
2111,9992133557801488,https://resolver.libis.be/IE5173576/representation,Archives de l'Université catholique de Louvain Ms. C31,16
2112,9992133560601488,https://resolver.libis.be/IE5134064/representation,Archives de l'Université catholique de Louvain Ms. C3,16
2113,9992134347801488,https://resolver.libis.be/IE5252151/representation,Archives de l'Université catholique de Louvain Ms. C86,16
2114,9992134599601488,https://resolver.libis.be/IE5209411/representation,Archives de l'Université catholique de Louvain Ms. C57,16
2115,9992134603301488,https://resolver.libis.be/IE5208735/representation,Archives de l'Université catholique de Louvain Ms. C50,16
2116,9992134606101488,https://resolver.libis.be/IE5192913/representation,Archives de l'Université catholique de Louvain Ms. C49,16
2117,9992134681701488,https://resolver.libis.be/IE5242315/representation,Archives de l'Université catholique de Louvain Ms. C78,16
2118,9992134685601488,https://resolver.libis.be/IE5224935/representation,Archives de l'Université catholique de Louvain Ms. C66,16
2119,9992134688101488,https://resolver.libis.be/IE5219023/representation,Archives de l'Université catholique de Louvain Ms. C62,16
2120,9992135447901488,https://resolver.libis.be/IE5264858/representation,Archives de l'Université catholique de Louvain Ms. C100,16
2121,9992135452901488,https://resolver.libis.be/IE5254957/representation,Archives de l'Université catholique de Louvain Ms. C97,16
2122,9992135904101488,https://resolver.libis.be/IE5266302/representation,Archives de l'Université catholique de Louvain Ms. C103,16
2123,9992135943601488,https://resolver.libis.be/IE5375226/representation,Archives de l'Université catholique de Louvain Ms. C155,16
2124,9992136072701488,https://resolver.libis.be/IE5294870/representation,Archives de l'Université catholique de Louvain Ms. C171,16
2125,9992136076601488,https://resolver.libis.be/IE5293888/representation,Archives de l'Université catholique de Louvain Ms. C164,16
2126,9992136082201488,https://resolver.libis.be/IE5292636/representation,Archives de l'Université catholique de Louvain Ms. C161,16
2127,9992136083201488,https://resolver.libis.be/IE5291534/representation,Archives de l'Université catholique de Louvain Ms. C160,16
2128,9992136085301488,https://resolver.libis.be/IE5290696/representation,Archives de l'Université catholique de Louvain Ms. C159,16
2129,9992136093101488,https://resolver.libis.be/IE5269812/representation,Archives de l'Université catholique de Louvain Ms. C146,16
2130,9992136094301488,https://resolver.libis.be/IE5263600/representation,Archives de l'Université catholique de Louvain Ms. C145,16
2131,9992136098101488,https://resolver.libis.be/IE5268464/representation,Archives de l'Université catholique de Louvain Ms. C115,16
2132,9992136105801488,https://resolver.libis.be/IE5267050/representation,Archives de l'Université catholique de Louvain Ms. C110,16
2133,9992136545901488,https://resolver.libis.be/IE5296026/representation,Archives de l'Université catholique de Louvain Ms. C174,16
2134,9992136798801488,https://resolver.libis.be/IE5297818/representation,Archives de l'Université catholique de Louvain Ms. C179,16
2135,9992136989801488,https://resolver.libis.be/IE5411650/representation,Archives de l'Université catholique de Louvain Ms. C198,16
2136,9992136995601488,https://resolver.libis.be/IE5410608/representation,Archives de l'Université catholique de Louvain Ms. C190,16
2137,9992137179101488,https://resolver.libis.be/IE5148034/representation,Archives de l'Université catholique de Louvain Ms. C10,16
2138,9992137274701488,https://resolver.libis.be/IE5177276/representation,Archives de l'Université catholique de Louvain Ms. C32,16
2139,9992137290401488,https://resolver.libis.be/IE5151130/representation,Archives de l'Université catholique de Louvain Ms. C14,16
2140,9992137296201488,https://resolver.libis.be/IE5150178/representation,Archives de l'Université catholique de Louvain Ms. C12,16
2141,9992137304801488,https://resolver.libis.be/IE5144442/representation,Archives de l'Université catholique de Louvain Ms. C8,16
2142,9992137341201488,https://resolver.libis.be/IE5766552/representation,KU Leuven Libraries BIBC BRES Ms. 364,16
2143,9992138591301488,https://resolver.libis.be/IE5136228/representation,Archives de l'Université catholique de Louvain Ms. C4,16
2144,9992139602401488,https://resolver.libis.be/IE5206937/representation,Archives de l'Université catholique de Louvain Ms. C47,16
2145,9992139683501488,https://resolver.libis.be/IE5214043/representation,Archives de l'Université catholique de Louvain Ms. C56,16
2146,9992139685401488,https://resolver.libis.be/IE5212515/representation,Archives de l'Université catholique de Louvain Ms. C55,16
2147,9992139924001488,https://resolver.libis.be/IE5247409/representation,Archives de l'Université catholique de Louvain Ms. C72,16
2148,9992140105701488,https://resolver.libis.be/IE5217237/representation,Archives de l'Université catholique de Louvain Ms. C59,16
2149,9992140106801488,https://resolver.libis.be/IE5216009/representation,Archives de l'Université catholique de Louvain Ms. C58,16
2150,9992140134901488,https://resolver.libis.be/IE5251043/representation,Archives de l'Université catholique de Louvain Ms. C77,16
2151,9992140181501488,https://resolver.libis.be/IE5244227/representation,Archives de l'Université catholique de Louvain Ms. C70,16
2152,9992140182701488,https://resolver.libis.be/IE5226019/representation,Archives de l'Université catholique de Louvain Ms. C68,16
2153,9992140188701488,https://resolver.libis.be/IE5220005/representation,Archives de l'Université catholique de Louvain Ms. C64,16
2154,9992140195101488,https://resolver.libis.be/IE5220849/representation,Archives de l'Université catholique de Louvain Ms. C60,16
2155,9992140338901488,https://resolver.libis.be/IE5256125/representation,Archives de l'Université catholique de Louvain Ms. C84,16
2156,9992140339801488,https://resolver.libis.be/IE5257003/representation,Archives de l'Université catholique de Louvain Ms. C82,16
2157,9992140340101488,https://resolver.libis.be/IE5256513/representation,Archives de l'Université catholique de Louvain Ms. C80,16
2158,9992140348301488,https://resolver.libis.be/IE5249565/representation,Archives de l'Université catholique de Louvain Ms. C76,16
2159,9992140588701488,https://resolver.libis.be/IE5245371/representation,Archives de l'Université catholique de Louvain Ms. C75,16
2160,9992140593401488,https://resolver.libis.be/IE5249965/representation,Archives de l'Université catholique de Louvain Ms. C74,16
2161,9992146148901488,https://resolver.libis.be/IE5276000/representation,Archives de l'Université catholique de Louvain Ms. C114,16
2162,9992146151501488,https://resolver.libis.be/IE5327118/representation,Archives de l'Université catholique de Louvain Ms. C112,16
2163,9992146292801488,https://resolver.libis.be/IE5272734/representation,Archives de l'Université catholique de Louvain Ms. C109,16
2164,9992146296101488,https://resolver.libis.be/IE5274910/representation,Archives de l'Université catholique de Louvain Ms. C107,16
2165,9992146318201488,https://resolver.libis.be/IE5281856/representation,Archives de l'Université catholique de Louvain Ms. C149,16
2166,9992146321001488,https://resolver.libis.be/IE5280958/representation,Archives de l'Université catholique de Louvain Ms. C148,16
2167,9992146323901488,https://resolver.libis.be/IE5280120/representation,Archives de l'Université catholique de Louvain Ms. C147,16
2168,9992146339701488,https://resolver.libis.be/IE5277528/representation,Archives de l'Université catholique de Louvain Ms. C140,16
2169,9992146342401488,https://resolver.libis.be/IE5274300/representation,Archives de l'Université catholique de Louvain Ms. C139,16
2170,9992146344901488,https://resolver.libis.be/IE5273354/representation,Archives de l'Université catholique de Louvain Ms. C138,16
2171,998161350101488,https://resolver.libis.be/IE5108288/representation,KU Leuven Libraries BIBC BRES Ms. 273,16
2172,998296080101488,https://resolver.libis.be/IE5007733/representation,KU Leuven Libraries BIBC BRES Ms. 236,16
2173,9911058340101488,https://resolver.libis.be/IE5347184/representation,KU Leuven Libraries BIBC BRES Ms. 333,16
2174,9914031280101488,https://resolver.libis.be/IE5085103/representation,KU Leuven Libraries BIBC BRES Ms. 241,16
2175,9915089830101488,https://resolver.libis.be/IE5099049/representation,KU Leuven Libraries BIBC BRES Ms. 267,16
2176,9922121260101488,https://resolver.libis.be/IE5739534/representation,KU Leuven Libraries BIBC BRES Ms. 332,16
2177,9922947680101488,https://resolver.libis.be/IE5157292/representation,KU Leuven Libraries BIBC BRES Ms. 251,16
2178,9927563330101488,https://resolver.libis.be/IE5345610/representation,KU Leuven Libraries BIBC BRES Ms. 327,16
2179,9932447570101488,https://resolver.libis.be/IE5158097/representation,KU Leuven Libraries BIBC BRES Ms. 252,16
2180,9937199870101488,https://resolver.libis.be/IE5159841/representation,KU Leuven Libraries BIBC BRES Ms. 253,16
2181,9977253760101488,https://resolver.libis.be/IE4992202/representation,KU Leuven Libraries BIBC BRES Ms. 214,16
2182,9977254090101488,https://resolver.libis.be/IE4986271/representation,KU Leuven Libraries BIBC BRES Ms. 215,16
2183,9977262400101488,https://resolver.libis.be/IE4995530/representation,KU Leuven Libraries BIBC BRES Ms. 216,16
2184,9977262940101488,https://resolver.libis.be/IE4993619/representation,KU Leuven Libraries BIBC BRES Ms. 217,16
2185,9977263370101488,https://resolver.libis.be/IE4994682/representation,KU Leuven Libraries BIBC BRES Ms. 218,16
2186,9977263640101488,https://resolver.libis.be/IE4995145/representation,KU Leuven Libraries BIBC BRES Ms. 219,16
2187,9977265180101488,https://resolver.libis.be/IE4999384/representation,KU Leuven Libraries BIBC BRES Ms. 220,16
2188,9977265700101488,https://resolver.libis.be/IE4999967/representation,KU Leuven Libraries BIBC BRES Ms. 221,16
2189,9977266570101488,https://resolver.libis.be/IE5000490/representation,KU Leuven Libraries BIBC BRES Ms. 222,16
2190,9977279820101488,https://resolver.libis.be/IE5005367/representation,KU Leuven Libraries BIBC BRES Ms. 223,16
2191,9977279980101488,https://resolver.libis.be/IE4977576/representation,KU Leuven Libraries BIBC BRES Ms. 203,16
2192,9977310530101488,https://resolver.libis.be/IE5001517/representation,KU Leuven Libraries BIBC BRES Ms. 224,16
2193,9977312870101488,https://resolver.libis.be/IE5002076/representation,KU Leuven Libraries BIBC BRES Ms. 225,16
2194,9977313230101488,https://resolver.libis.be/IE4976399/representation,KU Leuven Libraries BIBC BRES Ms. 202,16
2195,9977344860101488,https://resolver.libis.be/IE4923148/representation,KU Leuven Libraries BIBC BRES Ms. 201,16
2196,9977348420101488,https://resolver.libis.be/IE4996461/representation,KU Leuven Libraries BIBC BRES Ms. 212,16
2197,9977372040101488,https://resolver.libis.be/IE5009600/representation,KU Leuven Libraries BIBC BRES Ms. 230,16
2198,9977373610101488,https://resolver.libis.be/IE5010417/representation,KU Leuven Libraries BIBC BRES Ms. 231,16
2199,9977426430101488,https://resolver.libis.be/IE5013965/representation,KU Leuven Libraries BIBC BRES Ms. 232,16
2200,9977440210101488,https://resolver.libis.be/IE4990089/representation,KU Leuven Libraries BIBC BRES Ms. 213,16
2201,9977449110101488,https://resolver.libis.be/IE5003416/representation,KU Leuven Libraries BIBC BRES Ms. 229,16
2202,9977468650101488,https://resolver.libis.be/IE5005938/representation,KU Leuven Libraries BIBC BRES Ms. 233,16
2203,9977481560101488,https://resolver.libis.be/IE5014908/representation,KU Leuven Libraries BIBC BRES Ms. 234,16
2204,9977521810101488,https://resolver.libis.be/IE5090549/representation,KU Leuven Libraries BIBC BRES Ms. 240,16
2205,9977549140101488,https://resolver.libis.be/IE4987988/representation,KU Leuven Libraries BIBC BRES Ms. 211,16
2206,9977590330101488,https://resolver.libis.be/IE5002713/representation,KU Leuven Libraries BIBC BRES Ms. 227,16
2207,9977608360101488,https://resolver.libis.be/IE5086880/representation,KU Leuven Libraries BIBC BRES Ms. 242,16
2208,9977620970101488,https://resolver.libis.be/IE5091702/representation,KU Leuven Libraries BIBC BRES Ms. 243,16
2209,9977638180101488,https://resolver.libis.be/IE5087871/representation,KU Leuven Libraries BIBC BRES Ms. 244,16
2210,9977654930101488,https://resolver.libis.be/IE5089462/representation,KU Leuven Libraries BIBC BRES Ms. 245,16
2211,9977672720101488,https://resolver.libis.be/IE5094345/representation,KU Leuven Libraries BIBC BRES Ms. 246,16
2212,9977675380101488,https://resolver.libis.be/IE5093257/representation,KU Leuven Libraries BIBC BRES Ms. 247,16
2213,9977686300101488,https://resolver.libis.be/IE5093720/representation,KU Leuven Libraries BIBC BRES Ms. 248,16
2214,9977720580101488,https://resolver.libis.be/IE5160691/representation,KU Leuven Libraries BIBC BRES Ms. 254,16
2215,9977731120101488,https://resolver.libis.be/IE5162309/representation,KU Leuven Libraries BIBC BRES Ms. 255,16
2216,9977739730101488,https://resolver.libis.be/IE5165233/representation,KU Leuven Libraries BIBC BRES Ms. 257,16
2217,9977764740101488,https://resolver.libis.be/IE5169069/representation,KU Leuven Libraries BIBC BRES Ms. 259,16
2218,9977783060101488,https://resolver.libis.be/IE5011372/representation,KU Leuven Libraries BIBC BRES Ms. 238,16
2219,9977786480101488,https://resolver.libis.be/IE5162847/representation,KU Leuven Libraries BIBC BRES Ms. 256,16
2220,9977803120101488,https://resolver.libis.be/IE5094986/representation,KU Leuven Libraries BIBC BRES Ms. 260,16
2221,9978955270101488,https://resolver.libis.be/IE5155161/representation,KU Leuven Libraries BIBC BRES Ms. 250,16
2222,9978968940101488,https://resolver.libis.be/IE5167313/representation,KU Leuven Libraries BIBC BRES Ms. 258,16
2223,9978981200101488,https://resolver.libis.be/IE5100454/representation,KU Leuven Libraries BIBC BRES Ms. 262,16
2224,9978990300101488,https://resolver.libis.be/IE5102492/representation,KU Leuven Libraries BIBC BRES Ms. 263,16
2225,9979601780101488,https://resolver.libis.be/IE5103492/representation,KU Leuven Libraries BIBC BRES Ms. 264,16
2226,9979740960101488,https://resolver.libis.be/IE5104204/representation,KU Leuven Libraries BIBC BRES Ms. 265,16
2227,9979742740101488,https://resolver.libis.be/IE5107612/representation,KU Leuven Libraries BIBC BRES Ms. 266,16
2228,9979901050101488,https://resolver.libis.be/IE5154323/representation,KU Leuven Libraries BIBC BRES Ms. 270,16
2229,9979911060101488,https://resolver.libis.be/IE5106066/representation,KU Leuven Libraries BIBC BRES Ms. 268,16
2230,9979915920101488,https://resolver.libis.be/IE5105228/representation,KU Leuven Libraries BIBC BRES Ms. 269,16
2231,9979944780101488,https://resolver.libis.be/IE5221339/representation,KU Leuven Libraries BIBC BRES Ms. 272,16
2232,9979964850101488,https://resolver.libis.be/IE5109346/representation,KU Leuven Libraries BIBC BRES Ms. 280,16
2233,9979967470101488,https://resolver.libis.be/IE5282976/representation,KU Leuven Libraries BIBC BRES Ms. 281,16
2234,9979976860101488,https://resolver.libis.be/IE5283974/representation,KU Leuven Libraries BIBC BRES Ms. 284,16
2235,9979977170101488,https://resolver.libis.be/IE5283394/representation,KU Leuven Libraries BIBC BRES Ms. 285,16
2236,9979977270101488,https://resolver.libis.be/IE9588245/representation,KU Leuven Libraries BIBC BRES Ms. 286,16
2237,9979988900101488,https://resolver.libis.be/IE9590417/representation,KU Leuven Libraries BIBC BRES Ms. 289,16
2238,9980006270101488,https://resolver.libis.be/IE5337182/representation,KU Leuven Libraries BIBC BRES Ms. 293,16
2239,9980044110101488,https://resolver.libis.be/IE5110535/representation,KU Leuven Libraries BIBC BRES Ms. 301,16
2240,9980058550101488,https://resolver.libis.be/IE5113283/representation,KU Leuven Libraries BIBC BRES Ms. 304,16
2241,9980080650101488,https://resolver.libis.be/IE5351908/representation,KU Leuven Libraries BIBC BRES Ms. 338,16
2242,9980108010101488,https://resolver.libis.be/IE5114094/representation,KU Leuven Libraries BIBC BRES Ms. 309,16
2243,9980131450101488,https://resolver.libis.be/IE5117286/representation,KU Leuven Libraries BIBC BRES Ms. 317,16
2244,9980135760101488,https://resolver.libis.be/IE5339950/representation,KU Leuven Libraries BIBC BRES Ms. 320,16
2245,9980147460101488,https://resolver.libis.be/IE5341076/representation,KU Leuven Libraries BIBC BRES Ms. 323,16
2246,9980151480101488,https://resolver.libis.be/IE5343274/representation,KU Leuven Libraries BIBC BRES Ms. 325,16
2247,9980167940101488,https://resolver.libis.be/IE5344112/representation,KU Leuven Libraries BIBC BRES Ms. 326,16
2248,9980179140101488,https://resolver.libis.be/IE5740926/representation,KU Leuven Libraries BIBC BRES Ms. 329,16
2249,9980180330101488,https://resolver.libis.be/IE5346208/representation,KU Leuven Libraries BIBC BRES Ms. 330,16
2250,9980184590101488,https://resolver.libis.be/IE5738300/representation,KU Leuven Libraries BIBC BRES Ms. 331,16
2251,9980204150101488,https://resolver.libis.be/IE5348220/representation,KU Leuven Libraries BIBC BRES Ms. 334,16
2252,9980205280101488,https://resolver.libis.be/IE5348884/representation,KU Leuven Libraries BIBC BRES Ms. 335,16
2253,9980783110101488,https://resolver.libis.be/IE5350208/representation,KU Leuven Libraries BIBC BRES Ms. 336,16
2254,9981080110101488,https://resolver.libis.be/IE5342286/representation,KU Leuven Libraries BIBC BRES Ms. 324,16
2255,9981133530101488,https://resolver.libis.be/IE5350686/representation,KU Leuven Libraries BIBC BRES Ms. 337,16
2256,9983088940101488,https://resolver.libis.be/IE5352962/representation,KU Leuven Libraries BIBC BRES Ms. 339,16
2257,9983089150101488,https://resolver.libis.be/IE5352972/representation,KU Leuven Libraries BIBC BRES Ms. 340,16
2258,9983091750101488,https://resolver.libis.be/IE5352982/representation,KU Leuven Libraries BIBC BRES Ms. 341,16
2259,9983125730101488,https://resolver.libis.be/IE5354054/representation,KU Leuven Libraries BIBC BRES Ms. 342,16
2260,9983127850101488,https://resolver.libis.be/IE5740862/representation,KU Leuven Libraries BIBC BRES Ms. 344,16
2261,9983137190101488,https://resolver.libis.be/IE5740834/representation,KU Leuven Libraries BIBC BRES Ms. 343,16
2262,9983141220101488,https://resolver.libis.be/IE5744168/representation,KU Leuven Libraries BIBC BRES Ms. 347,16
2263,9983142560101488,https://resolver.libis.be/IE5374034/representation,KU Leuven Libraries BIBC BRES Ms. 348,16
2263,9983142560101488,https://resolver.libis.be/IE5374034/representation,KU Leuven Libraries BIBC BRES Ms. 348,16
2264,9983524100101488,https://resolver.libis.be/IE5126528/representation,KU Leuven Libraries GBIB GBIB PM0478,16
2265,9983528950101488,https://resolver.libis.be/IE5131806/representation,KU Leuven Libraries GBIB GBIB PM0479,16
2266,9983532560101488,https://resolver.libis.be/IE5082018/representation,KU Leuven Libraries GBIB GBIB PM0026/V ,16
2267,9983686250101488,https://resolver.libis.be/IE10106644/representation,KU Leuven Libraries GBIB GBIB PM0326,16
2268,9983694770101488,https://resolver.libis.be/IE5401008/representation,KU Leuven Libraries GBIB GBIB PM0327,16
2269,9983697900101488,https://resolver.libis.be/IE5133118/representation,KU Leuven Libraries GBIB GBIB PM0024/Q,16
2270,9983730050101488,https://resolver.libis.be/IE5016926/representation,KU Leuven Libraries BIBC BRES Ms. 239,16
2271,9992137275801488,https://resolver.libis.be/IE5176732/representation,Archives de l'Université catholique de Louvain Ms. C30,16
2272,9992137277301488,https://resolver.libis.be/IE5174754/representation,Archives de l'Université catholique de Louvain Ms. C28,16
2273,9992137297401488,https://resolver.libis.be/IE5149718/representation,Archives de l'Université catholique de Louvain Ms. C11,16
2274,9992137306701488,https://resolver.libis.be/IE5140330/representation,Archives de l'Université catholique de Louvain Ms. C6,16
2275,9992138104001488,https://resolver.libis.be/IE5178432/representation,Archives de l'Université catholique de Louvain Ms. C34,16
2276,9992138481501488,https://resolver.libis.be/IE5195495/representation,Archives de l'Université catholique de Louvain Ms. C41,16
2277,9992138492101488,https://resolver.libis.be/IE5193985/representation,Archives de l'Université catholique de Louvain Ms. C40,16
2278,9992138495301488,https://resolver.libis.be/IE5173586/representation,Archives de l'Université catholique de Louvain Ms. C39,16
2279,9992138497301488,https://resolver.libis.be/IE5179228/representation,Archives de l'Université catholique de Louvain Ms. C38,16
2280,9992138587401488,https://resolver.libis.be/IE5200769/representation,Archives de l'Université catholique de Louvain Ms. C44,16
2281,9992138587901488,https://resolver.libis.be/IE5198881/representation,Archives de l'Université catholique de Louvain Ms. C43,16
2282,9992138589201488,https://resolver.libis.be/IE5197395/representation,Archives de l'Université catholique de Louvain Ms. C42,16
2283,9992139603401488,https://resolver.libis.be/IE5205421/representation,Archives de l'Université catholique de Louvain Ms. C46,16
2284,9992139606101488,https://resolver.libis.be/IE5202849/representation,Archives de l'Université catholique de Louvain Ms. C45,16
2285,9992139690401488,https://resolver.libis.be/IE5210981/representation,Archives de l'Université catholique de Louvain Ms. C54,16
2286,9992140603301488,https://resolver.libis.be/IE5249171/representation,Archives de l'Université catholique de Louvain Ms. C73,16
2287,9992141305401488,https://resolver.libis.be/IE5262096/representation,Archives de l'Université catholique de Louvain Ms. C96,16
2288,9992141306501488,https://resolver.libis.be/IE5260040/representation,Archives de l'Université catholique de Louvain Ms. C95,16
2289,9992146146201488,https://resolver.libis.be/IE5273254/representation,Archives de l'Université catholique de Louvain Ms. C116,16
2290,9992146194901488,https://resolver.libis.be/IE5271238/representation,Archives de l'Université catholique de Louvain Ms. C106,16
2291,9992146198201488,https://resolver.libis.be/IE5326106/representation,Archives de l'Université catholique de Louvain Ms. C105,16
2292,9992146295001488,https://resolver.libis.be/IE5272250/representation,Archives de l'Université catholique de Louvain Ms. C108,16
2293,9992146339101488,https://resolver.libis.be/IE5278336/representation,Archives de l'Université catholique de Louvain Ms. C141,16
2294,9992146706401488,https://resolver.libis.be/IE5278976/representation,Archives de l'Université catholique de Louvain Ms. C144,16
2295,9992146848801488,https://resolver.libis.be/IE5301474/representation,Archives de l'Université catholique de Louvain Ms. C162,16
2296,9992146857301488,https://resolver.libis.be/IE5300408/representation,Archives de l'Université catholique de Louvain Ms. C158,16
2297,9992146860001488,https://resolver.libis.be/IE5299918/representation,Archives de l'Université catholique de Louvain Ms. C156,16
2298,9992146985601488,https://resolver.libis.be/IE5299212/representation,Archives de l'Université catholique de Louvain Ms. C151,16
2299,9992146988901488,https://resolver.libis.be/IE5298104/representation,Archives de l'Université catholique de Louvain Ms. C150,16
2300,9992147495401488,https://resolver.libis.be/IE5302768/representation,Archives de l'Université catholique de Louvain Ms. C163,16
2301,9992147782501488,https://resolver.libis.be/IE5303942/representation,Archives de l'Université catholique de Louvain Ms. C165,16
2302,9992148064401488,https://resolver.libis.be/IE5309226/representation,Archives de l'Université catholique de Louvain Ms. C169,16
2303,9992148090201488,https://resolver.libis.be/IE5308346/representation,Archives de l'Université catholique de Louvain Ms. C168,16
2304,9992148095901488,https://resolver.libis.be/IE5306562/representation,Archives de l'Université catholique de Louvain Ms. C167,16
2305,9992148600301488,https://resolver.libis.be/IE5311706/representation,Archives de l'Université catholique de Louvain Ms. C176,16
2306,9992148605801488,https://resolver.libis.be/IE5307748/representation,Archives de l'Université catholique de Louvain Ms. C172,16
2307,9992148802601488,https://resolver.libis.be/IE5310076/representation,Archives de l'Université catholique de Louvain Ms. C175,16
2308,9992149102601488,https://resolver.libis.be/IE5314288/representation,Archives de l'Université catholique de Louvain Ms. C178,16
2309,9992149105901488,https://resolver.libis.be/IE5313522/representation,Archives de l'Université catholique de Louvain Ms. C177,16
2310,9992149165001488,https://resolver.libis.be/IE5415858/representation,Archives de l'Université catholique de Louvain Ms. C195,16
2311,9992149168001488,https://resolver.libis.be/IE5414774/representation,Archives de l'Université catholique de Louvain Ms. C194,16
2312,9992149485801488,https://resolver.libis.be/IE5414134/representation,Archives de l'Université catholique de Louvain Ms. C193,16
2313,9992149490701488,https://resolver.libis.be/IE5412840/representation,Archives de l'Université catholique de Louvain Ms. C192,16
2314,9992149495501488,https://resolver.libis.be/IE5412248/representation,Archives de l'Université catholique de Louvain Ms. C191,16
2315,9992150599201488,https://resolver.libis.be/IE5328854/representation,Archives de l'Université catholique de Louvain Ms. C202,16
2316,9992150601501488,https://resolver.libis.be/IE5328010/representation,Archives de l'Université catholique de Louvain Ms. C201,16
2317,9992150904801488,https://resolver.libis.be/IE5333790/representation,Archives de l'Université catholique de Louvain Ms. C203,16
2318,9992150960001488,https://resolver.libis.be/IE5329980/representation,Archives de l'Université catholique de Louvain Ms. C205,16
2319,9992150970801488,https://resolver.libis.be/IE5335240/representation,Archives de l'Université catholique de Louvain Ms. C204,16
2320,9992151397201488,https://resolver.libis.be/IE5332262/representation,Archives de l'Université catholique de Louvain Ms. C209,16
2321,9992151405501488,https://resolver.libis.be/IE5331148/representation,Archives de l'Université catholique de Louvain Ms. C207,16
2322,9992151606301488,https://resolver.libis.be/IE5315168/representation,Archives de l'Université catholique de Louvain Ms. C210,16
2323,9992204604701488,https://resolver.libis.be/IE6772072/representation,Royal Library ms. II 3106,16
2324,9992206993601488,https://resolver.libis.be/IE9148133/representation,copy from private collection,16
2325,9992207401401488,https://resolver.libis.be/IE9153073/representation,copy from private collection,16
2326,9992219790001488,https://resolver.libis.be/IE8842669/representation,Royal Library ms. II 3292,16
2327,9992220680601488,https://resolver.libis.be/IE8847115/representation,Royal Library ms. II 3352,16
2328,9992221202401488,https://resolver.libis.be/IE8849989/representation,Royal Library ms. II 3366/2,16
2329,9992221650701488,https://resolver.libis.be/IE8864845/representation,Royal Library ms. II 3368/2,16
2330,9992224302001488,https://resolver.libis.be/IE8868838/representation,Royal Library ms. II 3430/1,16
2331,9992225262401488,https://resolver.libis.be/IE8875666/representation,Royal Library ms. II 3479,16
2332,9992225265001488,https://resolver.libis.be/IE8878348/representation,Royal Library ms. II 3444,16
2333,9992225292301488,https://resolver.libis.be/IE8874160/representation,Royal Library ms. II 3438,16
2334,9992225666501488,https://resolver.libis.be/IE8877106/representation,Royal Library ms. II 3532,16
2335,9992225787101488,https://resolver.libis.be/IE8956414/representation,Royal Library ms. II 3698,16
2336,9992225794601488,https://resolver.libis.be/IE8882644/representation,Royal Library ms. II 3595,16
2337,9992227193601488,https://resolver.libis.be/IE8958856/representation,Royal Library ms. II 3703,16
2338,9992228007701488,https://resolver.libis.be/IE8964870/representation,Royal Library ms. II 4352,16
2339,9992228103501488,https://resolver.libis.be/IE8963766/representation,Royal Library ms. II 4480,16
2340,9992228433301488,https://resolver.libis.be/IE8890846/representation,Royal Library ms. II 4645,16
2341,9992229610001488,https://resolver.libis.be/IE8892622/representation,Royal Library ms. II 4732,16
2342,9992238865401488,https://resolver.libis.be/IE8988728/representation,Royal Library ms. II 4284,16
2343,9992238965901488,https://resolver.libis.be/IE8989424/representation,Royal Library ms. II 4285,16
2344,9992238992201488,https://resolver.libis.be/IE8989789/representation,Royal Library ms. II 4272,16
2345,9992239494301488,https://resolver.libis.be/IE8992832/representation,Royal Library ms. II 4765,16
2346,9992239531301488,https://resolver.libis.be/IE9001138/representation,Royal Library ms. II 5167,16
2347,9992239580201488,https://resolver.libis.be/IE8996806/representation,Royal Library ms. II 5056,16
2348,9992241006701488,https://resolver.libis.be/IE9143873/representation,Royal Library ms. II 5233,16
2349,9992241391701488,https://resolver.libis.be/IE9138972/representation,Royal Library ms. II 5342,16
2350,9992241898401488,https://resolver.libis.be/IE9141894/representation,Royal Library ms. II 5411,16
2351,9992242003001488,https://resolver.libis.be/IE9140862/representation,Royal Library ms. II 5380,16
2352,9992246345201488,https://resolver.libis.be/IE9488786/representation,Royal Library ms. II 5419,16
2353,9992246804101488,https://resolver.libis.be/IE9437046/representation,Royal Library ms. II 5422,16
2354,9992246897201488,https://resolver.libis.be/IE9438488/representation,Royal Library ms. II 5426,16
2355,9992247586101488,https://resolver.libis.be/IE9440876/representation,Royal Library ms. II 5444,16
2356,9992249564201488,https://resolver.libis.be/IE9463851/representation,Royal Library ms. II 6281,16
2357,9992251605601488,https://resolver.libis.be/IE9315346/representation,Royal Library ms. II 7699/3,16
2358,9992253682801488,https://resolver.libis.be/IE9543803/representation,Royal Library ms. III 1102,16
2359,9992254699401488,https://resolver.libis.be/IE9446666/representation,Royal Library ms. III 1103/1,16
2360,9992257388201488,https://resolver.libis.be/IE9454080/representation,Royal Library ms. 3487-3490,16
2361,9992259064001488,https://resolver.libis.be/IE9514763/representation,Royal Library ms. 20987,16
2362,9992259094501488,https://resolver.libis.be/IE9509750/representation,Royal Library ms. 19376,16
2363,9992259486801488,https://resolver.libis.be/IE9514865/representation,Royal Library ms. 21126,16
2364,9992259488401488,https://resolver.libis.be/IE9516317/representation,Royal Library ms. 21127,16
2365,9992259680001488,https://resolver.libis.be/IE9523479/representation,Royal Library ms. 21894,16
2366,9992259682901488,https://resolver.libis.be/IE9523083/representation,Royal Library ms. 21615,16
2367,9992259740301488,https://resolver.libis.be/IE9527463/representation,Royal Library ms. 21901,16
2368,9992259742801488,https://resolver.libis.be/IE9526737/representation,Royal Library ms. 21900,16
2369,9992260073401488,https://resolver.libis.be/IE9528843/representation,Royal Library ms. 21903,16
2370,9992260297901488,https://resolver.libis.be/IE9530745/representation,Royal Library ms. 21907,16
2371,998150740101488,https://resolver.libis.be/IE5016031/representation,KU Leuven Libraries BIBC BRES Ms. 235,16
2372,998151430101488,https://resolver.libis.be/IE9923525/representation,KU Leuven Libraries BIBC BRES Ms. 367,16
2373,9918340830101488,https://resolver.libis.be/IE5115254/representation,KU Leuven Libraries BIBC BRES Ms. 310,16
2374,9922526250101488,https://resolver.libis.be/IE9612403/representation,KU Leuven Libraries BIBC BRES Ms. 322,16
2375,9922906810101488,https://resolver.libis.be/IE9611362/representation,KU Leuven Libraries BIBC BRES Ms. 321,16
2376,9932490870101488,https://resolver.libis.be/IE9601411/representation,KU Leuven Libraries BIBC BRES Ms. 300,16
2377,9974819880101488,https://resolver.libis.be/IE9599695/representation,KU Leuven Libraries BIBC BRES Ms. 299,16
2378,9979902360101488,https://resolver.libis.be/IE9586277/representation,KU Leuven Libraries BIBC BRES Ms. 271,16
2379,9979974500101488,https://resolver.libis.be/IE9585713/representation,KU Leuven Libraries BIBC BRES Ms. 282,16
2380,9979975230101488,https://resolver.libis.be/IE9587615/representation,KU Leuven Libraries BIBC BRES Ms. 283,16
2381,9979979380101488,https://resolver.libis.be/IE9588587/representation,KU Leuven Libraries BIBC BRES Ms. 287,16
2382,9979980370101488,https://resolver.libis.be/IE9589349/representation,KU Leuven Libraries BIBC BRES Ms. 288,16
2383,9979991410101488,https://resolver.libis.be/IE9591155/representation,KU Leuven Libraries BIBC BRES Ms. 290,16
2384,9979994270101488,https://resolver.libis.be/IE9594235/representation,KU Leuven Libraries BIBC BRES Ms. 291,16
2385,9979996150101488,https://resolver.libis.be/IE9594871/representation,KU Leuven Libraries BIBC BRES Ms. 292,16
2386,9980008520101488,https://resolver.libis.be/IE9595675/representation,KU Leuven Libraries BIBC BRES Ms. 294,16
2387,9980010920101488,https://resolver.libis.be/IE9596569/representation,KU Leuven Libraries BIBC BRES Ms. 295,16
2388,9980013690101488,https://resolver.libis.be/IE9597157/representation,KU Leuven Libraries BIBC BRES Ms. 296,16
2389,9980015510101488,https://resolver.libis.be/IE9597475/representation,KU Leuven Libraries BIBC BRES Ms. 297,16
2390,9980025940101488,https://resolver.libis.be/IE9598423/representation,KU Leuven Libraries BIBC BRES Ms. 298,16
2391,9980047390101488,https://resolver.libis.be/IE9603382/representation,KU Leuven Libraries BIBC BRES Ms. 302,16
2392,9980062350101488,https://resolver.libis.be/IE9602641/representation,KU Leuven Libraries BIBC BRES Ms. 305,16
2393,9980073640101488,https://resolver.libis.be/IE9604864/representation,KU Leuven Libraries BIBC BRES Ms. 306,16
2394,9980078320101488,https://resolver.libis.be/IE9605872/representation,KU Leuven Libraries BIBC BRES Ms. 307,16
2395,9980112510101488,https://resolver.libis.be/IE9607222/representation,KU Leuven Libraries BIBC BRES Ms. 313,16
2396,9980116750101488,https://resolver.libis.be/IE9608968/representation,KU Leuven Libraries BIBC BRES Ms. 314,16
2397,9980119940101488,https://resolver.libis.be/IE9608362/representation,KU Leuven Libraries BIBC BRES Ms. 315,16
2398,9980130210101488,https://resolver.libis.be/IE9610114/representation,KU Leuven Libraries BIBC BRES Ms. 316,16
2399,9980133620101488,https://resolver.libis.be/IE9610666/representation,KU Leuven Libraries BIBC BRES Ms. 319,16
2400,9982425400101488,https://resolver.libis.be/IE5378170/representation,KU Leuven Libraries WBIB WMAG PRECA0001,16
2401,9982428510101488,https://resolver.libis.be/IE5379818/representation,KU Leuven Libraries WBIB WMAG PRECA0002,16
2402,9982442420101488,https://resolver.libis.be/IE5380218/representation,KU Leuven Libraries WBIB WMAG PRECA0003,16
2403,9982443260101488,https://resolver.libis.be/IE5380486/representation,KU Leuven Libraries WBIB WMAG PRECA0004,16
2404,9982444200101488,https://resolver.libis.be/IE5380958/representation,KU Leuven Libraries WBIB WMAG PRECA0005,16
2405,9982444800101488,https://resolver.libis.be/IE5381292/representation,KU Leuven Libraries WBIB WMAG PRECA0006,16
2406,9982445190101488,https://resolver.libis.be/IE5381692/representation,KU Leuven Libraries WBIB WMAG PRECA0007,16
2407,9982446350101488,https://resolver.libis.be/IE5382074/representation,KU Leuven Libraries WBIB WMAG PRECA0008,16
2408,9982447290101488,https://resolver.libis.be/IE5382462/representation,KU Leuven Libraries WBIB WMAG PRECA0009,16
2409,9982448600101488,https://resolver.libis.be/IE5383846/representation,KU Leuven Libraries WBIB WMAG PRECA0010,16
2410,9982450100101488,https://resolver.libis.be/IE5384666/representation,KU Leuven Libraries WBIB WMAG PRECA0011,16
2411,9982451950101488,https://resolver.libis.be/IE5386362/representation,KU Leuven Libraries WBIB WMAG PRECA0012,16
2412,9982453500101488,https://resolver.libis.be/IE5387218/representation,KU Leuven Libraries WBIB WMAG PRECA0013,16
2413,9982454010101488,https://resolver.libis.be/IE5388056/representation,KU Leuven Libraries WBIB WMAG PRECA0014,16
2414,9982460260101488,https://resolver.libis.be/IE5388564/representation,KU Leuven Libraries WBIB WMAG PRECA0015,16
2415,9982461000101488,https://resolver.libis.be/IE5389630/representation,KU Leuven Libraries WBIB WMAG PRECA0016,16
2416,9982462360101488,https://resolver.libis.be/IE5390936/representation,KU Leuven Libraries WBIB WMAG PRECA0017,16
2417,9982465140101488,https://resolver.libis.be/IE5396752/representation,KU Leuven Libraries WBIB WMAG PRECA0018,16
2418,9982466190101488,https://resolver.libis.be/IE5392140/representation,KU Leuven Libraries WBIB WMAG PRECA0019,16
2419,9982467090101488,https://resolver.libis.be/IE5392930/representation,KU Leuven Libraries WBIB WMAG PRECA0020,16
2420,9982468040101488,https://resolver.libis.be/IE5394158/representation,KU Leuven Libraries WBIB WMAG PRECA0021,16
2421,9982481200101488,https://resolver.libis.be/IE5394948/representation,KU Leuven Libraries WBIB WMAG PRECA0022,16
2422,9982483310101488,https://resolver.libis.be/IE9614407/representation,KU Leuven Libraries WBIB WMAG PRECA0023,16
2423,9982485500101488,https://resolver.libis.be/IE9617557/representation,KU Leuven Libraries WBIB WMAG PRECA0025,16
2424,9982488970101488,https://resolver.libis.be/IE9616405/representation,KU Leuven Libraries WBIB WMAG PRECA0024,16
2425,9983530360101488,https://resolver.libis.be/IE9619105/representation,KU Leuven Libraries GBIB GBIB PM0480,16
2426,9988018010101488,https://resolver.libis.be/IE9535003/representation,Museum M H/16/W,16
2427,9991877810101488,https://resolver.libis.be/IE9918916/representation,KU Leuven Libraries BIBC BRES Ms. 365,16
2428,9992136783701488,https://resolver.libis.be/IE5404242/representation,Archives de l'Université catholique de Louvain ms. C185,16
2429,9992136788601488,https://resolver.libis.be/IE5403932/representation,Archives de l'Université catholique de Louvain ms. C184,16
2430,9992136793201488,https://resolver.libis.be/IE5404558/representation,Archives de l'Université catholique de Louvain ms. C183,16
2431,9992139606701488,https://resolver.libis.be/IE9924461/representation,KU Leuven Libraries BIBC BRES Ms. 368,16
2432,9992140333701488,https://resolver.libis.be/IE9882223/representation,Archives de l'Université catholique de Louvain ms. C90,16
2433,9992149101701488,https://resolver.libis.be/IE5405834/representation,Archives de l'Université catholique de Louvain ms. C180,16
2433,9992149101701488,https://resolver.libis.be/IE5405834/representation,Archives de l'Université catholique de Louvain ms. C180,16
2434,9992149178901488,https://resolver.libis.be/IE5408582/representation,Archives de l'Université catholique de Louvain ms. C189,16
2435,9992149181501488,https://resolver.libis.be/IE5407702/representation,Archives de l'Université catholique de Louvain ms. C188,16
2436,9992149184401488,https://resolver.libis.be/IE5406960/representation,Archives de l'Université catholique de Louvain ms. C187,16
2437,9992149185101488,https://resolver.libis.be/IE5406908/representation,Archives de l'Université catholique de Louvain ms. C186,16
2438,9992149185601488,https://resolver.libis.be/IE5406448/representation,Archives de l'Université catholique de Louvain ms. C182,16
2439,9992149186001488,https://resolver.libis.be/IE5405940/representation,Archives de l'Université catholique de Louvain ms. C181,16
2440,9992195577201488,https://resolver.libis.be/IE6826432/representation,Royal Library ms. II 106,16
2441,9992196166601488,https://resolver.libis.be/IE6814308/representation,Royal Library ms. II 730,16
2442,9992196173301488,https://resolver.libis.be/IE6813234/representation,Royal Library ms. II 252,16
2443,9992196247601488,https://resolver.libis.be/IE9926418/representation,KU Leuven Libraries BIBC BRES Ms. 372,16
2444,9992196258101488,https://resolver.libis.be/IE6746524/representation,Royal Library ms. II 829/1,16
2445,9992196273001488,https://resolver.libis.be/IE6756100/representation,Royal Library ms. II 741,16
2446,9992198301301488,https://resolver.libis.be/IE6751180/representation,Royal Library ms. II 1249,16
2447,9992198353501488,https://resolver.libis.be/IE6757318/representation,Royal Library ms. II 2778,16
2448,9992198378801488,https://resolver.libis.be/IE6754312/representation,Royal Library ms. II 2119,16
2449,9992198692501488,https://resolver.libis.be/IE6757978/representation,Royal Library ms. II 2942,16
2450,9992198705001488,https://resolver.libis.be/IE6761806/representation,Royal Library ms. II 2941,16
2451,9992199287501488,https://resolver.libis.be/IE6760720/representation,Royal Library ms. II 2974,16
2452,9992199300001488,https://resolver.libis.be/IE6759028/representation,Royal Library ms. II 2973,16
2453,9992199376001488,https://resolver.libis.be/IE6765536/representation,Royal Library ms. II 3086,16
2454,9992199378401488,https://resolver.libis.be/IE6763612/representation,Royal Library ms. II 3083,16
2455,9992199492601488,https://resolver.libis.be/IE6764602/representation,Royal Library ms. II 3077,16
2456,9992199509901488,https://resolver.libis.be/IE6759682/representation,Royal Library ms. II 3040,16
2457,9992199801401488,https://resolver.libis.be/IE6765292/representation,Royal Library ms. II 3088,16
2458,9992199802601488,https://resolver.libis.be/IE6763210/representation,Royal Library ms. II 3080,16
2459,9992204399801488,https://resolver.libis.be/IE6775984/representation,Royal Library ms. II 3109,16
2460,9992206995201488,https://resolver.libis.be/IE9152377/representation,copy from private collection,16
2461,9992207004501488,https://resolver.libis.be/IE9151045/representation,copy from private collection,16
2462,9992207005101488,https://resolver.libis.be/IE9150013/representation,copy from private collection,16
2463,9992207564801488,https://resolver.libis.be/IE8839186/representation,Royal Library ms. II 3212,16
2464,9992219566501488,https://resolver.libis.be/IE8840266/representation,Royal Library ms. II 3214,16
2465,9992274990501488,https://resolver.libis.be/IE9859513/representation,Royal Library ms. II 3078,16
2466,9992275076501488,https://resolver.libis.be/IE9869236/representation,Royal Library ms. II 3079,16
2467,9992276575601488,https://resolver.libis.be/IE9886399/representation,Royal Library ms. III 1184,16
2468,9992276579101488,https://resolver.libis.be/IE9885895/representation,Royal Library ms. III 1182,16
2469,9992276681901488,https://resolver.libis.be/IE9884923/representation,Royal Library ms. III 1179,16
2470,9992276739201488,https://resolver.libis.be/IE9887269/representation,Royal Library ms. III 1361,16
2471,9977348230101488,https://resolver.libis.be/IE10715063/representation,KU Leuven Libraries BIBC BRES Ms.228,16
2472,9977402560101488,https://resolver.libis.be/IE10707743/representation,KU Leuven Libraries BIBC BRES Ms.204,16
2473,9977403690101488,https://resolver.libis.be/IE10708619/representation,KU Leuven Libraries BIBC BRES Ms.205,16
2474,9977413430101488,https://resolver.libis.be/IE10709603/representation,KU Leuven Libraries BIBC BRES Ms.206,16
2475,9977438160101488,https://resolver.libis.be/IE10712513/representation,KU Leuven Libraries BIBC BRES Ms.210,16
2476,9977438360101488,https://resolver.libis.be/IE10711823/representation,KU Leuven Libraries BIBC BRES Ms.209,16
2477,9977504050101488,https://resolver.libis.be/IE10579537/representation,KU Leuven Libraries BIBC BRES Ms.237,16
2478,9977567710101488,https://resolver.libis.be/IE10710203/representation,KU Leuven Libraries BIBC BRES Ms.207,16
2479,9977689530101488,https://resolver.libis.be/IE10580587/representation,KU Leuven Libraries BIBC BRES Ms.249,16
2480,9977710810101488,https://resolver.libis.be/IE10710643/representation,KU Leuven Libraries BIBC BRES Ms.208,16
2481,9978977230101488,https://resolver.libis.be/IE10582812/representation,KU Leuven Libraries BIBC BRES Ms.261,16
2482,9980094080101488,https://resolver.libis.be/IE10591683/representation,KU Leuven Libraries BIBC BRES Ms.308,16
2483,9981118750101488,https://resolver.libis.be/IE10713323/representation,KU Leuven Libraries BIBC BRES Ms.226,16
2484,9992255099201488,https://resolver.libis.be/IE9927593/representation,KU Leuven Libraries BIBC BRES Ms. 373,16
2485,9992260279201488,https://resolver.libis.be/IE9536275/representation,Royal Library ms. 21910,16
2485,9992260279201488,https://resolver.libis.be/IE9536275/representation,Royal Library ms. 21910,16
2486,9992260790201488,https://resolver.libis.be/IE9541423/representation,Royal Library ms. 21917,16
2487,9992260794101488,https://resolver.libis.be/IE9540811/representation,Royal Library ms. 21916,16
2488,9992260798501488,https://resolver.libis.be/IE9540253/representation,Royal Library ms. 21915,16
2489,9992260801001488,https://resolver.libis.be/IE9539191/representation,Royal Library ms. 21913,16
2490,9992260904601488,https://resolver.libis.be/IE9538309/representation,Royal Library ms. 21912,16
2491,9992260909301488,https://resolver.libis.be/IE9537781/representation,Royal Library ms. 21911,16
2492,9992265092101488,https://resolver.libis.be/IE9926333/representation,KU Leuven Libraries BIBC BRES Ms. 371,16
2493,9992265095501488,https://resolver.libis.be/IE9926267/representation,KU Leuven Libraries BIBC BRES Ms. 370,16
2494,9992265202401488,https://resolver.libis.be/IE9925385/representation,KU Leuven Libraries BIBC BRES Ms. 369,16
2495,9992270688501488,https://resolver.libis.be/IE9669825/representation,Royal Library ms. 21918,16
2496,9992271601801488,https://resolver.libis.be/IE9671787/representation,Royal Library ms. 21924,16
2497,9992271603901488,https://resolver.libis.be/IE9670251/representation,Royal Library ms. 21923,16
2498,9992271890801488,https://resolver.libis.be/IE9673787/representation,Royal Library ms. 21926,16
2499,9992271895301488,https://resolver.libis.be/IE9672743/representation,Royal Library ms. 21925,16
2500,9992272707601488,https://resolver.libis.be/IE9674201/representation,Royal Library ms. 21927,16
2501,9992272987701488,https://resolver.libis.be/IE9678205/representation,Royal Library ms. 21930,16
2502,9992272991501488,https://resolver.libis.be/IE9677515/representation,Royal Library ms. 21929,16
2503,9992272998501488,https://resolver.libis.be/IE9676303/representation,Royal Library ms. 21928,16
2504,9992273290201488,https://resolver.libis.be/IE9680125/representation,Royal Library ms. 21933,16
2505,9992274354001488,https://resolver.libis.be/IE9806900/representation,Royal Library ms. 22031,16
2506,9992274362101488,https://resolver.libis.be/IE9799080/representation,Royal Library ms. 21936,16
2507,9992274371401488,https://resolver.libis.be/IE9721629/representation,Royal Library ms. 21935,16
2508,9992274373801488,https://resolver.libis.be/IE9718737/representation,Royal Library ms. 21934,16
2509,9992274409201488,https://resolver.libis.be/IE9679441/representation,Royal Library ms. 21931,16
2510,9992274445301488,https://resolver.libis.be/IE9829807/representation,Royal Library ms. 2929,16
2511,9992274448601488,https://resolver.libis.be/IE9821427/representation,Royal Library ms. 22042,16
2512,9992274455601488,https://resolver.libis.be/IE9813565/representation,Royal Library ms. 22039,16
2513,9992275208101488,https://resolver.libis.be/IE9839905/representation,Royal Library ms. II 1562,16
2514,9992276573901488,https://resolver.libis.be/IE9886453/representation,Royal Library ms. III 1185,16
2515,9992276576501488,https://resolver.libis.be/IE9886033/representation,Royal Library ms. III 1183,16
2516,9992276677401488,https://resolver.libis.be/IE9885649/representation,Royal Library ms. III 1181,16
2517,9992276679901488,https://resolver.libis.be/IE9885319/representation,Royal Library ms. III 1180,16
2518,9992276735001488,https://resolver.libis.be/IE9890924/representation,Royal Library ms. III 2032,16
2519,9992276749601488,https://resolver.libis.be/IE9886711/representation,Royal Library ms. III 1186/1,16
2520,9992282003601488,https://resolver.libis.be/IE9898939/representation,Royal Library ms.18373-18374,16
2521,9992337086601488,https://resolver.libis.be/IE10717523/representation,KU Leuven Libraries BIBC BRES Ms.375,16
2522,9992345588901488,https://resolver.libis.be/IE10718189/representation,KU Leuven Libraries BIBC BRES Ms.376,16
2523,9992390707301488,https://resolver.libis.be/IE15346288/representation,KU Leuven Libraries BCOL BRES ms.377,16
2524,9992408054301488,https://resolver.libis.be/IE15346324/representation,KU Leuven Libraries BCOL BRES ms.378,16
2525,9992423306701488,https://resolver.libis.be/IE15347422/representation,KU Leuven Libraries BCOL BRES ms.379,16
2526,9992467506901488,https://resolver.libis.be/IE15348861/representation,KU Leuven Libraries BCOL BRES ms.380,16
2527,9992475809401488,https://resolver.libis.be/IE15351984/representation,KU Leuven Libraries BCOL BRES ms.381,16
2528,9992549499201488,https://resolver.libis.be/IE14631605/representation,Royal Library ms.4133,16
2529,9992549879801488,https://resolver.libis.be/IE14636278/representation,Royal Library ms.14557,16
2530,9992549884401488,https://resolver.libis.be/IE14634228/representation,Royal Library ms.11914,16
2531,9992549892801488,https://resolver.libis.be/IE14628761/representation,Royal Library ms.2156,16
2532,9992550090001488,https://resolver.libis.be/IE14641865/representation,Royal Library ms.945,16
2533,9992551509201488,https://resolver.libis.be/IE14648013/representation,Royal Library ms.3328-31,16
2534,9992552106201488,https://resolver.libis.be/IE14644777/representation,Royal Library ms.20897-98,16
2535,9992552206501488,https://resolver.libis.be/IE14643497/representation,Royal Library ms.3515,16
2536,9992553310301488,https://resolver.libis.be/IE14646981/representation,Royal Library ms.22153,16
2537,9992560289301488,https://resolver.libis.be/IE14773064/representation,Royal Library ms.8471-8475,16
2538,9992560779401488,https://resolver.libis.be/IE15353250/representation,KU Leuven Libraries BCOL BRES ms.382,16
2539,9992560883901488,https://resolver.libis.be/IE14771102/representation,Royal Library ms.5794,16
2540,9992565509601488,https://resolver.libis.be/IE15354636/representation,KU Leuven Libraries BCOL BRES ms.384,16
2541,9992573109501488,https://resolver.libis.be/IE15354000/representation,KU Leuven Libraries BCOL BRES ms.383,16
2542,9992685306901488,https://resolver.libis.be/IE16080681/representation,Museum Catharijneconvent BMH SJ h58,16
2543,9992686809401488,https://resolver.libis.be/IE16094896/representation,Abdij van Berne Heeswijk ms.115,16
2544,9992687696801488,https://resolver.libis.be/IE16125271/representation,Abdij van Berne Heeswijk ms.122,16
2545,9992688209301488,https://resolver.libis.be/IE16082021/representation,Museum Catharijneconvent BMH Warm H93H15,16
2546,9992688508901488,https://resolver.libis.be/IE16078881/representation,Museum Catharijneconvent BMH h6,16
2547,9992196008901488,https://resolver.libis.be/IE6823794/representation,Royal Library ms. II 168,16
2548,9992196026501488,https://resolver.libis.be/IE6815814/representation,Royal Library ms. II 740,16
2549,9992196052801488,https://resolver.libis.be/IE6855046/representation,Royal Library ms.  II 737,16
2550,9992197660301488,https://resolver.libis.be/IE6749728/representation,Royal Library ms. II 1036,16
2551,9992197676501488,https://resolver.libis.be/IE6748738/representation,Royal Library ms. II 1245,16
2552,9992197679901488,https://resolver.libis.be/IE6747892/representation,Royal Library ms. II 829/2,16
2553,9992198362701488,https://resolver.libis.be/IE6753406/representation,Royal Library ms. II 2224,16
2554,9992199501501488,https://resolver.libis.be/IE6764146/representation,Royal Library ms. II 3075,16
2555,9992199879701488,https://resolver.libis.be/IE6768298/representation,Royal Library ms. II 3098,16
2556,9992199886201488,https://resolver.libis.be/IE6769804/representation,Royal Library ms. II 3097,16
2557,9992220529701488,https://resolver.libis.be/IE8845963/representation,Royal Library ms. II 3295,16
2558,9992220586401488,https://resolver.libis.be/IE8844259/representation,Royal Library ms. II 3294,16
2559,9992221122401488,https://resolver.libis.be/IE8860309/representation,Royal Library ms. II 3366/11,16
2560,9992221144401488,https://resolver.libis.be/IE8856799/representation,Royal Library ms. II 3366/8,16
2561,9992221146401488,https://resolver.libis.be/IE8855923/representation,Royal Library ms. II 3366/7,16
2562,9992221207001488,https://resolver.libis.be/IE8848939/representation,Royal Library ms. II 3366/1,16
2563,9992221654601488,https://resolver.libis.be/IE8862889/representation,Royal Library ms. II 3368/1,16
2564,9992221691801488,https://resolver.libis.be/IE8857891/representation,Royal Library ms. II 3366/9,16
2565,9992221700601488,https://resolver.libis.be/IE8854813/representation,Royal Library ms. II 3366/6,16
2566,9992221702601488,https://resolver.libis.be/IE8853781/representation,Royal Library ms. II 3366/5,16
2567,9992221747001488,https://resolver.libis.be/IE8858941/representation,Royal Library ms. II 3366/10,16
2568,9992221802901488,https://resolver.libis.be/IE8852335/representation,Royal Library ms. II 3366/4,16
2569,9992221809801488,https://resolver.libis.be/IE8851153/representation,Royal Library ms. II 3366/3,16
2570,9992222391301488,https://resolver.libis.be/IE8861719/representation,Royal Library ms. II 3367,16
2571,9992223573501488,https://resolver.libis.be/IE8870230/representation,Royal Library ms. II 3379,16
2572,9992223582801488,https://resolver.libis.be/IE8867891/representation,Royal Library ms. II 3378,16
2573,9992223592201488,https://resolver.libis.be/IE8867866/representation,Royal Library ms. II 3377,16
2574,9992223598301488,https://resolver.libis.be/IE8867155/representation,Royal Library ms. II 3376,16
2575,9992224291601488,https://resolver.libis.be/IE8872588/representation,Royal Library ms. II 3430/2,16
2576,9992225573501488,https://resolver.libis.be/IE8876368/representation,Royal Library ms. II 3525,16
2577,9992225788701488,https://resolver.libis.be/IE8881846/representation,Royal Library ms. II 3660,16
2578,9992227501701488,https://resolver.libis.be/IE8961799/representation,Royal Library ms. II 4351,16
2579,9992228088701488,https://resolver.libis.be/IE8887522/representation,Royal Library ms. II 4608,16
2580,9992228090401488,https://resolver.libis.be/IE8886382/representation,Royal Library ms. II 4594,16
2581,9992228435401488,https://resolver.libis.be/IE8889454/representation,Royal Library ms. II 4624,16
2582,9992228440101488,https://resolver.libis.be/IE8888656/representation,Royal Library ms. II 4609,16
2583,9992228503301488,https://resolver.libis.be/IE8962663/representation,Royal Library ms. II 4422,16
2584,9992228573401488,https://resolver.libis.be/IE8885098/representation,Royal Library ms. II 4578,16
2585,9992228576901488,https://resolver.libis.be/IE8966982/representation,Royal Library ms. II 4523,16
2586,9992229308001488,https://resolver.libis.be/IE8890222/representation,Royal Library ms. II 4680,16
2587,9992229309201488,https://resolver.libis.be/IE8889874/representation,Royal Library ms. II 4655,16
2588,9992229609401488,https://resolver.libis.be/IE8893708/representation,Royal Library ms. II 4733,16
2589,9992238364601488,https://resolver.libis.be/IE8980583/representation,Royal Library ms. II 4268,16
2590,9992238550601488,https://resolver.libis.be/IE8982245/representation,Royal Library ms. II 4269,16
2591,9992238872201488,https://resolver.libis.be/IE8988314/representation,Royal Library ms. II 4281,16
2592,9992238994801488,https://resolver.libis.be/IE8987156/representation,Royal Library ms. II 4271,16
2593,9992239103601488,https://resolver.libis.be/IE8984780/representation,Royal Library ms. II 4270,16
2594,9992239410501488,https://resolver.libis.be/IE8997088/representation,Royal Library ms. II 5157,16
2595,9992239418601488,https://resolver.libis.be/IE8996132/representation,Royal Library ms. II 5135,16
2596,9992239484301488,https://resolver.libis.be/IE8994455/representation,Royal Library ms. II 4854,16
2597,9992241172901488,https://resolver.libis.be/IE9136986/representation,Royal Library ms. II 5339,16
2598,9992241185901488,https://resolver.libis.be/IE9144857/representation,Royal Library ms. II 5338,16
2599,9992241201701488,https://resolver.libis.be/IE9144455/representation,Royal Library ms. II 5311,16
2600,9992241248401488,https://resolver.libis.be/IE9140046/representation,Royal Library ms. II 5366,16
2601,9992243101701488,https://resolver.libis.be/IE9142608/representation,Royal Library ms. II 5412,16
2602,9992246369501488,https://resolver.libis.be/IE9436368/representation,Royal Library ms. II 5415,16
2603,9992248697801488,https://resolver.libis.be/IE9442652/representation,Royal Library ms. II 5459,16
2604,9992249305001488,https://resolver.libis.be/IE9458310/representation,Royal Library ms. II 5516,16
2605,9992249505501488,https://resolver.libis.be/IE9459054/representation,Royal Library ms. II 5517,16
2606,9992249573501488,https://resolver.libis.be/IE9462633/representation,Royal Library ms. II 5964,16
2607,9992249588801488,https://resolver.libis.be/IE9459984/representation,Royal Library ms. II 5602,16
2608,9992249767001488,https://resolver.libis.be/IE9314416/representation,Royal Library ms. II 7699/1,16
2609,9992249770101488,https://resolver.libis.be/IE9313846/representation,Royal Library ms. II 7346,16
2610,9992249994601488,https://resolver.libis.be/IE9465357/representation,Royal Library ms. II 6284,16
2611,9992250087401488,https://resolver.libis.be/IE9491156/representation,Royal Library ms. II 6933,16
2612,9992250096001488,https://resolver.libis.be/IE9466425/representation,Royal Library ms. II 6649,16
2613,9992251204101488,https://resolver.libis.be/IE9315214/representation,Royal Library ms. II 7699/2,16
2614,9992251595401488,https://resolver.libis.be/IE9315604/representation,Royal Library ms. II 7762,16
2615,9992251672801488,https://resolver.libis.be/IE9328831/representation,Royal Library ms. III 1023,16
2616,9992251687801488,https://resolver.libis.be/IE9320481/representation,Royal Library ms. III 372,16
2617,9992252579401488,https://resolver.libis.be/IE9330307/representation,Royal Library ms. III 1028,16
2618,9992252883301488,https://resolver.libis.be/IE9332407/representation,Royal Library ms. III 1100,16
2619,9992253783001488,https://resolver.libis.be/IE9444716/representation,Royal Library ms. III 1101,16
2620,9992255197101488,https://resolver.libis.be/IE9447662/representation,Royal Library ms. III 1103/2,16
2621,9992256102601488,https://resolver.libis.be/IE9448514/representation,Royal Library ms. III 1103/3,16
2622,9992256589701488,https://resolver.libis.be/IE9453180/representation,Royal Library ms. III 1561,16
2623,9992256608701488,https://resolver.libis.be/IE9451380/representation,Royal Library ms. III 1175,16
2624,9992256704701488,https://resolver.libis.be/IE9451800/representation,Royal Library ms. III 1422,16
2625,9992257274001488,https://resolver.libis.be/IE9456708/representation,Royal Library ms. 8493-8494,16
2626,9992257382701488,https://resolver.libis.be/IE9455352/representation,Royal Library ms. 5837-5838,16
2627,9992258093501488,https://resolver.libis.be/IE9502835/representation,Royal Library ms. 11701,16
2628,9992258097401488,https://resolver.libis.be/IE9502079/representation,Royal Library ms. 11700,16
2629,9992258099101488,https://resolver.libis.be/IE9501323/representation,Royal Library ms. 11698,16
2630,9992258465901488,https://resolver.libis.be/IE9506897/representation,Royal Library ms. 14805,16
2631,9992258476501488,https://resolver.libis.be/IE9506339/representation,Royal Library ms. 14376,16
2632,9992258483101488,https://resolver.libis.be/IE9505229/representation,Royal Library ms. 14244-14248,16
2633,9992258683201488,https://resolver.libis.be/IE9508319/representation,Royal Library ms. 15432-15434,16
2634,9992258806901488,https://resolver.libis.be/IE9503897/representation,Royal Library ms. 11702,16
2635,9992258981901488,https://resolver.libis.be/IE9514193/representation,Royal Library ms. 20986,16
2636,9992258984001488,https://resolver.libis.be/IE9513599/representation,Royal Library ms. 20984,16
2637,9992258985601488,https://resolver.libis.be/IE9512909/representation,Royal Library ms. 20982,16
2638,9992258987101488,https://resolver.libis.be/IE9511823/representation,Royal Library ms. 20981,16
2639,9992259055901488,https://resolver.libis.be/IE9514811/representation,Royal Library ms. 21121,16
2640,9992259306201488,https://resolver.libis.be/IE9509639/representation,Royal Library ms. 18373-18374,16
2641,9992259659001488,https://resolver.libis.be/IE9525225/representation,Royal Library ms. 21899,16
2642,9992259739501488,https://resolver.libis.be/IE9528189/representation,Royal Library ms. 21902,16
2643,9992259762901488,https://resolver.libis.be/IE9524307/representation,Royal Library ms. 21895,16
2644,9992260067701488,https://resolver.libis.be/IE9529929/representation,Royal Library ms. 21905,16
2645,9992260288901488,https://resolver.libis.be/IE9533321/representation,Royal Library ms. 21909,16
2646,9992260295001488,https://resolver.libis.be/IE9532523/representation,Royal Library ms. 21908,16
