Title,fm_id,RecordID,856_u,856_y,project
Physica et metaphysica.,2071,998409340101488,https://resolver.libis.be/IE5741692/representation,KU Leuven Libraries BIBC BRES Ms. 328,17
Logica.,2072,9983677380101488,https://resolver.libis.be/IE5402644/representation,KU Leuven Libraries GBIB GBIB PM0328,17
Physica,2073,9983680640101488,https://resolver.libis.be/IE5146094/representation,KU Leuven Libraries GBIB GBIB PM0325,17
Physica,2074,9983684110101488,https://resolver.libis.be/IE5127222/representation,KU Leuven Libraries GBIB GBIB PM0324,17
Dialectica.,2075,9984692670101488,https://resolver.libis.be/IE5130368/representation,KU Leuven Libraries GBIB GBIB PM0334,17
Logica.,2076,9984806480101488,https://resolver.libis.be/IE5045786/representation,Abdij van Berne Heeswijk Ms. O1,17
Metaphysica.,2077,9984809220101488,https://resolver.libis.be/IE5074686/representation,Abdij van Berne Heeswijk Ms. O2,17
Physica.,2078,9984813000101488,https://resolver.libis.be/IE3580217/representation,Abdij van Berne Heeswijk Ms. K6,17
Logica.,2079,9984817940101488,https://resolver.libis.be/IE5062854/representation,Abdij van Berne Heeswijk Ms. K1,17
Physica.,2080,9984825290101488,https://resolver.libis.be/IE5076811/representation,Abdij van Berne Heeswijk Ms. R2,17
Logica.,2081,9984831760101488,https://resolver.libis.be/IE5073011/representation,Abdij van Berne Heeswijk Ms. K8,17
Dialectica.,2082,9984875010101488,https://resolver.libis.be/IE5071870/representation,Abdij van Berne Heeswijk Ms. 251,17
Mechanica.,2083,9984879010101488,https://resolver.libis.be/IE3555662/representation,Abdij van Berne Heeswijk Ms. R11,17
Physica.,2084,9984882080101488,https://resolver.libis.be/IE5068394/representation,Abdij van Berne Heeswijk Ms. K13,17
Logica.,2085,9984889740101488,https://resolver.libis.be/IE5064739/representation,Abdij van Berne Heeswijk Ms. K14,17
Annotata physicalia.,2086,9984909340101488,https://resolver.libis.be/IE5056624/representation,Abdij van Berne Heeswijk Ms. M9,17
De logica et de sphæra.,2087,9984913130101488,https://resolver.libis.be/IE5054670/representation,Abdij van Berne Heeswijk Ms. K12,17
Logica.,2088,9984915010101488,https://resolver.libis.be/IE5048421/representation,Abdij van Berne Heeswijk Ms. K9,17
Tractatus de sponsalibus et matrimonio.,2089,9984952000101488,https://resolver.libis.be/IE5746366/representation,KU Leuven Libraries BIBC BRES Ms. 350,17
Physica,2090,9985204270101488,https://resolver.libis.be/IE5744754/representation,KU Leuven Libraries BIBC BRES Ms. 349,17
De actibus humanis & legibus.,2091,9985275330101488,https://resolver.libis.be/IE5747126/representation,KU Leuven Libraries BIBC BRES Ms. 351,17
Logica,2092,9985276830101488,https://resolver.libis.be/IE5111751/representation,KU Leuven Libraries BIBC BRES Ms. 352,17
Scripta theologica.,2093,9985449980101488,https://resolver.libis.be/IE5069877/representation,Abdij van Berne Heeswijk Ms. M5,17
Scripta de sacramentis.,2094,9985450340101488,https://resolver.libis.be/IE5052929/representation,Abdij van Berne Heeswijk Ms. F11,17
Physica.,2095,9988171070101488,https://resolver.libis.be/IE5752018/representation,KU Leuven Libraries BIBC BRES Ms. 354,17
Logica.,2096,9988171170101488,https://resolver.libis.be/IE5748294/representation,KU Leuven Libraries BIBC BRES Ms. 353,17
Physica.,2097,9989636720101488,https://resolver.libis.be/IE5755700/representation,KU Leuven Libraries BIBC BRES Ms. 355,17
Collectanea juridica sive Annotationes ad leges diversas.,2098,9989672710101488,https://resolver.libis.be/IE5337894/representation,KU Leuven Libraries BIBC BRES Ms. 312,17
Physica,2099,9990180740101488,https://resolver.libis.be/IE5758512/representation,KU Leuven Libraries BIBC BRES Ms. 356,17
Physica,2100,9991877070101488,https://resolver.libis.be/IE5762184/representation,KU Leuven Libraries BIBC BRES Ms. 361,17
Logica,2101,9992066370101488,https://resolver.libis.be/IE5112496/representation,KU Leuven Libraries BIBC BRES Ms. 357,17
Physica.,2102,9992070040101488,https://resolver.libis.be/IE5759704/representation,KU Leuven Libraries BIBC BRES Ms. 358,17
Physica,2103,9992075290101488,https://resolver.libis.be/IE5760998/representation,KU Leuven Libraries BIBC BRES Ms. 359,17
Logica. Metaphysica,2104,9992112188001488,https://resolver.libis.be/IE5764522/representation,KU Leuven Libraries BIBC BRES Ms. 362,17
Logica,2105,9992119909401488,https://resolver.libis.be/IE5765786/representation,KU Leuven Libraries BIBC BRES Ms. 363,17
Dialectica,2106,9992133084901488,https://resolver.libis.be/IE5172666/representation,Archives de l'Université catholique de Louvain Ms. C24,17
Logica,2107,9992133091401488,https://resolver.libis.be/IE5147700/representation,Archives de l'Université catholique de Louvain Ms. C18,17
Logica,2108,9992133203501488,https://resolver.libis.be/IE5142506/representation,Archives de l'Université catholique de Louvain Ms. C2,17
Dialectica,2109,9992133262401488,https://resolver.libis.be/IE5181068/representation,Archives de l'Université catholique de Louvain Ms. C29,17
Logica,2110,9992133547201488,https://resolver.libis.be/IE5191313/representation,Archives de l'Université catholique de Louvain Ms. C48,17
Dialectica,2111,9992133557801488,https://resolver.libis.be/IE5173576/representation,Archives de l'Université catholique de Louvain Ms. C31,17
Physica. Dialectica,2112,9992133560601488,https://resolver.libis.be/IE5134064/representation,Archives de l'Université catholique de Louvain Ms. C3,17
Logica,2113,9992134347801488,https://resolver.libis.be/IE5252151/representation,Archives de l'Université catholique de Louvain Ms. C86,17
Logica,2114,9992134599601488,https://resolver.libis.be/IE5209411/representation,Archives de l'Université catholique de Louvain Ms. C57,17
Dialectica,2115,9992134603301488,https://resolver.libis.be/IE5208735/representation,Archives de l'Université catholique de Louvain Ms. C50,17
Logica. Metaphysica. Ethica,2116,9992134606101488,https://resolver.libis.be/IE5192913/representation,Archives de l'Université catholique de Louvain Ms. C49,17
Logica,2117,9992134681701488,https://resolver.libis.be/IE5242315/representation,Archives de l'Université catholique de Louvain Ms. C78,17
Ethica. Logica,2118,9992134685601488,https://resolver.libis.be/IE5224935/representation,Archives de l'Université catholique de Louvain Ms. C66,17
Logica,2119,9992134688101488,https://resolver.libis.be/IE5219023/representation,Archives de l'Université catholique de Louvain Ms. C62,17
Dialectica,2120,9992135447901488,https://resolver.libis.be/IE5264858/representation,Archives de l'Université catholique de Louvain Ms. C100,17
Logica,2121,9992135452901488,https://resolver.libis.be/IE5254957/representation,Archives de l'Université catholique de Louvain Ms. C97,17
Dialectica,2122,9992135904101488,https://resolver.libis.be/IE5266302/representation,Archives de l'Université catholique de Louvain Ms. C103,17
Logica,2123,9992135943601488,https://resolver.libis.be/IE5375226/representation,Archives de l'Université catholique de Louvain Ms. C155,17
Logica,2124,9992136072701488,https://resolver.libis.be/IE5294870/representation,Archives de l'Université catholique de Louvain Ms. C171,17
Dialectica,2125,9992136076601488,https://resolver.libis.be/IE5293888/representation,Archives de l'Université catholique de Louvain Ms. C164,17
Logica. Ethica,2126,9992136082201488,https://resolver.libis.be/IE5292636/representation,Archives de l'Université catholique de Louvain Ms. C161,17
Logica,2127,9992136083201488,https://resolver.libis.be/IE5291534/representation,Archives de l'Université catholique de Louvain Ms. C160,17
Logica,2128,9992136085301488,https://resolver.libis.be/IE5290696/representation,Archives de l'Université catholique de Louvain Ms. C159,17
Ethica. Logica,2129,9992136093101488,https://resolver.libis.be/IE5269812/representation,Archives de l'Université catholique de Louvain Ms. C146,17
Logica,2130,9992136094301488,https://resolver.libis.be/IE5263600/representation,Archives de l'Université catholique de Louvain Ms. C145,17
Logica. Ethica,2131,9992136098101488,https://resolver.libis.be/IE5268464/representation,Archives de l'Université catholique de Louvain Ms. C115,17
Logica,2132,9992136105801488,https://resolver.libis.be/IE5267050/representation,Archives de l'Université catholique de Louvain Ms. C110,17
Logica,2133,9992136545901488,https://resolver.libis.be/IE5296026/representation,Archives de l'Université catholique de Louvain Ms. C174,17
Dialectica,2134,9992136798801488,https://resolver.libis.be/IE5297818/representation,Archives de l'Université catholique de Louvain Ms. C179,17
Dialectica,2135,9992136989801488,https://resolver.libis.be/IE5411650/representation,Archives de l'Université catholique de Louvain Ms. C198,17
Dialectica,2136,9992136995601488,https://resolver.libis.be/IE5410608/representation,Archives de l'Université catholique de Louvain Ms. C190,17
Physica,2137,9992137179101488,https://resolver.libis.be/IE5148034/representation,Archives de l'Université catholique de Louvain Ms. C10,17
Questiones et responsa de theologia morali,2138,9992137274701488,https://resolver.libis.be/IE5177276/representation,Archives de l'Université catholique de Louvain Ms. C32,17
Physica,2139,9992137290401488,https://resolver.libis.be/IE5151130/representation,Archives de l'Université catholique de Louvain Ms. C14,17
Physica,2140,9992137296201488,https://resolver.libis.be/IE5150178/representation,Archives de l'Université catholique de Louvain Ms. C12,17
Physica,2141,9992137304801488,https://resolver.libis.be/IE5144442/representation,Archives de l'Université catholique de Louvain Ms. C8,17
Ethica,2142,9992137341201488,https://resolver.libis.be/IE5766552/representation,KU Leuven Libraries BIBC BRES Ms. 364,17
Physica. Metaphysica,2143,9992138591301488,https://resolver.libis.be/IE5136228/representation,Archives de l'Université catholique de Louvain Ms. C4,17
De actibus humanis II,2144,9992139602401488,https://resolver.libis.be/IE5206937/representation,Archives de l'Université catholique de Louvain Ms. C47,17
Digesta. Quaestiones pro tentamine in 50 libros digestorum,2145,9992139683501488,https://resolver.libis.be/IE5214043/representation,Archives de l'Université catholique de Louvain Ms. C56,17
Digesta. Libri I-VIII,2146,9992139685401488,https://resolver.libis.be/IE5212515/representation,Archives de l'Université catholique de Louvain Ms. C55,17
Physica,2147,9992139924001488,https://resolver.libis.be/IE5247409/representation,Archives de l'Université catholique de Louvain Ms. C72,17
Physica,2148,9992140105701488,https://resolver.libis.be/IE5217237/representation,Archives de l'Université catholique de Louvain Ms. C59,17
Metaphysica,2149,9992140106801488,https://resolver.libis.be/IE5216009/representation,Archives de l'Université catholique de Louvain Ms. C58,17
Physica,2150,9992140134901488,https://resolver.libis.be/IE5251043/representation,Archives de l'Université catholique de Louvain Ms. C77,17
Physica,2151,9992140181501488,https://resolver.libis.be/IE5244227/representation,Archives de l'Université catholique de Louvain Ms. C70,17
Arithmetica. Geometria,2152,9992140182701488,https://resolver.libis.be/IE5226019/representation,Archives de l'Université catholique de Louvain Ms. C68,17
Physica,2153,9992140188701488,https://resolver.libis.be/IE5220005/representation,Archives de l'Université catholique de Louvain Ms. C64,17
Ethica,2154,9992140195101488,https://resolver.libis.be/IE5220849/representation,Archives de l'Université catholique de Louvain Ms. C60,17
Physica,2155,9992140338901488,https://resolver.libis.be/IE5256125/representation,Archives de l'Université catholique de Louvain Ms. C84,17
Physica,2156,9992140339801488,https://resolver.libis.be/IE5257003/representation,Archives de l'Université catholique de Louvain Ms. C82,17
Physca,2157,9992140340101488,https://resolver.libis.be/IE5256513/representation,Archives de l'Université catholique de Louvain Ms. C80,17
Metaphysica,2158,9992140348301488,https://resolver.libis.be/IE5249565/representation,Archives de l'Université catholique de Louvain Ms. C76,17
Physica. Metaphysica,2159,9992140588701488,https://resolver.libis.be/IE5245371/representation,Archives de l'Université catholique de Louvain Ms. C75,17
Physica,2160,9992140593401488,https://resolver.libis.be/IE5249965/representation,Archives de l'Université catholique de Louvain Ms. C74,17
De sacramentis,2161,9992146148901488,https://resolver.libis.be/IE5276000/representation,Archives de l'Université catholique de Louvain Ms. C114,17
Physica,2162,9992146151501488,https://resolver.libis.be/IE5327118/representation,Archives de l'Université catholique de Louvain Ms. C112,17
Physiologiae tractatus,2163,9992146292801488,https://resolver.libis.be/IE5272734/representation,Archives de l'Université catholique de Louvain Ms. C109,17
Classia nutrientium,2164,9992146296101488,https://resolver.libis.be/IE5274910/representation,Archives de l'Université catholique de Louvain Ms. C107,17
Physica,2165,9992146318201488,https://resolver.libis.be/IE5281856/representation,Archives de l'Université catholique de Louvain Ms. C149,17
Physica,2166,9992146321001488,https://resolver.libis.be/IE5280958/representation,Archives de l'Université catholique de Louvain Ms. C148,17
Metaphysica,2167,9992146323901488,https://resolver.libis.be/IE5280120/representation,Archives de l'Université catholique de Louvain Ms. C147,17
Commentarius ad Decretales Gregorii IX [III],2168,9992146339701488,https://resolver.libis.be/IE5277528/representation,Archives de l'Université catholique de Louvain Ms. C140,17
Commentarius ad Decretales Gregorii IX [II],2169,9992146342401488,https://resolver.libis.be/IE5274300/representation,Archives de l'Université catholique de Louvain Ms. C139,17
Commentarius ad Decretales Gregorii IX [I],2170,9992146344901488,https://resolver.libis.be/IE5273354/representation,Archives de l'Université catholique de Louvain Ms. C138,17
Metaphysica,2171,998161350101488,https://resolver.libis.be/IE5108288/representation,KU Leuven Libraries BIBC BRES Ms. 273,17
Logica.,2172,998296080101488,https://resolver.libis.be/IE5007733/representation,KU Leuven Libraries BIBC BRES Ms. 236,17
De poësi lyrica. Themata rhetoricae. Quaestiones De cathecismo.,2173,9911058340101488,https://resolver.libis.be/IE5347184/representation,KU Leuven Libraries BIBC BRES Ms. 333,17
Logica,2174,9914031280101488,https://resolver.libis.be/IE5085103/representation,KU Leuven Libraries BIBC BRES Ms. 241,17
Logica,2175,9915089830101488,https://resolver.libis.be/IE5099049/representation,KU Leuven Libraries BIBC BRES Ms. 267,17
Physica,2176,9922121260101488,https://resolver.libis.be/IE5739534/representation,KU Leuven Libraries BIBC BRES Ms. 332,17
Logica,2177,9922947680101488,https://resolver.libis.be/IE5157292/representation,KU Leuven Libraries BIBC BRES Ms. 251,17
Physica,2178,9927563330101488,https://resolver.libis.be/IE5345610/representation,KU Leuven Libraries BIBC BRES Ms. 327,17
Physica,2179,9932447570101488,https://resolver.libis.be/IE5158097/representation,KU Leuven Libraries BIBC BRES Ms. 252,17
Physica,2180,9937199870101488,https://resolver.libis.be/IE5159841/representation,KU Leuven Libraries BIBC BRES Ms. 253,17
Metaphysica.,2181,9977253760101488,https://resolver.libis.be/IE4992202/representation,KU Leuven Libraries BIBC BRES Ms. 214,17
Logica,2182,9977254090101488,https://resolver.libis.be/IE4986271/representation,KU Leuven Libraries BIBC BRES Ms. 215,17
Physica,2183,9977262400101488,https://resolver.libis.be/IE4995530/representation,KU Leuven Libraries BIBC BRES Ms. 216,17
Physica,2184,9977262940101488,https://resolver.libis.be/IE4993619/representation,KU Leuven Libraries BIBC BRES Ms. 217,17
Physica,2185,9977263370101488,https://resolver.libis.be/IE4994682/representation,KU Leuven Libraries BIBC BRES Ms. 218,17
Physica,2186,9977263640101488,https://resolver.libis.be/IE4995145/representation,KU Leuven Libraries BIBC BRES Ms. 219,17
Physica,2187,9977265180101488,https://resolver.libis.be/IE4999384/representation,KU Leuven Libraries BIBC BRES Ms. 220,17
Physica,2188,9977265700101488,https://resolver.libis.be/IE4999967/representation,KU Leuven Libraries BIBC BRES Ms. 221,17
Physica,2189,9977266570101488,https://resolver.libis.be/IE5000490/representation,KU Leuven Libraries BIBC BRES Ms. 222,17
Metaphysica.,2190,9977279820101488,https://resolver.libis.be/IE5005367/representation,KU Leuven Libraries BIBC BRES Ms. 223,17
Logica.,2191,9977279980101488,https://resolver.libis.be/IE4977576/representation,KU Leuven Libraries BIBC BRES Ms. 203,17
Physica,2192,9977310530101488,https://resolver.libis.be/IE5001517/representation,KU Leuven Libraries BIBC BRES Ms. 224,17
Metaphysica.,2193,9977312870101488,https://resolver.libis.be/IE5002076/representation,KU Leuven Libraries BIBC BRES Ms. 225,17
Metaphysica,2194,9977313230101488,https://resolver.libis.be/IE4976399/representation,KU Leuven Libraries BIBC BRES Ms. 202,17
Logica.,2195,9977344860101488,https://resolver.libis.be/IE4923148/representation,KU Leuven Libraries BIBC BRES Ms. 201,17
Physica,2196,9977348420101488,https://resolver.libis.be/IE4996461/representation,KU Leuven Libraries BIBC BRES Ms. 212,17
Physica,2197,9977372040101488,https://resolver.libis.be/IE5009600/representation,KU Leuven Libraries BIBC BRES Ms. 230,17
Physica.,2198,9977373610101488,https://resolver.libis.be/IE5010417/representation,KU Leuven Libraries BIBC BRES Ms. 231,17
Physica,2199,9977426430101488,https://resolver.libis.be/IE5013965/representation,KU Leuven Libraries BIBC BRES Ms. 232,17
Physica,2200,9977440210101488,https://resolver.libis.be/IE4990089/representation,KU Leuven Libraries BIBC BRES Ms. 213,17
Metaphysica. Physica.,2201,9977449110101488,https://resolver.libis.be/IE5003416/representation,KU Leuven Libraries BIBC BRES Ms. 229,17
Logica,2202,9977468650101488,https://resolver.libis.be/IE5005938/representation,KU Leuven Libraries BIBC BRES Ms. 233,17
Physica,2203,9977481560101488,https://resolver.libis.be/IE5014908/representation,KU Leuven Libraries BIBC BRES Ms. 234,17
Metaphysica,2204,9977521810101488,https://resolver.libis.be/IE5090549/representation,KU Leuven Libraries BIBC BRES Ms. 240,17
Metaphysica. Physica.,2205,9977549140101488,https://resolver.libis.be/IE4987988/representation,KU Leuven Libraries BIBC BRES Ms. 211,17
Metaphysica,2206,9977590330101488,https://resolver.libis.be/IE5002713/representation,KU Leuven Libraries BIBC BRES Ms. 227,17
Logica,2207,9977608360101488,https://resolver.libis.be/IE5086880/representation,KU Leuven Libraries BIBC BRES Ms. 242,17
Physica.,2208,9977620970101488,https://resolver.libis.be/IE5091702/representation,KU Leuven Libraries BIBC BRES Ms. 243,17
Logica,2209,9977638180101488,https://resolver.libis.be/IE5087871/representation,KU Leuven Libraries BIBC BRES Ms. 244,17
Logica. Ethica.,2210,9977654930101488,https://resolver.libis.be/IE5089462/representation,KU Leuven Libraries BIBC BRES Ms. 245,17
Physica,2211,9977672720101488,https://resolver.libis.be/IE5094345/representation,KU Leuven Libraries BIBC BRES Ms. 246,17
Physica,2212,9977675380101488,https://resolver.libis.be/IE5093257/representation,KU Leuven Libraries BIBC BRES Ms. 247,17
Physica,2213,9977686300101488,https://resolver.libis.be/IE5093720/representation,KU Leuven Libraries BIBC BRES Ms. 248,17
Commentarius in partem primam S. Thomae.,2214,9977720580101488,https://resolver.libis.be/IE5160691/representation,KU Leuven Libraries BIBC BRES Ms. 254,17
"Tractatus de sacramentis in genere, de baptismo et de confirmatione.",2215,9977731120101488,https://resolver.libis.be/IE5162309/representation,KU Leuven Libraries BIBC BRES Ms. 255,17
Physica. Metaphysica,2216,9977739730101488,https://resolver.libis.be/IE5165233/representation,KU Leuven Libraries BIBC BRES Ms. 257,17
Physica,2217,9977764740101488,https://resolver.libis.be/IE5169069/representation,KU Leuven Libraries BIBC BRES Ms. 259,17
Physica,2218,9977783060101488,https://resolver.libis.be/IE5011372/representation,KU Leuven Libraries BIBC BRES Ms. 238,17
Physica,2219,9977786480101488,https://resolver.libis.be/IE5162847/representation,KU Leuven Libraries BIBC BRES Ms. 256,17
Logica. Metaphysica,2220,9977803120101488,https://resolver.libis.be/IE5094986/representation,KU Leuven Libraries BIBC BRES Ms. 260,17
Logica.,2221,9978955270101488,https://resolver.libis.be/IE5155161/representation,KU Leuven Libraries BIBC BRES Ms. 250,17
Physica,2222,9978968940101488,https://resolver.libis.be/IE5167313/representation,KU Leuven Libraries BIBC BRES Ms. 258,17
Physica,2223,9978981200101488,https://resolver.libis.be/IE5100454/representation,KU Leuven Libraries BIBC BRES Ms. 262,17
Physica,2224,9978990300101488,https://resolver.libis.be/IE5102492/representation,KU Leuven Libraries BIBC BRES Ms. 263,17
Physica,2225,9979601780101488,https://resolver.libis.be/IE5103492/representation,KU Leuven Libraries BIBC BRES Ms. 264,17
Physica,2226,9979740960101488,https://resolver.libis.be/IE5104204/representation,KU Leuven Libraries BIBC BRES Ms. 265,17
Physica,2227,9979742740101488,https://resolver.libis.be/IE5107612/representation,KU Leuven Libraries BIBC BRES Ms. 266,17
Physica. Metaphysica,2228,9979901050101488,https://resolver.libis.be/IE5154323/representation,KU Leuven Libraries BIBC BRES Ms. 270,17
Physica,2229,9979911060101488,https://resolver.libis.be/IE5106066/representation,KU Leuven Libraries BIBC BRES Ms. 268,17
Physica,2230,9979915920101488,https://resolver.libis.be/IE5105228/representation,KU Leuven Libraries BIBC BRES Ms. 269,17
Physica,2231,9979944780101488,https://resolver.libis.be/IE5221339/representation,KU Leuven Libraries BIBC BRES Ms. 272,17
Logica,2232,9979964850101488,https://resolver.libis.be/IE5109346/representation,KU Leuven Libraries BIBC BRES Ms. 280,17
Ethica,2233,9979967470101488,https://resolver.libis.be/IE5282976/representation,KU Leuven Libraries BIBC BRES Ms. 281,17
Physica,2234,9979976860101488,https://resolver.libis.be/IE5283974/representation,KU Leuven Libraries BIBC BRES Ms. 284,17
Physica,2235,9979977170101488,https://resolver.libis.be/IE5283394/representation,KU Leuven Libraries BIBC BRES Ms. 285,17
Physica,2236,9979977270101488,https://resolver.libis.be/IE9588245/representation,KU Leuven Libraries BIBC BRES Ms. 286,17
Physica,2237,9979988900101488,https://resolver.libis.be/IE9590417/representation,KU Leuven Libraries BIBC BRES Ms. 289,17
Physica,2238,9980006270101488,https://resolver.libis.be/IE5337182/representation,KU Leuven Libraries BIBC BRES Ms. 293,17
Logica. Metaphysica,2239,9980044110101488,https://resolver.libis.be/IE5110535/representation,KU Leuven Libraries BIBC BRES Ms. 301,17
Dialectica.,2240,9980058550101488,https://resolver.libis.be/IE5113283/representation,KU Leuven Libraries BIBC BRES Ms. 304,17
Physica,2241,9980080650101488,https://resolver.libis.be/IE5351908/representation,KU Leuven Libraries BIBC BRES Ms. 338,17
Logica.,2242,9980108010101488,https://resolver.libis.be/IE5114094/representation,KU Leuven Libraries BIBC BRES Ms. 309,17
Logica,2243,9980131450101488,https://resolver.libis.be/IE5117286/representation,KU Leuven Libraries BIBC BRES Ms. 317,17
Physica,2244,9980135760101488,https://resolver.libis.be/IE5339950/representation,KU Leuven Libraries BIBC BRES Ms. 320,17
Physica,2245,9980147460101488,https://resolver.libis.be/IE5341076/representation,KU Leuven Libraries BIBC BRES Ms. 323,17
Physica,2246,9980151480101488,https://resolver.libis.be/IE5343274/representation,KU Leuven Libraries BIBC BRES Ms. 325,17
Physica,2247,9980167940101488,https://resolver.libis.be/IE5344112/representation,KU Leuven Libraries BIBC BRES Ms. 326,17
Physica,2248,9980179140101488,https://resolver.libis.be/IE5740926/representation,KU Leuven Libraries BIBC BRES Ms. 329,17
Physica,2249,9980180330101488,https://resolver.libis.be/IE5346208/representation,KU Leuven Libraries BIBC BRES Ms. 330,17
Physica,2250,9980184590101488,https://resolver.libis.be/IE5738300/representation,KU Leuven Libraries BIBC BRES Ms. 331,17
Physica,2251,9980204150101488,https://resolver.libis.be/IE5348220/representation,KU Leuven Libraries BIBC BRES Ms. 334,17
Physica,2252,9980205280101488,https://resolver.libis.be/IE5348884/representation,KU Leuven Libraries BIBC BRES Ms. 335,17
Physica,2253,9980783110101488,https://resolver.libis.be/IE5350208/representation,KU Leuven Libraries BIBC BRES Ms. 336,17
Physica,2254,9981080110101488,https://resolver.libis.be/IE5342286/representation,KU Leuven Libraries BIBC BRES Ms. 324,17
Physica,2255,9981133530101488,https://resolver.libis.be/IE5350686/representation,KU Leuven Libraries BIBC BRES Ms. 337,17
Metaphysica,2256,9983088940101488,https://resolver.libis.be/IE5352962/representation,KU Leuven Libraries BIBC BRES Ms. 339,17
Physica,2257,9983089150101488,https://resolver.libis.be/IE5352972/representation,KU Leuven Libraries BIBC BRES Ms. 340,17
Dialectica.,2258,9983091750101488,https://resolver.libis.be/IE5352982/representation,KU Leuven Libraries BIBC BRES Ms. 341,17
Tractatus de actibus humanis.,2259,9983125730101488,https://resolver.libis.be/IE5354054/representation,KU Leuven Libraries BIBC BRES Ms. 342,17
Tractatus de actibus humanis peccatis et legibus.,2260,9983127850101488,https://resolver.libis.be/IE5740862/representation,KU Leuven Libraries BIBC BRES Ms. 344,17
Tractatus de matrimonio. Tractatus de jure et justitia.,2261,9983137190101488,https://resolver.libis.be/IE5740834/representation,KU Leuven Libraries BIBC BRES Ms. 343,17
Questiones iuris civilis pro examine baccalaureatûs.,2262,9983141220101488,https://resolver.libis.be/IE5744168/representation,KU Leuven Libraries BIBC BRES Ms. 347,17
Prosecutio præcedentis materiæ scilicet Exemplorum Scripturæ Sacræ.,2263,9983142560101488,https://resolver.libis.be/IE5374034/representation,KU Leuven Libraries BIBC BRES Ms. 348,17
Dialectica.,2264,9983524100101488,https://resolver.libis.be/IE5126528/representation,KU Leuven Libraries GBIB GBIB PM0478,17
De philosophia.,2265,9983528950101488,https://resolver.libis.be/IE5131806/representation,KU Leuven Libraries GBIB GBIB PM0479,17
Physica,2266,9983532560101488,https://resolver.libis.be/IE5082018/representation,KU Leuven Libraries GBIB GBIB PM0026/V ,17
Logica.,2267,9983686250101488,https://resolver.libis.be/IE10106644/representation,KU Leuven Libraries GBIB GBIB PM0326,17
Logica.,2268,9983694770101488,https://resolver.libis.be/IE5401008/representation,KU Leuven Libraries GBIB GBIB PM0327,17
Dialectica.,2269,9983697900101488,https://resolver.libis.be/IE5133118/representation,KU Leuven Libraries GBIB GBIB PM0024/Q,17
Physica.,2270,9983730050101488,https://resolver.libis.be/IE5016926/representation,KU Leuven Libraries BIBC BRES Ms. 239,17
Annotationes in paratitla in quinquaginta libros digestorum authore Claudio de Ferriere scripta. Lovanii anno 1770,2271,9992137275801488,https://resolver.libis.be/IE5176732/representation,Archives de l'Université catholique de Louvain Ms. C30,17
Philosophia. Metaphysica,2272,9992137277301488,https://resolver.libis.be/IE5174754/representation,Archives de l'Université catholique de Louvain Ms. C28,17
Physica,2273,9992137297401488,https://resolver.libis.be/IE5149718/representation,Archives de l'Université catholique de Louvain Ms. C11,17
Physica,2274,9992137306701488,https://resolver.libis.be/IE5140330/representation,Archives de l'Université catholique de Louvain Ms. C6,17
Chirurgia,2275,9992138104001488,https://resolver.libis.be/IE5178432/representation,Archives de l'Université catholique de Louvain Ms. C34,17
Tractatus de jure et justitia II,2276,9992138481501488,https://resolver.libis.be/IE5195495/representation,Archives de l'Université catholique de Louvain Ms. C41,17
Tractatus de jure et justitia I,2277,9992138492101488,https://resolver.libis.be/IE5193985/representation,Archives de l'Université catholique de Louvain Ms. C40,17
Tractatus theologici De peccatis et gratia II,2278,9992138495301488,https://resolver.libis.be/IE5173586/representation,Archives de l'Université catholique de Louvain Ms. C39,17
Tractatus theologici De peccatis et gratia I,2279,9992138497301488,https://resolver.libis.be/IE5179228/representation,Archives de l'Université catholique de Louvain Ms. C38,17
Tractatus de sacramentis III,2280,9992138587401488,https://resolver.libis.be/IE5200769/representation,Archives de l'Université catholique de Louvain Ms. C44,17
Tractatus de sacramentis II,2281,9992138587901488,https://resolver.libis.be/IE5198881/representation,Archives de l'Université catholique de Louvain Ms. C43,17
Tractatus de sacramentis I,2282,9992138589201488,https://resolver.libis.be/IE5197395/representation,Archives de l'Université catholique de Louvain Ms. C42,17
De actibus humanis I,2283,9992139603401488,https://resolver.libis.be/IE5205421/representation,Archives de l'Université catholique de Louvain Ms. C46,17
Tractatus de incarnatione,2284,9992139606101488,https://resolver.libis.be/IE5202849/representation,Archives de l'Université catholique de Louvain Ms. C45,17
Physica,2285,9992139690401488,https://resolver.libis.be/IE5210981/representation,Archives de l'Université catholique de Louvain Ms. C54,17
Ethica,2286,9992140603301488,https://resolver.libis.be/IE5249171/representation,Archives de l'Université catholique de Louvain Ms. C73,17
Physica. Metaphysica,2287,9992141305401488,https://resolver.libis.be/IE5262096/representation,Archives de l'Université catholique de Louvain Ms. C96,17
Physica,2288,9992141306501488,https://resolver.libis.be/IE5260040/representation,Archives de l'Université catholique de Louvain Ms. C95,17
De contractibus,2289,9992146146201488,https://resolver.libis.be/IE5273254/representation,Archives de l'Université catholique de Louvain Ms. C116,17
Praxis medica II,2290,9992146194901488,https://resolver.libis.be/IE5271238/representation,Archives de l'Université catholique de Louvain Ms. C106,17
Praxis medica I,2291,9992146198201488,https://resolver.libis.be/IE5326106/representation,Archives de l'Université catholique de Louvain Ms. C105,17
Chemia tractatus,2292,9992146295001488,https://resolver.libis.be/IE5272250/representation,Archives de l'Université catholique de Louvain Ms. C108,17
Commentarius ad Decretales Gregorii IX [IV],2293,9992146339101488,https://resolver.libis.be/IE5278336/representation,Archives de l'Université catholique de Louvain Ms. C141,17
Physica. Metaphysica,2294,9992146706401488,https://resolver.libis.be/IE5278976/representation,Archives de l'Université catholique de Louvain Ms. C144,17
Physica,2295,9992146848801488,https://resolver.libis.be/IE5301474/representation,Archives de l'Université catholique de Louvain Ms. C162,17
Physica,2296,9992146857301488,https://resolver.libis.be/IE5300408/representation,Archives de l'Université catholique de Louvain Ms. C158,17
Physica,2297,9992146860001488,https://resolver.libis.be/IE5299918/representation,Archives de l'Université catholique de Louvain Ms. C156,17
Physica,2298,9992146985601488,https://resolver.libis.be/IE5299212/representation,Archives de l'Université catholique de Louvain Ms. C151,17
Physica,2299,9992146988901488,https://resolver.libis.be/IE5298104/representation,Archives de l'Université catholique de Louvain Ms. C150,17
Physica,2300,9992147495401488,https://resolver.libis.be/IE5302768/representation,Archives de l'Université catholique de Louvain Ms. C163,17
Physica. Metaphysica,2301,9992147782501488,https://resolver.libis.be/IE5303942/representation,Archives de l'Université catholique de Louvain Ms. C165,17
Physica,2302,9992148064401488,https://resolver.libis.be/IE5309226/representation,Archives de l'Université catholique de Louvain Ms. C169,17
Physica,2303,9992148090201488,https://resolver.libis.be/IE5308346/representation,Archives de l'Université catholique de Louvain Ms. C168,17
Physica,2304,9992148095901488,https://resolver.libis.be/IE5306562/representation,Archives de l'Université catholique de Louvain Ms. C167,17
Physica,2305,9992148600301488,https://resolver.libis.be/IE5311706/representation,Archives de l'Université catholique de Louvain Ms. C176,17
Physica,2306,9992148605801488,https://resolver.libis.be/IE5307748/representation,Archives de l'Université catholique de Louvain Ms. C172,17
Physica,2307,9992148802601488,https://resolver.libis.be/IE5310076/representation,Archives de l'Université catholique de Louvain Ms. C175,17
Syntaxis,2308,9992149102601488,https://resolver.libis.be/IE5314288/representation,Archives de l'Université catholique de Louvain Ms. C178,17
Grammatica,2309,9992149105901488,https://resolver.libis.be/IE5313522/representation,Archives de l'Université catholique de Louvain Ms. C177,17
Physica,2310,9992149165001488,https://resolver.libis.be/IE5415858/representation,Archives de l'Université catholique de Louvain Ms. C195,17
Quæstiones variæ theologicæ,2311,9992149168001488,https://resolver.libis.be/IE5414774/representation,Archives de l'Université catholique de Louvain Ms. C194,17
Series quaestionum,2312,9992149485801488,https://resolver.libis.be/IE5414134/representation,Archives de l'Université catholique de Louvain Ms. C193,17
Physica. Metaphysica,2313,9992149490701488,https://resolver.libis.be/IE5412840/representation,Archives de l'Université catholique de Louvain Ms. C192,17
Ethica,2314,9992149495501488,https://resolver.libis.be/IE5412248/representation,Archives de l'Université catholique de Louvain Ms. C191,17
Physica,2315,9992150599201488,https://resolver.libis.be/IE5328854/representation,Archives de l'Université catholique de Louvain Ms. C202,17
Ethica,2316,9992150601501488,https://resolver.libis.be/IE5328010/representation,Archives de l'Université catholique de Louvain Ms. C201,17
Physica,2317,9992150904801488,https://resolver.libis.be/IE5333790/representation,Archives de l'Université catholique de Louvain Ms. C203,17
Physica,2318,9992150960001488,https://resolver.libis.be/IE5329980/representation,Archives de l'Université catholique de Louvain Ms. C205,17
Physica,2319,9992150970801488,https://resolver.libis.be/IE5335240/representation,Archives de l'Université catholique de Louvain Ms. C204,17
Physica,2320,9992151397201488,https://resolver.libis.be/IE5332262/representation,Archives de l'Université catholique de Louvain Ms. C209,17
Physica,2321,9992151405501488,https://resolver.libis.be/IE5331148/representation,Archives de l'Université catholique de Louvain Ms. C207,17
Physica,2322,9992151606301488,https://resolver.libis.be/IE5315168/representation,Archives de l'Université catholique de Louvain Ms. C210,17
Physica,2323,9992204604701488,https://resolver.libis.be/IE6772072/representation,Royal Library ms. II 3106,17
Physica,2324,9992206993601488,https://resolver.libis.be/IE9148133/representation,copy from private collection,17
Physica,2325,9992207401401488,https://resolver.libis.be/IE9153073/representation,copy from private collection,17
Physica,2326,9992219790001488,https://resolver.libis.be/IE8842669/representation,Royal Library ms. II 3292,17
Physica et metaphysica,2327,9992220680601488,https://resolver.libis.be/IE8847115/representation,Royal Library ms. II 3352,17
Logica,2328,9992221202401488,https://resolver.libis.be/IE8849989/representation,Royal Library ms. II 3366/2,17
Physica,2329,9992221650701488,https://resolver.libis.be/IE8864845/representation,Royal Library ms. II 3368/2,17
Physica,2330,9992224302001488,https://resolver.libis.be/IE8868838/representation,Royal Library ms. II 3430/1,17
Dialectica,2331,9992225262401488,https://resolver.libis.be/IE8875666/representation,Royal Library ms. II 3479,17
Logica,2332,9992225265001488,https://resolver.libis.be/IE8878348/representation,Royal Library ms. II 3444,17
Physica,2333,9992225292301488,https://resolver.libis.be/IE8874160/representation,Royal Library ms. II 3438,17
Physica,2334,9992225666501488,https://resolver.libis.be/IE8877106/representation,Royal Library ms. II 3532,17
Physica,2335,9992225787101488,https://resolver.libis.be/IE8956414/representation,Royal Library ms. II 3698,17
Logica,2336,9992225794601488,https://resolver.libis.be/IE8882644/representation,Royal Library ms. II 3595,17
Physica,2337,9992227193601488,https://resolver.libis.be/IE8958856/representation,Royal Library ms. II 3703,17
Logica,2338,9992228007701488,https://resolver.libis.be/IE8964870/representation,Royal Library ms. II 4352,17
Dialectica,2339,9992228103501488,https://resolver.libis.be/IE8963766/representation,Royal Library ms. II 4480,17
Physica,2340,9992228433301488,https://resolver.libis.be/IE8890846/representation,Royal Library ms. II 4645,17
Dialectica,2341,9992229610001488,https://resolver.libis.be/IE8892622/representation,Royal Library ms. II 4732,17
Physica,2342,9992238865401488,https://resolver.libis.be/IE8988728/representation,Royal Library ms. II 4284,17
Dialectica,2343,9992238965901488,https://resolver.libis.be/IE8989424/representation,Royal Library ms. II 4285,17
Logica,2344,9992238992201488,https://resolver.libis.be/IE8989789/representation,Royal Library ms. II 4272,17
Physica,2345,9992239494301488,https://resolver.libis.be/IE8992832/representation,Royal Library ms. II 4765,17
Physica,2346,9992239531301488,https://resolver.libis.be/IE9001138/representation,Royal Library ms. II 5167,17
Logica,2347,9992239580201488,https://resolver.libis.be/IE8996806/representation,Royal Library ms. II 5056,17
Physica,2348,9992241006701488,https://resolver.libis.be/IE9143873/representation,Royal Library ms. II 5233,17
Physica,2349,9992241391701488,https://resolver.libis.be/IE9138972/representation,Royal Library ms. II 5342,17
Logica,2350,9992241898401488,https://resolver.libis.be/IE9141894/representation,Royal Library ms. II 5411,17
Physica,2351,9992242003001488,https://resolver.libis.be/IE9140862/representation,Royal Library ms. II 5380,17
Logica,2352,9992246345201488,https://resolver.libis.be/IE9488786/representation,Royal Library ms. II 5419,17
Physica,2353,9992246804101488,https://resolver.libis.be/IE9437046/representation,Royal Library ms. II 5422,17
Logica,2354,9992246897201488,https://resolver.libis.be/IE9438488/representation,Royal Library ms. II 5426,17
Physica,2355,9992247586101488,https://resolver.libis.be/IE9440876/representation,Royal Library ms. II 5444,17
Logica,2356,9992249564201488,https://resolver.libis.be/IE9463851/representation,Royal Library ms. II 6281,17
Repetitio medica : de intermittentius /,2357,9992251605601488,https://resolver.libis.be/IE9315346/representation,Royal Library ms. II 7699/3,17
Physica,2358,9992253682801488,https://resolver.libis.be/IE9543803/representation,Royal Library ms. III 1102,17
Physica,2359,9992254699401488,https://resolver.libis.be/IE9446666/representation,Royal Library ms. III 1103/1,17
Logica,2360,9992257388201488,https://resolver.libis.be/IE9454080/representation,Royal Library ms. 3487-3490,17
Physica,2361,9992259064001488,https://resolver.libis.be/IE9514763/representation,Royal Library ms. 20987,17
Logica,2362,9992259094501488,https://resolver.libis.be/IE9509750/representation,Royal Library ms. 19376,17
Physica,2363,9992259486801488,https://resolver.libis.be/IE9514865/representation,Royal Library ms. 21126,17
Physica,2364,9992259488401488,https://resolver.libis.be/IE9516317/representation,Royal Library ms. 21127,17
Metaphysica,2365,9992259680001488,https://resolver.libis.be/IE9523479/representation,Royal Library ms. 21894,17
Physica,2366,9992259682901488,https://resolver.libis.be/IE9523083/representation,Royal Library ms. 21615,17
Physica,2367,9992259740301488,https://resolver.libis.be/IE9527463/representation,Royal Library ms. 21901,17
Physica,2368,9992259742801488,https://resolver.libis.be/IE9526737/representation,Royal Library ms. 21900,17
Physica,2369,9992260073401488,https://resolver.libis.be/IE9528843/representation,Royal Library ms. 21903,17
Logica,2370,9992260297901488,https://resolver.libis.be/IE9530745/representation,Royal Library ms. 21907,17
Physica,2371,998150740101488,https://resolver.libis.be/IE5016031/representation,KU Leuven Libraries BIBC BRES Ms. 235,17
Ethica. Physica,2372,998151430101488,https://resolver.libis.be/IE9923525/representation,KU Leuven Libraries BIBC BRES Ms. 367,17
Logica.,2373,9918340830101488,https://resolver.libis.be/IE5115254/representation,KU Leuven Libraries BIBC BRES Ms. 310,17
Physica,2374,9922526250101488,https://resolver.libis.be/IE9612403/representation,KU Leuven Libraries BIBC BRES Ms. 322,17
Physica,2375,9922906810101488,https://resolver.libis.be/IE9611362/representation,KU Leuven Libraries BIBC BRES Ms. 321,17
Physica,2376,9932490870101488,https://resolver.libis.be/IE9601411/representation,KU Leuven Libraries BIBC BRES Ms. 300,17
Physica,2377,9974819880101488,https://resolver.libis.be/IE9599695/representation,KU Leuven Libraries BIBC BRES Ms. 299,17
Physica.,2378,9979902360101488,https://resolver.libis.be/IE9586277/representation,KU Leuven Libraries BIBC BRES Ms. 271,17
Physica,2379,9979974500101488,https://resolver.libis.be/IE9585713/representation,KU Leuven Libraries BIBC BRES Ms. 282,17
Physica,2380,9979975230101488,https://resolver.libis.be/IE9587615/representation,KU Leuven Libraries BIBC BRES Ms. 283,17
Metaphysica.,2381,9979979380101488,https://resolver.libis.be/IE9588587/representation,KU Leuven Libraries BIBC BRES Ms. 287,17
Physica,2382,9979980370101488,https://resolver.libis.be/IE9589349/representation,KU Leuven Libraries BIBC BRES Ms. 288,17
Physica,2383,9979991410101488,https://resolver.libis.be/IE9591155/representation,KU Leuven Libraries BIBC BRES Ms. 290,17
Physica,2384,9979994270101488,https://resolver.libis.be/IE9594235/representation,KU Leuven Libraries BIBC BRES Ms. 291,17
Physica,2385,9979996150101488,https://resolver.libis.be/IE9594871/representation,KU Leuven Libraries BIBC BRES Ms. 292,17
Physica,2386,9980008520101488,https://resolver.libis.be/IE9595675/representation,KU Leuven Libraries BIBC BRES Ms. 294,17
Physica,2387,9980010920101488,https://resolver.libis.be/IE9596569/representation,KU Leuven Libraries BIBC BRES Ms. 295,17
Physica,2388,9980013690101488,https://resolver.libis.be/IE9597157/representation,KU Leuven Libraries BIBC BRES Ms. 296,17
Physica,2389,9980015510101488,https://resolver.libis.be/IE9597475/representation,KU Leuven Libraries BIBC BRES Ms. 297,17
Physica,2390,9980025940101488,https://resolver.libis.be/IE9598423/representation,KU Leuven Libraries BIBC BRES Ms. 298,17
Physica,2391,9980047390101488,https://resolver.libis.be/IE9603382/representation,KU Leuven Libraries BIBC BRES Ms. 302,17
Rhetorica.,2392,9980062350101488,https://resolver.libis.be/IE9602641/representation,KU Leuven Libraries BIBC BRES Ms. 305,17
Compendium chirurgiae.,2393,9980073640101488,https://resolver.libis.be/IE9604864/representation,KU Leuven Libraries BIBC BRES Ms. 306,17
Physiologia cum quæstionibus.,2394,9980078320101488,https://resolver.libis.be/IE9605872/representation,KU Leuven Libraries BIBC BRES Ms. 307,17
Physica,2395,9980112510101488,https://resolver.libis.be/IE9607222/representation,KU Leuven Libraries BIBC BRES Ms. 313,17
Physica,2396,9980116750101488,https://resolver.libis.be/IE9608968/representation,KU Leuven Libraries BIBC BRES Ms. 314,17
Physica,2397,9980119940101488,https://resolver.libis.be/IE9608362/representation,KU Leuven Libraries BIBC BRES Ms. 315,17
Ethica,2398,9980130210101488,https://resolver.libis.be/IE9610114/representation,KU Leuven Libraries BIBC BRES Ms. 316,17
Physica,2399,9980133620101488,https://resolver.libis.be/IE9610666/representation,KU Leuven Libraries BIBC BRES Ms. 319,17
Physica,2400,9982425400101488,https://resolver.libis.be/IE5378170/representation,KU Leuven Libraries WBIB WMAG PRECA0001,17
Physica,2401,9982428510101488,https://resolver.libis.be/IE5379818/representation,KU Leuven Libraries WBIB WMAG PRECA0002,17
Physica,2402,9982442420101488,https://resolver.libis.be/IE5380218/representation,KU Leuven Libraries WBIB WMAG PRECA0003,17
Physica,2403,9982443260101488,https://resolver.libis.be/IE5380486/representation,KU Leuven Libraries WBIB WMAG PRECA0004,17
Physica,2404,9982444200101488,https://resolver.libis.be/IE5380958/representation,KU Leuven Libraries WBIB WMAG PRECA0005,17
Physica,2405,9982444800101488,https://resolver.libis.be/IE5381292/representation,KU Leuven Libraries WBIB WMAG PRECA0006,17
Physica,2406,9982445190101488,https://resolver.libis.be/IE5381692/representation,KU Leuven Libraries WBIB WMAG PRECA0007,17
Physica,2407,9982446350101488,https://resolver.libis.be/IE5382074/representation,KU Leuven Libraries WBIB WMAG PRECA0008,17
Physica,2408,9982447290101488,https://resolver.libis.be/IE5382462/representation,KU Leuven Libraries WBIB WMAG PRECA0009,17
Physica,2409,9982448600101488,https://resolver.libis.be/IE5383846/representation,KU Leuven Libraries WBIB WMAG PRECA0010,17
Physica,2410,9982450100101488,https://resolver.libis.be/IE5384666/representation,KU Leuven Libraries WBIB WMAG PRECA0011,17
Physica,2411,9982451950101488,https://resolver.libis.be/IE5386362/representation,KU Leuven Libraries WBIB WMAG PRECA0012,17
Physica,2412,9982453500101488,https://resolver.libis.be/IE5387218/representation,KU Leuven Libraries WBIB WMAG PRECA0013,17
Physica,2413,9982454010101488,https://resolver.libis.be/IE5388056/representation,KU Leuven Libraries WBIB WMAG PRECA0014,17
Physica,2414,9982460260101488,https://resolver.libis.be/IE5388564/representation,KU Leuven Libraries WBIB WMAG PRECA0015,17
Physica,2415,9982461000101488,https://resolver.libis.be/IE5389630/representation,KU Leuven Libraries WBIB WMAG PRECA0016,17
Physica,2416,9982462360101488,https://resolver.libis.be/IE5390936/representation,KU Leuven Libraries WBIB WMAG PRECA0017,17
Logica,2417,9982465140101488,https://resolver.libis.be/IE5396752/representation,KU Leuven Libraries WBIB WMAG PRECA0018,17
Physica,2418,9982466190101488,https://resolver.libis.be/IE5392140/representation,KU Leuven Libraries WBIB WMAG PRECA0019,17
Physica,2419,9982467090101488,https://resolver.libis.be/IE5392930/representation,KU Leuven Libraries WBIB WMAG PRECA0020,17
Physica,2420,9982468040101488,https://resolver.libis.be/IE5394158/representation,KU Leuven Libraries WBIB WMAG PRECA0021,17
Physica,2421,9982481200101488,https://resolver.libis.be/IE5394948/representation,KU Leuven Libraries WBIB WMAG PRECA0022,17
Physica,2422,9982483310101488,https://resolver.libis.be/IE9614407/representation,KU Leuven Libraries WBIB WMAG PRECA0023,17
Physica,2423,9982485500101488,https://resolver.libis.be/IE9617557/representation,KU Leuven Libraries WBIB WMAG PRECA0025,17
Physica. Metaphysica.,2424,9982488970101488,https://resolver.libis.be/IE9616405/representation,KU Leuven Libraries WBIB WMAG PRECA0024,17
Physica,2425,9983530360101488,https://resolver.libis.be/IE9619105/representation,KU Leuven Libraries GBIB GBIB PM0480,17
Logica.,2426,9988018010101488,https://resolver.libis.be/IE9535003/representation,Museum M H/16/W,17
Physica,2427,9991877810101488,https://resolver.libis.be/IE9918916/representation,KU Leuven Libraries BIBC BRES Ms. 365,17
Logica,2428,9992136783701488,https://resolver.libis.be/IE5404242/representation,Archives de l'Université catholique de Louvain ms. C185,17
Logica,2429,9992136788601488,https://resolver.libis.be/IE5403932/representation,Archives de l'Université catholique de Louvain ms. C184,17
Logica,2430,9992136793201488,https://resolver.libis.be/IE5404558/representation,Archives de l'Université catholique de Louvain ms. C183,17
Metaphysica,2431,9992139606701488,https://resolver.libis.be/IE9924461/representation,KU Leuven Libraries BIBC BRES Ms. 368,17
Physica,2432,9992140333701488,https://resolver.libis.be/IE9882223/representation,Archives de l'Université catholique de Louvain ms. C90,17
Major figura,2433,9992149101701488,https://resolver.libis.be/IE5405834/representation,Archives de l'Université catholique de Louvain ms. C180,17
Physica,2434,9992149178901488,https://resolver.libis.be/IE5408582/representation,Archives de l'Université catholique de Louvain ms. C189,17
Physica,2435,9992149181501488,https://resolver.libis.be/IE5407702/representation,Archives de l'Université catholique de Louvain ms. C188,17
Metaphysica,2436,9992149184401488,https://resolver.libis.be/IE5406960/representation,Archives de l'Université catholique de Louvain ms. C187,17
Physica,2437,9992149185101488,https://resolver.libis.be/IE5406908/representation,Archives de l'Université catholique de Louvain ms. C186,17
Physica,2438,9992149185601488,https://resolver.libis.be/IE5406448/representation,Archives de l'Université catholique de Louvain ms. C182,17
Grammatica,2439,9992149186001488,https://resolver.libis.be/IE5405940/representation,Archives de l'Université catholique de Louvain ms. C181,17
Physica. Metaphysica,2440,9992195577201488,https://resolver.libis.be/IE6826432/representation,Royal Library ms. II 106,17
Physica,2441,9992196166601488,https://resolver.libis.be/IE6814308/representation,Royal Library ms. II 730,17
Physica,2442,9992196173301488,https://resolver.libis.be/IE6813234/representation,Royal Library ms. II 252,17
Commentaria in quinque libros decretalium Gregorii noni,2443,9992196247601488,https://resolver.libis.be/IE9926418/representation,KU Leuven Libraries BIBC BRES Ms. 372,17
Metaphysica,2444,9992196258101488,https://resolver.libis.be/IE6746524/representation,Royal Library ms. II 829/1,17
Tractatus rhetoricae,2445,9992196273001488,https://resolver.libis.be/IE6756100/representation,Royal Library ms. II 741,17
Logica,2446,9992198301301488,https://resolver.libis.be/IE6751180/representation,Royal Library ms. II 1249,17
Physica,2447,9992198353501488,https://resolver.libis.be/IE6757318/representation,Royal Library ms. II 2778,17
Dialectica,2448,9992198378801488,https://resolver.libis.be/IE6754312/representation,Royal Library ms. II 2119,17
Physica,2449,9992198692501488,https://resolver.libis.be/IE6757978/representation,Royal Library ms. II 2942,17
Physica,2450,9992198705001488,https://resolver.libis.be/IE6761806/representation,Royal Library ms. II 2941,17
Logica,2451,9992199287501488,https://resolver.libis.be/IE6760720/representation,Royal Library ms. II 2974,17
Physica,2452,9992199300001488,https://resolver.libis.be/IE6759028/representation,Royal Library ms. II 2973,17
Physica,2453,9992199376001488,https://resolver.libis.be/IE6765536/representation,Royal Library ms. II 3086,17
Physica,2454,9992199378401488,https://resolver.libis.be/IE6763612/representation,Royal Library ms. II 3083,17
Physica,2455,9992199492601488,https://resolver.libis.be/IE6764602/representation,Royal Library ms. II 3077,17
Physica,2456,9992199509901488,https://resolver.libis.be/IE6759682/representation,Royal Library ms. II 3040,17
Physica,2457,9992199801401488,https://resolver.libis.be/IE6765292/representation,Royal Library ms. II 3088,17
Physica,2458,9992199802601488,https://resolver.libis.be/IE6763210/representation,Royal Library ms. II 3080,17
Physica,2459,9992204399801488,https://resolver.libis.be/IE6775984/representation,Royal Library ms. II 3109,17
Physica,2460,9992206995201488,https://resolver.libis.be/IE9152377/representation,copy from private collection,17
Logica,2461,9992207004501488,https://resolver.libis.be/IE9151045/representation,copy from private collection,17
Physica,2462,9992207005101488,https://resolver.libis.be/IE9150013/representation,copy from private collection,17
Dialectica,2463,9992207564801488,https://resolver.libis.be/IE8839186/representation,Royal Library ms. II 3212,17
Physica,2464,9992219566501488,https://resolver.libis.be/IE8840266/representation,Royal Library ms. II 3214,17
Logica,2465,9992274990501488,https://resolver.libis.be/IE9859513/representation,Royal Library ms. II 3078,17
Metaphysica,2466,9992275076501488,https://resolver.libis.be/IE9869236/representation,Royal Library ms. II 3079,17
Physica,2467,9992276575601488,https://resolver.libis.be/IE9886399/representation,Royal Library ms. III 1184,17
Physica,2468,9992276579101488,https://resolver.libis.be/IE9885895/representation,Royal Library ms. III 1182,17
Physica,2469,9992276681901488,https://resolver.libis.be/IE9884923/representation,Royal Library ms. III 1179,17
Logica,2470,9992276739201488,https://resolver.libis.be/IE9887269/representation,Royal Library ms. III 1361,17
Metaphysica. Physica,2471,9977348230101488,https://resolver.libis.be/IE10715063/representation,KU Leuven Libraries BIBC BRES Ms.228,17
Logica.,2472,9977402560101488,https://resolver.libis.be/IE10707743/representation,KU Leuven Libraries BIBC BRES Ms.204,17
Logica,2473,9977403690101488,https://resolver.libis.be/IE10708619/representation,KU Leuven Libraries BIBC BRES Ms.205,17
Logica,2474,9977413430101488,https://resolver.libis.be/IE10709603/representation,KU Leuven Libraries BIBC BRES Ms.206,17
Physica,2475,9977438160101488,https://resolver.libis.be/IE10712513/representation,KU Leuven Libraries BIBC BRES Ms.210,17
Logica,2476,9977438360101488,https://resolver.libis.be/IE10711823/representation,KU Leuven Libraries BIBC BRES Ms.209,17
Logica,2477,9977504050101488,https://resolver.libis.be/IE10579537/representation,KU Leuven Libraries BIBC BRES Ms.237,17
Physica,2478,9977567710101488,https://resolver.libis.be/IE10710203/representation,KU Leuven Libraries BIBC BRES Ms.207,17
Logica.,2479,9977689530101488,https://resolver.libis.be/IE10580587/representation,KU Leuven Libraries BIBC BRES Ms.249,17
Physica,2480,9977710810101488,https://resolver.libis.be/IE10710643/representation,KU Leuven Libraries BIBC BRES Ms.208,17
Physica. Metaphysica,2481,9978977230101488,https://resolver.libis.be/IE10582812/representation,KU Leuven Libraries BIBC BRES Ms.261,17
Physica,2482,9980094080101488,https://resolver.libis.be/IE10591683/representation,KU Leuven Libraries BIBC BRES Ms.308,17
Physica,2483,9981118750101488,https://resolver.libis.be/IE10713323/representation,KU Leuven Libraries BIBC BRES Ms.226,17
"Dictata  Ledrou, Farvacques et Huygens",2484,9992255099201488,https://resolver.libis.be/IE9927593/representation,KU Leuven Libraries BIBC BRES Ms. 373,17
Logica et Metaphysica,2485,9992260279201488,https://resolver.libis.be/IE9536275/representation,Royal Library ms. 21910,17
Physica,2486,9992260790201488,https://resolver.libis.be/IE9541423/representation,Royal Library ms. 21917,17
Physica,2487,9992260794101488,https://resolver.libis.be/IE9540811/representation,Royal Library ms. 21916,17
Logica,2488,9992260798501488,https://resolver.libis.be/IE9540253/representation,Royal Library ms. 21915,17
Physica,2489,9992260801001488,https://resolver.libis.be/IE9539191/representation,Royal Library ms. 21913,17
Physica,2490,9992260904601488,https://resolver.libis.be/IE9538309/representation,Royal Library ms. 21912,17
Metaphysica. Physica,2491,9992260909301488,https://resolver.libis.be/IE9537781/representation,Royal Library ms. 21911,17
Metaphysica,2492,9992265092101488,https://resolver.libis.be/IE9926333/representation,KU Leuven Libraries BIBC BRES Ms. 371,17
Physica,2493,9992265095501488,https://resolver.libis.be/IE9926267/representation,KU Leuven Libraries BIBC BRES Ms. 370,17
Physica,2494,9992265202401488,https://resolver.libis.be/IE9925385/representation,KU Leuven Libraries BIBC BRES Ms. 369,17
Physica,2495,9992270688501488,https://resolver.libis.be/IE9669825/representation,Royal Library ms. 21918,17
Physica,2496,9992271601801488,https://resolver.libis.be/IE9671787/representation,Royal Library ms. 21924,17
Physica,2497,9992271603901488,https://resolver.libis.be/IE9670251/representation,Royal Library ms. 21923,17
Physica,2498,9992271890801488,https://resolver.libis.be/IE9673787/representation,Royal Library ms. 21926,17
Physica,2499,9992271895301488,https://resolver.libis.be/IE9672743/representation,Royal Library ms. 21925,17
Physica,2500,9992272707601488,https://resolver.libis.be/IE9674201/representation,Royal Library ms. 21927,17
Logica. Ethica,2501,9992272987701488,https://resolver.libis.be/IE9678205/representation,Royal Library ms. 21930,17
Physica,2502,9992272991501488,https://resolver.libis.be/IE9677515/representation,Royal Library ms. 21929,17
Physica,2503,9992272998501488,https://resolver.libis.be/IE9676303/representation,Royal Library ms. 21928,17
Physica,2504,9992273290201488,https://resolver.libis.be/IE9680125/representation,Royal Library ms. 21933,17
Logica,2505,9992274354001488,https://resolver.libis.be/IE9806900/representation,Royal Library ms. 22031,17
Physica,2506,9992274362101488,https://resolver.libis.be/IE9799080/representation,Royal Library ms. 21936,17
Physica,2507,9992274371401488,https://resolver.libis.be/IE9721629/representation,Royal Library ms. 21935,17
Rhetorica,2508,9992274373801488,https://resolver.libis.be/IE9718737/representation,Royal Library ms. 21934,17
Physica,2509,9992274409201488,https://resolver.libis.be/IE9679441/representation,Royal Library ms. 21931,17
Logica,2510,9992274445301488,https://resolver.libis.be/IE9829807/representation,Royal Library ms. 2929,17
Logica,2511,9992274448601488,https://resolver.libis.be/IE9821427/representation,Royal Library ms. 22042,17
Logica,2512,9992274455601488,https://resolver.libis.be/IE9813565/representation,Royal Library ms. 22039,17
Logica,2513,9992275208101488,https://resolver.libis.be/IE9839905/representation,Royal Library ms. II 1562,17
Metaphysica,2514,9992276573901488,https://resolver.libis.be/IE9886453/representation,Royal Library ms. III 1185,17
Physica,2515,9992276576501488,https://resolver.libis.be/IE9886033/representation,Royal Library ms. III 1183,17
Physica,2516,9992276677401488,https://resolver.libis.be/IE9885649/representation,Royal Library ms. III 1181,17
Physica,2517,9992276679901488,https://resolver.libis.be/IE9885319/representation,Royal Library ms. III 1180,17
Logica,2518,9992276735001488,https://resolver.libis.be/IE9890924/representation,Royal Library ms. III 2032,17
Metaphysica,2519,9992276749601488,https://resolver.libis.be/IE9886711/representation,Royal Library ms. III 1186/1,17
Logica,2520,9992282003601488,https://resolver.libis.be/IE9898939/representation,Royal Library ms.18373-18374,17
Ethica. Physica,2521,9992337086601488,https://resolver.libis.be/IE10717523/representation,KU Leuven Libraries BIBC BRES Ms.375,17
Physica,2522,9992345588901488,https://resolver.libis.be/IE10718189/representation,KU Leuven Libraries BIBC BRES Ms.376,17
Physica,2523,9992390707301488,https://resolver.libis.be/IE15346288/representation,KU Leuven Libraries BCOL BRES ms.377,17
Physica,2524,9992408054301488,https://resolver.libis.be/IE15346324/representation,KU Leuven Libraries BCOL BRES ms.378,17
Logica,2525,9992423306701488,https://resolver.libis.be/IE15347422/representation,KU Leuven Libraries BCOL BRES ms.379,17
Physica et Metaphysica,2526,9992467506901488,https://resolver.libis.be/IE15348861/representation,KU Leuven Libraries BCOL BRES ms.380,17
Logica,2527,9992475809401488,https://resolver.libis.be/IE15351984/representation,KU Leuven Libraries BCOL BRES ms.381,17
In iuris canonici Quinque institutionum libros,2528,9992549499201488,https://resolver.libis.be/IE14631605/representation,Royal Library ms.4133,17
Institutiones iuris canonici,2529,9992549879801488,https://resolver.libis.be/IE14636278/representation,Royal Library ms.14557,17
Institutiones iuris canonici,2530,9992549884401488,https://resolver.libis.be/IE14634228/representation,Royal Library ms.11914,17
Roberti Bellarmini. Tractatus de iustitia. Tractatus de pensionibus,2531,9992549892801488,https://resolver.libis.be/IE14628761/representation,Royal Library ms.2156,17
"Commentarii Doctissimi  Viri, Patris Leonardi Lesii, in quæstione 57a 2a 2a Doctoris Angelici D. Thomæ, de iustitia et iure",2532,9992550090001488,https://resolver.libis.be/IE14641865/representation,Royal Library ms.945,17
Commentarii varii in Scripturam Sacram,2533,9992551509201488,https://resolver.libis.be/IE14648013/representation,Royal Library ms.3328-31,17
Commentarii in Novum Testamentum,2534,9992552106201488,https://resolver.libis.be/IE14644777/representation,Royal Library ms.20897-98,17
Commentarius in secundam secundae Divi Thomae,2535,9992552206501488,https://resolver.libis.be/IE14643497/representation,Royal Library ms.3515,17
Commentaria in libros decretalium,2536,9992553310301488,https://resolver.libis.be/IE14646981/representation,Royal Library ms.22153,17
"Encomiastica Vitae Divinae Ode virginis descriptio, cum aliis opusculis",2537,9992560289301488,https://resolver.libis.be/IE14773064/representation,Royal Library ms.8471-8475,17
Physica,2538,9992560779401488,https://resolver.libis.be/IE15353250/representation,KU Leuven Libraries BCOL BRES ms.382,17
Commentarii iuris canonici,2539,9992560883901488,https://resolver.libis.be/IE14771102/representation,Royal Library ms.5794,17
Physica,2540,9992565509601488,https://resolver.libis.be/IE15354636/representation,KU Leuven Libraries BCOL BRES ms.384,17
Physica,2541,9992573109501488,https://resolver.libis.be/IE15354000/representation,KU Leuven Libraries BCOL BRES ms.383,17
Commentaria in librum psalmorum David,2542,9992685306901488,https://resolver.libis.be/IE16080681/representation,Museum Catharijneconvent BMH SJ h58,17
Praefatio in apostolorum,2543,9992686809401488,https://resolver.libis.be/IE16094896/representation,Abdij van Berne Heeswijk ms.115,17
"Tractatus de fide, spe et charitate",2544,9992687696801488,https://resolver.libis.be/IE16125271/representation,Abdij van Berne Heeswijk ms.122,17
In psalmos Davidicos enarratio,2545,9992688209301488,https://resolver.libis.be/IE16082021/representation,Museum Catharijneconvent BMH Warm H93H15,17
Commentaria in evangelis S. Lucae et S. Joannis,2546,9992688508901488,https://resolver.libis.be/IE16078881/representation,Museum Catharijneconvent BMH h6,17
Physica,2547,9992196008901488,https://resolver.libis.be/IE6823794/representation,Royal Library ms. II 168,17
Logica,2548,9992196026501488,https://resolver.libis.be/IE6815814/representation,Royal Library ms. II 740,17
Logica. Physica,2549,9992196052801488,https://resolver.libis.be/IE6855046/representation,Royal Library ms.  II 737,17
Logica,2550,9992197660301488,https://resolver.libis.be/IE6749728/representation,Royal Library ms. II 1036,17
Logica,2551,9992197676501488,https://resolver.libis.be/IE6748738/representation,Royal Library ms. II 1245,17
Physica,2552,9992197679901488,https://resolver.libis.be/IE6747892/representation,Royal Library ms. II 829/2,17
Logica,2553,9992198362701488,https://resolver.libis.be/IE6753406/representation,Royal Library ms. II 2224,17
Physica,2554,9992199501501488,https://resolver.libis.be/IE6764146/representation,Royal Library ms. II 3075,17
Physica,2555,9992199879701488,https://resolver.libis.be/IE6768298/representation,Royal Library ms. II 3098,17
Philosophia,2556,9992199886201488,https://resolver.libis.be/IE6769804/representation,Royal Library ms. II 3097,17
Logica,2557,9992220529701488,https://resolver.libis.be/IE8845963/representation,Royal Library ms. II 3295,17
Physica,2558,9992220586401488,https://resolver.libis.be/IE8844259/representation,Royal Library ms. II 3294,17
Physica,2559,9992221122401488,https://resolver.libis.be/IE8860309/representation,Royal Library ms. II 3366/11,17
Physica,2560,9992221144401488,https://resolver.libis.be/IE8856799/representation,Royal Library ms. II 3366/8,17
Physica,2561,9992221146401488,https://resolver.libis.be/IE8855923/representation,Royal Library ms. II 3366/7,17
Logica,2562,9992221207001488,https://resolver.libis.be/IE8848939/representation,Royal Library ms. II 3366/1,17
Physica,2563,9992221654601488,https://resolver.libis.be/IE8862889/representation,Royal Library ms. II 3368/1,17
Physica,2564,9992221691801488,https://resolver.libis.be/IE8857891/representation,Royal Library ms. II 3366/9,17
Physica,2565,9992221700601488,https://resolver.libis.be/IE8854813/representation,Royal Library ms. II 3366/6,17
Physica,2566,9992221702601488,https://resolver.libis.be/IE8853781/representation,Royal Library ms. II 3366/5,17
Physica,2567,9992221747001488,https://resolver.libis.be/IE8858941/representation,Royal Library ms. II 3366/10,17
Physica,2568,9992221802901488,https://resolver.libis.be/IE8852335/representation,Royal Library ms. II 3366/4,17
Ethica et metaphysica,2569,9992221809801488,https://resolver.libis.be/IE8851153/representation,Royal Library ms. II 3366/3,17
Physica,2570,9992222391301488,https://resolver.libis.be/IE8861719/representation,Royal Library ms. II 3367,17
Physica et metaphysica,2571,9992223573501488,https://resolver.libis.be/IE8870230/representation,Royal Library ms. II 3379,17
Physica,2572,9992223582801488,https://resolver.libis.be/IE8867891/representation,Royal Library ms. II 3378,17
Physica,2573,9992223592201488,https://resolver.libis.be/IE8867866/representation,Royal Library ms. II 3377,17
Dialectica,2574,9992223598301488,https://resolver.libis.be/IE8867155/representation,Royal Library ms. II 3376,17
Logica,2575,9992224291601488,https://resolver.libis.be/IE8872588/representation,Royal Library ms. II 3430/2,17
Logica,2576,9992225573501488,https://resolver.libis.be/IE8876368/representation,Royal Library ms. II 3525,17
Dialectica,2577,9992225788701488,https://resolver.libis.be/IE8881846/representation,Royal Library ms. II 3660,17
Dialectica,2578,9992227501701488,https://resolver.libis.be/IE8961799/representation,Royal Library ms. II 4351,17
Physica,2579,9992228088701488,https://resolver.libis.be/IE8887522/representation,Royal Library ms. II 4608,17
Physica,2580,9992228090401488,https://resolver.libis.be/IE8886382/representation,Royal Library ms. II 4594,17
Physica,2581,9992228435401488,https://resolver.libis.be/IE8889454/representation,Royal Library ms. II 4624,17
Physica,2582,9992228440101488,https://resolver.libis.be/IE8888656/representation,Royal Library ms. II 4609,17
Physica,2583,9992228503301488,https://resolver.libis.be/IE8962663/representation,Royal Library ms. II 4422,17
Physica,2584,9992228573401488,https://resolver.libis.be/IE8885098/representation,Royal Library ms. II 4578,17
Physica,2585,9992228576901488,https://resolver.libis.be/IE8966982/representation,Royal Library ms. II 4523,17
Physica,2586,9992229308001488,https://resolver.libis.be/IE8890222/representation,Royal Library ms. II 4680,17
Physica,2587,9992229309201488,https://resolver.libis.be/IE8889874/representation,Royal Library ms. II 4655,17
Logica,2588,9992229609401488,https://resolver.libis.be/IE8893708/representation,Royal Library ms. II 4733,17
Physica,2589,9992238364601488,https://resolver.libis.be/IE8980583/representation,Royal Library ms. II 4268,17
Physica,2590,9992238550601488,https://resolver.libis.be/IE8982245/representation,Royal Library ms. II 4269,17
Metaphysica,2591,9992238872201488,https://resolver.libis.be/IE8988314/representation,Royal Library ms. II 4281,17
Logica,2592,9992238994801488,https://resolver.libis.be/IE8987156/representation,Royal Library ms. II 4271,17
Physica,2593,9992239103601488,https://resolver.libis.be/IE8984780/representation,Royal Library ms. II 4270,17
Rhetorica,2594,9992239410501488,https://resolver.libis.be/IE8997088/representation,Royal Library ms. II 5157,17
Physica,2595,9992239418601488,https://resolver.libis.be/IE8996132/representation,Royal Library ms. II 5135,17
Logica,2596,9992239484301488,https://resolver.libis.be/IE8994455/representation,Royal Library ms. II 4854,17
Physica,2597,9992241172901488,https://resolver.libis.be/IE9136986/representation,Royal Library ms. II 5339,17
Physica et metaphysica,2598,9992241185901488,https://resolver.libis.be/IE9144857/representation,Royal Library ms. II 5338,17
Physica,2599,9992241201701488,https://resolver.libis.be/IE9144455/representation,Royal Library ms. II 5311,17
Dialectica,2600,9992241248401488,https://resolver.libis.be/IE9140046/representation,Royal Library ms. II 5366,17
Logica,2601,9992243101701488,https://resolver.libis.be/IE9142608/representation,Royal Library ms. II 5412,17
Ethica,2602,9992246369501488,https://resolver.libis.be/IE9436368/representation,Royal Library ms. II 5415,17
Physica,2603,9992248697801488,https://resolver.libis.be/IE9442652/representation,Royal Library ms. II 5459,17
Physica,2604,9992249305001488,https://resolver.libis.be/IE9458310/representation,Royal Library ms. II 5516,17
Physica,2605,9992249505501488,https://resolver.libis.be/IE9459054/representation,Royal Library ms. II 5517,17
Philosophia universa,2606,9992249573501488,https://resolver.libis.be/IE9462633/representation,Royal Library ms. II 5964,17
Physica,2607,9992249588801488,https://resolver.libis.be/IE9459984/representation,Royal Library ms. II 5602,17
Physica,2608,9992249767001488,https://resolver.libis.be/IE9314416/representation,Royal Library ms. II 7699/1,17
Physica,2609,9992249770101488,https://resolver.libis.be/IE9313846/representation,Royal Library ms. II 7346,17
Physica,2610,9992249994601488,https://resolver.libis.be/IE9465357/representation,Royal Library ms. II 6284,17
Logica,2611,9992250087401488,https://resolver.libis.be/IE9491156/representation,Royal Library ms. II 6933,17
Logica,2612,9992250096001488,https://resolver.libis.be/IE9466425/representation,Royal Library ms. II 6649,17
"Physica : De gravitate, De motu, Opticæ (engravings)",2613,9992251204101488,https://resolver.libis.be/IE9315214/representation,Royal Library ms. II 7699/2,17
Physica,2614,9992251595401488,https://resolver.libis.be/IE9315604/representation,Royal Library ms. II 7762,17
Physica,2615,9992251672801488,https://resolver.libis.be/IE9328831/representation,Royal Library ms. III 1023,17
Physica,2616,9992251687801488,https://resolver.libis.be/IE9320481/representation,Royal Library ms. III 372,17
Logica,2617,9992252579401488,https://resolver.libis.be/IE9330307/representation,Royal Library ms. III 1028,17
Ethica et metaphysica,2618,9992252883301488,https://resolver.libis.be/IE9332407/representation,Royal Library ms. III 1100,17
Physica,2619,9992253783001488,https://resolver.libis.be/IE9444716/representation,Royal Library ms. III 1101,17
Physica,2620,9992255197101488,https://resolver.libis.be/IE9447662/representation,Royal Library ms. III 1103/2,17
Physica,2621,9992256102601488,https://resolver.libis.be/IE9448514/representation,Royal Library ms. III 1103/3,17
Physica,2622,9992256589701488,https://resolver.libis.be/IE9453180/representation,Royal Library ms. III 1561,17
Physica,2623,9992256608701488,https://resolver.libis.be/IE9451380/representation,Royal Library ms. III 1175,17
Logica,2624,9992256704701488,https://resolver.libis.be/IE9451800/representation,Royal Library ms. III 1422,17
Logica,2625,9992257274001488,https://resolver.libis.be/IE9456708/representation,Royal Library ms. 8493-8494,17
Physica,2626,9992257382701488,https://resolver.libis.be/IE9455352/representation,Royal Library ms. 5837-5838,17
Metaphysica,2627,9992258093501488,https://resolver.libis.be/IE9502835/representation,Royal Library ms. 11701,17
Metaphysica,2628,9992258097401488,https://resolver.libis.be/IE9502079/representation,Royal Library ms. 11700,17
Ethica,2629,9992258099101488,https://resolver.libis.be/IE9501323/representation,Royal Library ms. 11698,17
Philosophia universa,2630,9992258465901488,https://resolver.libis.be/IE9506897/representation,Royal Library ms. 14805,17
Metaphysica,2631,9992258476501488,https://resolver.libis.be/IE9506339/representation,Royal Library ms. 14376,17
Commentarii in Aristotelem,2632,9992258483101488,https://resolver.libis.be/IE9505229/representation,Royal Library ms. 14244-14248,17
Dialectica,2633,9992258683201488,https://resolver.libis.be/IE9508319/representation,Royal Library ms. 15432-15434,17
Logica,2634,9992258806901488,https://resolver.libis.be/IE9503897/representation,Royal Library ms. 11702,17
Physica : quaestiones,2635,9992258981901488,https://resolver.libis.be/IE9514193/representation,Royal Library ms. 20986,17
Physica,2636,9992258984001488,https://resolver.libis.be/IE9513599/representation,Royal Library ms. 20984,17
Physica,2637,9992258985601488,https://resolver.libis.be/IE9512909/representation,Royal Library ms. 20982,17
Physica,2638,9992258987101488,https://resolver.libis.be/IE9511823/representation,Royal Library ms. 20981,17
Physica,2639,9992259055901488,https://resolver.libis.be/IE9514811/representation,Royal Library ms. 21121,17
Physica,2640,9992259306201488,https://resolver.libis.be/IE9509639/representation,Royal Library ms. 18373-18374,17
Physica,2641,9992259659001488,https://resolver.libis.be/IE9525225/representation,Royal Library ms. 21899,17
Physica,2642,9992259739501488,https://resolver.libis.be/IE9528189/representation,Royal Library ms. 21902,17
Metaphysica,2643,9992259762901488,https://resolver.libis.be/IE9524307/representation,Royal Library ms. 21895,17
Physica,2644,9992260067701488,https://resolver.libis.be/IE9529929/representation,Royal Library ms. 21905,17
Logica,2645,9992260288901488,https://resolver.libis.be/IE9533321/representation,Royal Library ms. 21909,17
Logica,2646,9992260295001488,https://resolver.libis.be/IE9532523/representation,Royal Library ms. 21908,17
