fm_id,url,project,import
6355,https://www.kuleuven.be/lectio/magisterdixit/items/show/1215,1,2024-02-22fm_id_md_mms_omeka_ids.csv
6356,https://www.kuleuven.be/lectio/magisterdixit/items/show/1212,1,2024-02-22fm_id_md_mms_omeka_ids.csv
6357,https://www.kuleuven.be/lectio/magisterdixit/items/show/1206,1,2024-02-22fm_id_md_mms_omeka_ids.csv
6358,https://www.kuleuven.be/lectio/magisterdixit/items/show/1224,1,2024-02-22fm_id_md_mms_omeka_ids.csv
6359,https://www.kuleuven.be/lectio/magisterdixit/items/show/1221,1,2024-02-22fm_id_md_mms_omeka_ids.csv
6360,https://www.kuleuven.be/lectio/magisterdixit/items/show/1176,1,2024-02-22fm_id_md_mms_omeka_ids.csv
6361,https://www.kuleuven.be/lectio/magisterdixit/items/show/1173,1,2024-02-22fm_id_md_mms_omeka_ids.csv
6362,https://www.kuleuven.be/lectio/magisterdixit/items/show/1170,1,2024-02-22fm_id_md_mms_omeka_ids.csv
6363,https://www.kuleuven.be/lectio/magisterdixit/items/show/1227,1,2024-02-22fm_id_md_mms_omeka_ids.csv
6364,https://www.kuleuven.be/lectio/magisterdixit/items/show/1194,1,2024-02-22fm_id_md_mms_omeka_ids.csv
6365,https://www.kuleuven.be/lectio/magisterdixit/items/show/1191,1,2024-02-22fm_id_md_mms_omeka_ids.csv
6366,https://www.kuleuven.be/lectio/magisterdixit/items/show/1188,1,2024-02-22fm_id_md_mms_omeka_ids.csv
6367,https://www.kuleuven.be/lectio/magisterdixit/items/show/1185,1,2024-02-22fm_id_md_mms_omeka_ids.csv
6368,https://www.kuleuven.be/lectio/magisterdixit/items/show/1182,1,2024-02-22fm_id_md_mms_omeka_ids.csv
6369,https://www.kuleuven.be/lectio/magisterdixit/items/show/1179,1,2024-02-22fm_id_md_mms_omeka_ids.csv
6370,https://www.kuleuven.be/lectio/magisterdixit/items/show/1807,1,2024-02-22fm_id_md_mms_omeka_ids.csv
6371,https://www.kuleuven.be/lectio/magisterdixit/items/show/1810,1,2024-02-22fm_id_md_mms_omeka_ids.csv
6372,https://www.kuleuven.be/lectio/magisterdixit/items/show/1813,1,2024-02-22fm_id_md_mms_omeka_ids.csv
6373,https://www.kuleuven.be/lectio/magisterdixit/items/show/1197,1,2024-02-22fm_id_md_mms_omeka_ids.csv
6374,https://www.kuleuven.be/lectio/magisterdixit/items/show/1143,1,2024-02-22fm_id_md_mms_omeka_ids.csv
6375,https://www.kuleuven.be/lectio/magisterdixit/items/show/1140,1,2024-02-22fm_id_md_mms_omeka_ids.csv
6376,https://www.kuleuven.be/lectio/magisterdixit/items/show/1149,1,2024-02-22fm_id_md_mms_omeka_ids.csv
6377,https://www.kuleuven.be/lectio/magisterdixit/items/show/1146,1,2024-02-22fm_id_md_mms_omeka_ids.csv
6378,https://www.kuleuven.be/lectio/magisterdixit/items/show/1152,1,2024-02-22fm_id_md_mms_omeka_ids.csv
6379,https://www.kuleuven.be/lectio/magisterdixit/items/show/1161,1,2024-02-22fm_id_md_mms_omeka_ids.csv
6380,https://www.kuleuven.be/lectio/magisterdixit/items/show/1158,1,2024-02-22fm_id_md_mms_omeka_ids.csv
6381,https://www.kuleuven.be/lectio/magisterdixit/items/show/1155,1,2024-02-22fm_id_md_mms_omeka_ids.csv
6382,https://www.kuleuven.be/lectio/magisterdixit/items/show/1167,1,2024-02-22fm_id_md_mms_omeka_ids.csv
6383,https://www.kuleuven.be/lectio/magisterdixit/items/show/1119,1,2024-02-22fm_id_md_mms_omeka_ids.csv
6384,https://www.kuleuven.be/lectio/magisterdixit/items/show/1116,1,2024-02-22fm_id_md_mms_omeka_ids.csv
6385,https://www.kuleuven.be/lectio/magisterdixit/items/show/1113,1,2024-02-22fm_id_md_mms_omeka_ids.csv
6386,https://www.kuleuven.be/lectio/magisterdixit/items/show/1110,1,2024-02-22fm_id_md_mms_omeka_ids.csv
6387,https://www.kuleuven.be/lectio/magisterdixit/items/show/1164,1,2024-02-22fm_id_md_mms_omeka_ids.csv
6388,https://www.kuleuven.be/lectio/magisterdixit/items/show/1128,1,2024-02-22fm_id_md_mms_omeka_ids.csv
6389,https://www.kuleuven.be/lectio/magisterdixit/items/show/1125,1,2024-02-22fm_id_md_mms_omeka_ids.csv
6390,https://www.kuleuven.be/lectio/magisterdixit/items/show/1122,1,2024-02-22fm_id_md_mms_omeka_ids.csv
6391,https://www.kuleuven.be/lectio/magisterdixit/items/show/1134,1,2024-02-22fm_id_md_mms_omeka_ids.csv
6392,https://www.kuleuven.be/lectio/magisterdixit/items/show/1137,1,2024-02-22fm_id_md_mms_omeka_ids.csv
6393,https://www.kuleuven.be/lectio/magisterdixit/items/show/1131,1,2024-02-22fm_id_md_mms_omeka_ids.csv
6394,https://www.kuleuven.be/lectio/magisterdixit/items/show/1101,1,2024-02-22fm_id_md_mms_omeka_ids.csv
6395,https://www.kuleuven.be/lectio/magisterdixit/items/show/1098,1,2024-02-22fm_id_md_mms_omeka_ids.csv
6396,https://www.kuleuven.be/lectio/magisterdixit/items/show/1095,1,2024-02-22fm_id_md_mms_omeka_ids.csv
6397,https://www.kuleuven.be/lectio/magisterdixit/items/show/1092,1,2024-02-22fm_id_md_mms_omeka_ids.csv
6398,https://www.kuleuven.be/lectio/magisterdixit/items/show/1089,1,2024-02-22fm_id_md_mms_omeka_ids.csv
6399,https://www.kuleuven.be/lectio/magisterdixit/items/show/1086,1,2024-02-22fm_id_md_mms_omeka_ids.csv
6400,https://www.kuleuven.be/lectio/magisterdixit/items/show/1083,1,2024-02-22fm_id_md_mms_omeka_ids.csv
6401,https://www.kuleuven.be/lectio/magisterdixit/items/show/1080,1,2024-02-22fm_id_md_mms_omeka_ids.csv
6402,https://www.kuleuven.be/lectio/magisterdixit/items/show/1107,1,2024-02-22fm_id_md_mms_omeka_ids.csv
6403,https://www.kuleuven.be/lectio/magisterdixit/items/show/1104,1,2024-02-22fm_id_md_mms_omeka_ids.csv
6404,https://www.kuleuven.be/lectio/magisterdixit/items/show/1077,1,2024-02-22fm_id_md_mms_omeka_ids.csv
6405,https://www.kuleuven.be/lectio/magisterdixit/items/show/1717,1,2024-02-22fm_id_md_mms_omeka_ids.csv
6406,https://www.kuleuven.be/lectio/magisterdixit/items/show/1720,1,2024-02-22fm_id_md_mms_omeka_ids.csv
6407,https://www.kuleuven.be/lectio/magisterdixit/items/show/1849,1,2024-02-22fm_id_md_mms_omeka_ids.csv
6408,https://www.kuleuven.be/lectio/magisterdixit/items/show/1850,1,2024-02-22fm_id_md_mms_omeka_ids.csv
6409,https://www.kuleuven.be/lectio/magisterdixit/items/show/1851,1,2024-02-22fm_id_md_mms_omeka_ids.csv
6410,https://www.kuleuven.be/lectio/magisterdixit/items/show/1852,1,2024-02-22fm_id_md_mms_omeka_ids.csv
6411,NA,1,2024-02-22fm_id_md_mms_omeka_ids.csv
6412,https://www.kuleuven.be/lectio/magisterdixit/items/show/1853,1,2024-02-22fm_id_md_mms_omeka_ids.csv
6413,https://www.kuleuven.be/lectio/magisterdixit/items/show/1837,1,2024-02-22fm_id_md_mms_omeka_ids.csv
6414,https://www.kuleuven.be/lectio/magisterdixit/items/show/1835,1,2024-02-22fm_id_md_mms_omeka_ids.csv
6415,https://www.kuleuven.be/lectio/magisterdixit/items/show/1836,1,2024-02-22fm_id_md_mms_omeka_ids.csv
6416,https://www.kuleuven.be/lectio/magisterdixit/items/show/1840,1,2024-02-22fm_id_md_mms_omeka_ids.csv
6417,https://www.kuleuven.be/lectio/magisterdixit/items/show/1833,1,2024-02-22fm_id_md_mms_omeka_ids.csv
6418,https://www.kuleuven.be/lectio/magisterdixit/items/show/1832,1,2024-02-22fm_id_md_mms_omeka_ids.csv
6419,https://www.kuleuven.be/lectio/magisterdixit/items/show/1830,1,2024-02-22fm_id_md_mms_omeka_ids.csv
6420,https://www.kuleuven.be/lectio/magisterdixit/items/show/1831,1,2024-02-22fm_id_md_mms_omeka_ids.csv
6421,https://www.kuleuven.be/lectio/magisterdixit/items/show/1829,1,2024-02-22fm_id_md_mms_omeka_ids.csv
6422,https://www.kuleuven.be/lectio/magisterdixit/items/show/1827,1,2024-02-22fm_id_md_mms_omeka_ids.csv
6423,https://www.kuleuven.be/lectio/magisterdixit/items/show/1854,1,2024-02-22fm_id_md_mms_omeka_ids.csv
6424,https://www.kuleuven.be/lectio/magisterdixit/items/show/1828,1,2024-02-22fm_id_md_mms_omeka_ids.csv
6425,https://www.kuleuven.be/lectio/magisterdixit/items/show/1856,1,2024-02-22fm_id_md_mms_omeka_ids.csv
6426,https://www.kuleuven.be/lectio/magisterdixit/items/show/1855,1,2024-02-22fm_id_md_mms_omeka_ids.csv
6427,NA,1,2024-02-22fm_id_md_mms_omeka_ids.csv
6428,NA,1,2024-02-22fm_id_md_mms_omeka_ids.csv
6429,NA,1,2024-02-22fm_id_md_mms_omeka_ids.csv
6430,NA,1,2024-02-22fm_id_md_mms_omeka_ids.csv
6431,NA,1,2024-02-22fm_id_md_mms_omeka_ids.csv
6432,NA,1,2024-02-22fm_id_md_mms_omeka_ids.csv
6433,NA,1,2024-02-22fm_id_md_mms_omeka_ids.csv
6434,NA,1,2024-02-22fm_id_md_mms_omeka_ids.csv
6435,NA,1,2024-02-22fm_id_md_mms_omeka_ids.csv
6436,NA,1,2024-02-22fm_id_md_mms_omeka_ids.csv
6437,NA,1,2024-02-22fm_id_md_mms_omeka_ids.csv
6438,NA,1,2024-02-22fm_id_md_mms_omeka_ids.csv
6439,NA,1,2024-02-22fm_id_md_mms_omeka_ids.csv
6440,NA,1,2024-02-22fm_id_md_mms_omeka_ids.csv
6441,NA,1,2024-02-22fm_id_md_mms_omeka_ids.csv
6442,NA,1,2024-02-22fm_id_md_mms_omeka_ids.csv
6443,NA,1,2024-02-22fm_id_md_mms_omeka_ids.csv
6444,NA,1,2024-02-22fm_id_md_mms_omeka_ids.csv
6445,NA,1,2024-02-22fm_id_md_mms_omeka_ids.csv
6446,NA,1,2024-02-22fm_id_md_mms_omeka_ids.csv
6447,NA,1,2024-02-22fm_id_md_mms_omeka_ids.csv
6448,NA,1,2024-02-22fm_id_md_mms_omeka_ids.csv
6449,NA,1,2024-02-22fm_id_md_mms_omeka_ids.csv
6450,NA,1,2024-02-22fm_id_md_mms_omeka_ids.csv
6451,NA,1,2024-02-22fm_id_md_mms_omeka_ids.csv
6452,NA,1,2024-02-22fm_id_md_mms_omeka_ids.csv
6453,NA,1,2024-02-22fm_id_md_mms_omeka_ids.csv
6454,https://www.kuleuven.be/lectio/magisterdixit/items/show/271,1,2024-02-22fm_id_md_mms_omeka_ids.csv
6455,NA,1,2024-02-22fm_id_md_mms_omeka_ids.csv
6456,https://www.kuleuven.be/lectio/magisterdixit/items/show/280,1,2024-02-22fm_id_md_mms_omeka_ids.csv
6457,https://www.kuleuven.be/lectio/magisterdixit/items/show/112,1,2024-02-22fm_id_md_mms_omeka_ids.csv
6458,https://www.kuleuven.be/lectio/magisterdixit/items/show/613,1,2024-02-22fm_id_md_mms_omeka_ids.csv
6459,https://www.kuleuven.be/lectio/magisterdixit/items/show/295,1,2024-02-22fm_id_md_mms_omeka_ids.csv
6460,https://www.kuleuven.be/lectio/magisterdixit/items/show/94,1,2024-02-22fm_id_md_mms_omeka_ids.csv
6461,https://www.kuleuven.be/lectio/magisterdixit/items/show/79,1,2024-02-22fm_id_md_mms_omeka_ids.csv
6462,https://www.kuleuven.be/lectio/magisterdixit/items/show/133,1,2024-02-22fm_id_md_mms_omeka_ids.csv
6463,https://www.kuleuven.be/lectio/magisterdixit/items/show/283,1,2024-02-22fm_id_md_mms_omeka_ids.csv
6464,https://www.kuleuven.be/lectio/magisterdixit/items/show/1039,1,2024-02-22fm_id_md_mms_omeka_ids.csv
6465,https://www.kuleuven.be/lectio/magisterdixit/items/show/1036,1,2024-02-22fm_id_md_mms_omeka_ids.csv
6466,https://www.kuleuven.be/lectio/magisterdixit/items/show/97,1,2024-02-22fm_id_md_mms_omeka_ids.csv
6467,https://www.kuleuven.be/lectio/magisterdixit/items/show/292,1,2024-02-22fm_id_md_mms_omeka_ids.csv
6468,https://www.kuleuven.be/lectio/magisterdixit/items/show/298,1,2024-02-22fm_id_md_mms_omeka_ids.csv
6469,https://www.kuleuven.be/lectio/magisterdixit/items/show/1006,1,2024-02-22fm_id_md_mms_omeka_ids.csv
6470,https://www.kuleuven.be/lectio/magisterdixit/items/show/301,1,2024-02-22fm_id_md_mms_omeka_ids.csv
6471,https://www.kuleuven.be/lectio/magisterdixit/items/show/1003,1,2024-02-22fm_id_md_mms_omeka_ids.csv
6472,https://www.kuleuven.be/lectio/magisterdixit/items/show/304,1,2024-02-22fm_id_md_mms_omeka_ids.csv
6473,https://www.kuleuven.be/lectio/magisterdixit/items/show/307,1,2024-02-22fm_id_md_mms_omeka_ids.csv
6474,https://www.kuleuven.be/lectio/magisterdixit/items/show/310,1,2024-02-22fm_id_md_mms_omeka_ids.csv
6475,https://www.kuleuven.be/lectio/magisterdixit/items/show/313,1,2024-02-22fm_id_md_mms_omeka_ids.csv
6476,https://www.kuleuven.be/lectio/magisterdixit/items/show/316,1,2024-02-22fm_id_md_mms_omeka_ids.csv
6477,https://www.kuleuven.be/lectio/magisterdixit/items/show/319,1,2024-02-22fm_id_md_mms_omeka_ids.csv
6478,https://www.kuleuven.be/lectio/magisterdixit/items/show/325,1,2024-02-22fm_id_md_mms_omeka_ids.csv
6479,https://www.kuleuven.be/lectio/magisterdixit/items/show/328,1,2024-02-22fm_id_md_mms_omeka_ids.csv
6480,https://www.kuleuven.be/lectio/magisterdixit/items/show/331,1,2024-02-22fm_id_md_mms_omeka_ids.csv
6481,https://www.kuleuven.be/lectio/magisterdixit/items/show/334,1,2024-02-22fm_id_md_mms_omeka_ids.csv
6482,https://www.kuleuven.be/lectio/magisterdixit/items/show/106,1,2024-02-22fm_id_md_mms_omeka_ids.csv
6483,https://www.kuleuven.be/lectio/magisterdixit/items/show/337,1,2024-02-22fm_id_md_mms_omeka_ids.csv
6484,https://www.kuleuven.be/lectio/magisterdixit/items/show/340,1,2024-02-22fm_id_md_mms_omeka_ids.csv
6485,https://www.kuleuven.be/lectio/magisterdixit/items/show/343,1,2024-02-22fm_id_md_mms_omeka_ids.csv
6486,https://www.kuleuven.be/lectio/magisterdixit/items/show/40,1,2024-02-22fm_id_md_mms_omeka_ids.csv
6487,https://www.kuleuven.be/lectio/magisterdixit/items/show/346,1,2024-02-22fm_id_md_mms_omeka_ids.csv
6488,https://www.kuleuven.be/lectio/magisterdixit/items/show/352,1,2024-02-22fm_id_md_mms_omeka_ids.csv
6489,https://www.kuleuven.be/lectio/magisterdixit/items/show/355,1,2024-02-22fm_id_md_mms_omeka_ids.csv
6490,https://www.kuleuven.be/lectio/magisterdixit/items/show/895,1,2024-02-22fm_id_md_mms_omeka_ids.csv
6491,https://www.kuleuven.be/lectio/magisterdixit/items/show/1066,1,2024-02-22fm_id_md_mms_omeka_ids.csv
6492,https://www.kuleuven.be/lectio/magisterdixit/items/show/103,1,2024-02-22fm_id_md_mms_omeka_ids.csv
6493,https://www.kuleuven.be/lectio/magisterdixit/items/show/1075,1,2024-02-22fm_id_md_mms_omeka_ids.csv
6494,https://www.kuleuven.be/lectio/magisterdixit/items/show/358,1,2024-02-22fm_id_md_mms_omeka_ids.csv
6495,https://www.kuleuven.be/lectio/magisterdixit/items/show/361,1,2024-02-22fm_id_md_mms_omeka_ids.csv
6496,https://www.kuleuven.be/lectio/magisterdixit/items/show/400,1,2024-02-22fm_id_md_mms_omeka_ids.csv
6497,https://www.kuleuven.be/lectio/magisterdixit/items/show/364,1,2024-02-22fm_id_md_mms_omeka_ids.csv
6498,https://www.kuleuven.be/lectio/magisterdixit/items/show/367,1,2024-02-22fm_id_md_mms_omeka_ids.csv
6499,https://www.kuleuven.be/lectio/magisterdixit/items/show/49,1,2024-02-22fm_id_md_mms_omeka_ids.csv
6500,https://www.kuleuven.be/lectio/magisterdixit/items/show/370,1,2024-02-22fm_id_md_mms_omeka_ids.csv
6501,https://www.kuleuven.be/lectio/magisterdixit/items/show/145,1,2024-02-22fm_id_md_mms_omeka_ids.csv
6502,https://www.kuleuven.be/lectio/magisterdixit/items/show/373,1,2024-02-22fm_id_md_mms_omeka_ids.csv
6503,https://www.kuleuven.be/lectio/magisterdixit/items/show/376,1,2024-02-22fm_id_md_mms_omeka_ids.csv
6504,https://www.kuleuven.be/lectio/magisterdixit/items/show/379,1,2024-02-22fm_id_md_mms_omeka_ids.csv
6505,https://www.kuleuven.be/lectio/magisterdixit/items/show/382,1,2024-02-22fm_id_md_mms_omeka_ids.csv
6506,https://www.kuleuven.be/lectio/magisterdixit/items/show/139,1,2024-02-22fm_id_md_mms_omeka_ids.csv
6507,https://www.kuleuven.be/lectio/magisterdixit/items/show/385,1,2024-02-22fm_id_md_mms_omeka_ids.csv
6508,https://www.kuleuven.be/lectio/magisterdixit/items/show/136,1,2024-02-22fm_id_md_mms_omeka_ids.csv
6509,https://www.kuleuven.be/lectio/magisterdixit/items/show/115,1,2024-02-22fm_id_md_mms_omeka_ids.csv
6510,https://www.kuleuven.be/lectio/magisterdixit/items/show/388,1,2024-02-22fm_id_md_mms_omeka_ids.csv
6511,https://www.kuleuven.be/lectio/magisterdixit/items/show/391,1,2024-02-22fm_id_md_mms_omeka_ids.csv
6512,https://www.kuleuven.be/lectio/magisterdixit/items/show/394,1,2024-02-22fm_id_md_mms_omeka_ids.csv
6513,https://www.kuleuven.be/lectio/magisterdixit/items/show/148,1,2024-02-22fm_id_md_mms_omeka_ids.csv
6514,https://www.kuleuven.be/lectio/magisterdixit/items/show/397,1,2024-02-22fm_id_md_mms_omeka_ids.csv
6515,https://www.kuleuven.be/lectio/magisterdixit/items/show/403,1,2024-02-22fm_id_md_mms_omeka_ids.csv
6516,https://www.kuleuven.be/lectio/magisterdixit/items/show/406,1,2024-02-22fm_id_md_mms_omeka_ids.csv
6517,https://www.kuleuven.be/lectio/magisterdixit/items/show/409,1,2024-02-22fm_id_md_mms_omeka_ids.csv
6518,https://www.kuleuven.be/lectio/magisterdixit/items/show/415,1,2024-02-22fm_id_md_mms_omeka_ids.csv
6519,https://www.kuleuven.be/lectio/magisterdixit/items/show/421,1,2024-02-22fm_id_md_mms_omeka_ids.csv
6520,https://www.kuleuven.be/lectio/magisterdixit/items/show/424,1,2024-02-22fm_id_md_mms_omeka_ids.csv
6521,https://www.kuleuven.be/lectio/magisterdixit/items/show/109,1,2024-02-22fm_id_md_mms_omeka_ids.csv
6522,https://www.kuleuven.be/lectio/magisterdixit/items/show/118,1,2024-02-22fm_id_md_mms_omeka_ids.csv
6523,https://www.kuleuven.be/lectio/magisterdixit/items/show/427,1,2024-02-22fm_id_md_mms_omeka_ids.csv
6524,https://www.kuleuven.be/lectio/magisterdixit/items/show/433,1,2024-02-22fm_id_md_mms_omeka_ids.csv
6525,https://www.kuleuven.be/lectio/magisterdixit/items/show/436,1,2024-02-22fm_id_md_mms_omeka_ids.csv
6526,https://www.kuleuven.be/lectio/magisterdixit/items/show/439,1,2024-02-22fm_id_md_mms_omeka_ids.csv
6527,https://www.kuleuven.be/lectio/magisterdixit/items/show/442,1,2024-02-22fm_id_md_mms_omeka_ids.csv
6528,https://www.kuleuven.be/lectio/magisterdixit/items/show/445,1,2024-02-22fm_id_md_mms_omeka_ids.csv
6529,https://www.kuleuven.be/lectio/magisterdixit/items/show/448,1,2024-02-22fm_id_md_mms_omeka_ids.csv
6530,https://www.kuleuven.be/lectio/magisterdixit/items/show/451,1,2024-02-22fm_id_md_mms_omeka_ids.csv
6531,https://www.kuleuven.be/lectio/magisterdixit/items/show/952,1,2024-02-22fm_id_md_mms_omeka_ids.csv
6532,https://www.kuleuven.be/lectio/magisterdixit/items/show/454,1,2024-02-22fm_id_md_mms_omeka_ids.csv
6533,https://www.kuleuven.be/lectio/magisterdixit/items/show/457,1,2024-02-22fm_id_md_mms_omeka_ids.csv
6534,https://www.kuleuven.be/lectio/magisterdixit/items/show/460,1,2024-02-22fm_id_md_mms_omeka_ids.csv
6535,https://www.kuleuven.be/lectio/magisterdixit/items/show/61,1,2024-02-22fm_id_md_mms_omeka_ids.csv
6536,https://www.kuleuven.be/lectio/magisterdixit/items/show/463,1,2024-02-22fm_id_md_mms_omeka_ids.csv
6537,https://www.kuleuven.be/lectio/magisterdixit/items/show/967,1,2024-02-22fm_id_md_mms_omeka_ids.csv
6538,https://www.kuleuven.be/lectio/magisterdixit/items/show/970,1,2024-02-22fm_id_md_mms_omeka_ids.csv
6539,https://www.kuleuven.be/lectio/magisterdixit/items/show/466,1,2024-02-22fm_id_md_mms_omeka_ids.csv
6540,https://www.kuleuven.be/lectio/magisterdixit/items/show/469,1,2024-02-22fm_id_md_mms_omeka_ids.csv
6541,https://www.kuleuven.be/lectio/magisterdixit/items/show/964,1,2024-02-22fm_id_md_mms_omeka_ids.csv
6542,https://www.kuleuven.be/lectio/magisterdixit/items/show/973,1,2024-02-22fm_id_md_mms_omeka_ids.csv
6543,https://www.kuleuven.be/lectio/magisterdixit/items/show/976,1,2024-02-22fm_id_md_mms_omeka_ids.csv
6544,https://www.kuleuven.be/lectio/magisterdixit/items/show/961,1,2024-02-22fm_id_md_mms_omeka_ids.csv
6545,https://www.kuleuven.be/lectio/magisterdixit/items/show/979,1,2024-02-22fm_id_md_mms_omeka_ids.csv
6546,https://www.kuleuven.be/lectio/magisterdixit/items/show/982,1,2024-02-22fm_id_md_mms_omeka_ids.csv
6547,https://www.kuleuven.be/lectio/magisterdixit/items/show/985,1,2024-02-22fm_id_md_mms_omeka_ids.csv
6548,https://www.kuleuven.be/lectio/magisterdixit/items/show/478,1,2024-02-22fm_id_md_mms_omeka_ids.csv
6549,https://www.kuleuven.be/lectio/magisterdixit/items/show/988,1,2024-02-22fm_id_md_mms_omeka_ids.csv
6550,https://www.kuleuven.be/lectio/magisterdixit/items/show/991,1,2024-02-22fm_id_md_mms_omeka_ids.csv
6551,https://www.kuleuven.be/lectio/magisterdixit/items/show/994,1,2024-02-22fm_id_md_mms_omeka_ids.csv
6552,https://www.kuleuven.be/lectio/magisterdixit/items/show/997,1,2024-02-22fm_id_md_mms_omeka_ids.csv
6553,https://www.kuleuven.be/lectio/magisterdixit/items/show/1000,1,2024-02-22fm_id_md_mms_omeka_ids.csv
6554,https://www.kuleuven.be/lectio/magisterdixit/items/show/1533,1,2024-02-22fm_id_md_mms_omeka_ids.csv
6555,https://www.kuleuven.be/lectio/magisterdixit/items/show/1542,1,2024-02-22fm_id_md_mms_omeka_ids.csv
6556,https://www.kuleuven.be/lectio/magisterdixit/items/show/1539,1,2024-02-22fm_id_md_mms_omeka_ids.csv
6557,https://www.kuleuven.be/lectio/magisterdixit/items/show/1536,1,2024-02-22fm_id_md_mms_omeka_ids.csv
6558,https://www.kuleuven.be/lectio/magisterdixit/items/show/1545,1,2024-02-22fm_id_md_mms_omeka_ids.csv
6559,https://www.kuleuven.be/lectio/magisterdixit/items/show/1485,1,2024-02-22fm_id_md_mms_omeka_ids.csv
6560,https://www.kuleuven.be/lectio/magisterdixit/items/show/1488,1,2024-02-22fm_id_md_mms_omeka_ids.csv
6561,https://www.kuleuven.be/lectio/magisterdixit/items/show/1506,1,2024-02-22fm_id_md_mms_omeka_ids.csv
6562,https://www.kuleuven.be/lectio/magisterdixit/items/show/1503,1,2024-02-22fm_id_md_mms_omeka_ids.csv
6563,https://www.kuleuven.be/lectio/magisterdixit/items/show/1494,1,2024-02-22fm_id_md_mms_omeka_ids.csv
6564,https://www.kuleuven.be/lectio/magisterdixit/items/show/1449,1,2024-02-22fm_id_md_mms_omeka_ids.csv
6565,https://www.kuleuven.be/lectio/magisterdixit/items/show/1512,1,2024-02-22fm_id_md_mms_omeka_ids.csv
6566,https://www.kuleuven.be/lectio/magisterdixit/items/show/1509,1,2024-02-22fm_id_md_mms_omeka_ids.csv
6567,https://www.kuleuven.be/lectio/magisterdixit/items/show/1491,1,2024-02-22fm_id_md_mms_omeka_ids.csv
6568,https://www.kuleuven.be/lectio/magisterdixit/items/show/1500,1,2024-02-22fm_id_md_mms_omeka_ids.csv
6569,https://www.kuleuven.be/lectio/magisterdixit/items/show/1497,1,2024-02-22fm_id_md_mms_omeka_ids.csv
6570,https://www.kuleuven.be/lectio/magisterdixit/items/show/1455,1,2024-02-22fm_id_md_mms_omeka_ids.csv
6571,https://www.kuleuven.be/lectio/magisterdixit/items/show/1452,1,2024-02-22fm_id_md_mms_omeka_ids.csv
6572,https://www.kuleuven.be/lectio/magisterdixit/items/show/1461,1,2024-02-22fm_id_md_mms_omeka_ids.csv
6573,https://www.kuleuven.be/lectio/magisterdixit/items/show/1458,1,2024-02-22fm_id_md_mms_omeka_ids.csv
6574,https://www.kuleuven.be/lectio/magisterdixit/items/show/1464,1,2024-02-22fm_id_md_mms_omeka_ids.csv
6575,https://www.kuleuven.be/lectio/magisterdixit/items/show/1470,1,2024-02-22fm_id_md_mms_omeka_ids.csv
6576,https://www.kuleuven.be/lectio/magisterdixit/items/show/1422,1,2024-02-22fm_id_md_mms_omeka_ids.csv
6577,https://www.kuleuven.be/lectio/magisterdixit/items/show/1419,1,2024-02-22fm_id_md_mms_omeka_ids.csv
6578,https://www.kuleuven.be/lectio/magisterdixit/items/show/1425,1,2024-02-22fm_id_md_mms_omeka_ids.csv
6579,https://www.kuleuven.be/lectio/magisterdixit/items/show/1482,1,2024-02-22fm_id_md_mms_omeka_ids.csv
6580,https://www.kuleuven.be/lectio/magisterdixit/items/show/1476,1,2024-02-22fm_id_md_mms_omeka_ids.csv
6581,https://www.kuleuven.be/lectio/magisterdixit/items/show/1473,1,2024-02-22fm_id_md_mms_omeka_ids.csv
6582,https://www.kuleuven.be/lectio/magisterdixit/items/show/1440,1,2024-02-22fm_id_md_mms_omeka_ids.csv
6583,https://www.kuleuven.be/lectio/magisterdixit/items/show/1437,1,2024-02-22fm_id_md_mms_omeka_ids.csv
6584,https://www.kuleuven.be/lectio/magisterdixit/items/show/1431,1,2024-02-22fm_id_md_mms_omeka_ids.csv
6585,https://www.kuleuven.be/lectio/magisterdixit/items/show/1428,1,2024-02-22fm_id_md_mms_omeka_ids.csv
6586,https://www.kuleuven.be/lectio/magisterdixit/items/show/1443,1,2024-02-22fm_id_md_mms_omeka_ids.csv
6587,https://www.kuleuven.be/lectio/magisterdixit/items/show/1434,1,2024-02-22fm_id_md_mms_omeka_ids.csv
6588,https://www.kuleuven.be/lectio/magisterdixit/items/show/1446,1,2024-02-22fm_id_md_mms_omeka_ids.csv
6589,https://www.kuleuven.be/lectio/magisterdixit/items/show/1395,1,2024-02-22fm_id_md_mms_omeka_ids.csv
6590,https://www.kuleuven.be/lectio/magisterdixit/items/show/1392,1,2024-02-22fm_id_md_mms_omeka_ids.csv
6591,https://www.kuleuven.be/lectio/magisterdixit/items/show/1389,1,2024-02-22fm_id_md_mms_omeka_ids.csv
6592,https://www.kuleuven.be/lectio/magisterdixit/items/show/1401,1,2024-02-22fm_id_md_mms_omeka_ids.csv
6593,https://www.kuleuven.be/lectio/magisterdixit/items/show/1398,1,2024-02-22fm_id_md_mms_omeka_ids.csv
6594,https://www.kuleuven.be/lectio/magisterdixit/items/show/1407,1,2024-02-22fm_id_md_mms_omeka_ids.csv
6595,https://www.kuleuven.be/lectio/magisterdixit/items/show/1404,1,2024-02-22fm_id_md_mms_omeka_ids.csv
6596,https://www.kuleuven.be/lectio/magisterdixit/items/show/1410,1,2024-02-22fm_id_md_mms_omeka_ids.csv
6597,https://www.kuleuven.be/lectio/magisterdixit/items/show/1416,1,2024-02-22fm_id_md_mms_omeka_ids.csv
6598,https://www.kuleuven.be/lectio/magisterdixit/items/show/1413,1,2024-02-22fm_id_md_mms_omeka_ids.csv
6599,https://www.kuleuven.be/lectio/magisterdixit/items/show/1353,1,2024-02-22fm_id_md_mms_omeka_ids.csv
6600,https://www.kuleuven.be/lectio/magisterdixit/items/show/1356,1,2024-02-22fm_id_md_mms_omeka_ids.csv
6601,https://www.kuleuven.be/lectio/magisterdixit/items/show/1362,1,2024-02-22fm_id_md_mms_omeka_ids.csv
6602,https://www.kuleuven.be/lectio/magisterdixit/items/show/1365,1,2024-02-22fm_id_md_mms_omeka_ids.csv
6603,https://www.kuleuven.be/lectio/magisterdixit/items/show/1368,1,2024-02-22fm_id_md_mms_omeka_ids.csv
6604,https://www.kuleuven.be/lectio/magisterdixit/items/show/1371,1,2024-02-22fm_id_md_mms_omeka_ids.csv
6605,https://www.kuleuven.be/lectio/magisterdixit/items/show/1383,1,2024-02-22fm_id_md_mms_omeka_ids.csv
6606,https://www.kuleuven.be/lectio/magisterdixit/items/show/1380,1,2024-02-22fm_id_md_mms_omeka_ids.csv
6607,https://www.kuleuven.be/lectio/magisterdixit/items/show/1377,1,2024-02-22fm_id_md_mms_omeka_ids.csv
6608,https://www.kuleuven.be/lectio/magisterdixit/items/show/1332,1,2024-02-22fm_id_md_mms_omeka_ids.csv
6609,https://www.kuleuven.be/lectio/magisterdixit/items/show/1329,1,2024-02-22fm_id_md_mms_omeka_ids.csv
6610,https://www.kuleuven.be/lectio/magisterdixit/items/show/1386,1,2024-02-22fm_id_md_mms_omeka_ids.csv
6611,https://www.kuleuven.be/lectio/magisterdixit/items/show/1326,1,2024-02-22fm_id_md_mms_omeka_ids.csv
6612,https://www.kuleuven.be/lectio/magisterdixit/items/show/1320,1,2024-02-22fm_id_md_mms_omeka_ids.csv
6613,https://www.kuleuven.be/lectio/magisterdixit/items/show/1335,1,2024-02-22fm_id_md_mms_omeka_ids.csv
6614,https://www.kuleuven.be/lectio/magisterdixit/items/show/1341,1,2024-02-22fm_id_md_mms_omeka_ids.csv
6615,https://www.kuleuven.be/lectio/magisterdixit/items/show/1338,1,2024-02-22fm_id_md_mms_omeka_ids.csv
6616,https://www.kuleuven.be/lectio/magisterdixit/items/show/1347,1,2024-02-22fm_id_md_mms_omeka_ids.csv
6617,https://www.kuleuven.be/lectio/magisterdixit/items/show/1344,1,2024-02-22fm_id_md_mms_omeka_ids.csv
6618,https://www.kuleuven.be/lectio/magisterdixit/items/show/1350,1,2024-02-22fm_id_md_mms_omeka_ids.csv
6619,https://www.kuleuven.be/lectio/magisterdixit/items/show/1290,1,2024-02-22fm_id_md_mms_omeka_ids.csv
6620,https://www.kuleuven.be/lectio/magisterdixit/items/show/1296,1,2024-02-22fm_id_md_mms_omeka_ids.csv
6621,https://www.kuleuven.be/lectio/magisterdixit/items/show/1293,1,2024-02-22fm_id_md_mms_omeka_ids.csv
6622,https://www.kuleuven.be/lectio/magisterdixit/items/show/1299,1,2024-02-22fm_id_md_mms_omeka_ids.csv
6623,https://www.kuleuven.be/lectio/magisterdixit/items/show/1816,1,2024-02-22fm_id_md_mms_omeka_ids.csv
6624,https://www.kuleuven.be/lectio/magisterdixit/items/show/1302,1,2024-02-22fm_id_md_mms_omeka_ids.csv
6625,https://www.kuleuven.be/lectio/magisterdixit/items/show/1305,1,2024-02-22fm_id_md_mms_omeka_ids.csv
6626,https://www.kuleuven.be/lectio/magisterdixit/items/show/1314,1,2024-02-22fm_id_md_mms_omeka_ids.csv
6627,https://www.kuleuven.be/lectio/magisterdixit/items/show/1308,1,2024-02-22fm_id_md_mms_omeka_ids.csv
6628,https://www.kuleuven.be/lectio/magisterdixit/items/show/1311,1,2024-02-22fm_id_md_mms_omeka_ids.csv
6629,https://www.kuleuven.be/lectio/magisterdixit/items/show/1263,1,2024-02-22fm_id_md_mms_omeka_ids.csv
6630,https://www.kuleuven.be/lectio/magisterdixit/items/show/1260,1,2024-02-22fm_id_md_mms_omeka_ids.csv
6631,https://www.kuleuven.be/lectio/magisterdixit/items/show/1317,1,2024-02-22fm_id_md_mms_omeka_ids.csv
6632,https://www.kuleuven.be/lectio/magisterdixit/items/show/1272,1,2024-02-22fm_id_md_mms_omeka_ids.csv
6633,https://www.kuleuven.be/lectio/magisterdixit/items/show/1269,1,2024-02-22fm_id_md_mms_omeka_ids.csv
6634,https://www.kuleuven.be/lectio/magisterdixit/items/show/1266,1,2024-02-22fm_id_md_mms_omeka_ids.csv
6635,https://www.kuleuven.be/lectio/magisterdixit/items/show/1284,1,2024-02-22fm_id_md_mms_omeka_ids.csv
6636,https://www.kuleuven.be/lectio/magisterdixit/items/show/1281,1,2024-02-22fm_id_md_mms_omeka_ids.csv
6637,https://www.kuleuven.be/lectio/magisterdixit/items/show/1278,1,2024-02-22fm_id_md_mms_omeka_ids.csv
6638,https://www.kuleuven.be/lectio/magisterdixit/items/show/1287,1,2024-02-22fm_id_md_mms_omeka_ids.csv
6639,https://www.kuleuven.be/lectio/magisterdixit/items/show/1275,1,2024-02-22fm_id_md_mms_omeka_ids.csv
6640,https://www.kuleuven.be/lectio/magisterdixit/items/show/1245,1,2024-02-22fm_id_md_mms_omeka_ids.csv
6641,https://www.kuleuven.be/lectio/magisterdixit/items/show/1242,1,2024-02-22fm_id_md_mms_omeka_ids.csv
6642,https://www.kuleuven.be/lectio/magisterdixit/items/show/1239,1,2024-02-22fm_id_md_mms_omeka_ids.csv
6643,https://www.kuleuven.be/lectio/magisterdixit/items/show/1236,1,2024-02-22fm_id_md_mms_omeka_ids.csv
6644,https://www.kuleuven.be/lectio/magisterdixit/items/show/1251,1,2024-02-22fm_id_md_mms_omeka_ids.csv
6645,https://www.kuleuven.be/lectio/magisterdixit/items/show/1248,1,2024-02-22fm_id_md_mms_omeka_ids.csv
6646,https://www.kuleuven.be/lectio/magisterdixit/items/show/1233,1,2024-02-22fm_id_md_mms_omeka_ids.csv
6647,https://www.kuleuven.be/lectio/magisterdixit/items/show/1230,1,2024-02-22fm_id_md_mms_omeka_ids.csv
6648,https://www.kuleuven.be/lectio/magisterdixit/items/show/1254,1,2024-02-22fm_id_md_mms_omeka_ids.csv
6649,https://www.kuleuven.be/lectio/magisterdixit/items/show/1257,1,2024-02-22fm_id_md_mms_omeka_ids.csv
6650,https://www.kuleuven.be/lectio/magisterdixit/items/show/1209,1,2024-02-22fm_id_md_mms_omeka_ids.csv
6651,https://www.kuleuven.be/lectio/magisterdixit/items/show/1203,1,2024-02-22fm_id_md_mms_omeka_ids.csv
6652,https://www.kuleuven.be/lectio/magisterdixit/items/show/1200,1,2024-02-22fm_id_md_mms_omeka_ids.csv
6653,https://www.kuleuven.be/lectio/magisterdixit/items/show/1218,1,2024-02-22fm_id_md_mms_omeka_ids.csv
6654,https://www.kuleuven.be/lectio/magisterdixit/items/show/82,1,2024-02-22fm_id_md_mms_omeka_ids.csv
6655,https://www.kuleuven.be/lectio/magisterdixit/items/show/1009,1,2024-02-22fm_id_md_mms_omeka_ids.csv
6656,https://www.kuleuven.be/lectio/magisterdixit/items/show/43,1,2024-02-22fm_id_md_mms_omeka_ids.csv
6657,https://www.kuleuven.be/lectio/magisterdixit/items/show/1012,1,2024-02-22fm_id_md_mms_omeka_ids.csv
6658,https://www.kuleuven.be/lectio/magisterdixit/items/show/1015,1,2024-02-22fm_id_md_mms_omeka_ids.csv
6659,https://www.kuleuven.be/lectio/magisterdixit/items/show/1018,1,2024-02-22fm_id_md_mms_omeka_ids.csv
6660,https://www.kuleuven.be/lectio/magisterdixit/items/show/481,1,2024-02-22fm_id_md_mms_omeka_ids.csv
6661,https://www.kuleuven.be/lectio/magisterdixit/items/show/484,1,2024-02-22fm_id_md_mms_omeka_ids.csv
6662,https://www.kuleuven.be/lectio/magisterdixit/items/show/58,1,2024-02-22fm_id_md_mms_omeka_ids.csv
6663,https://www.kuleuven.be/lectio/magisterdixit/items/show/1021,1,2024-02-22fm_id_md_mms_omeka_ids.csv
6664,https://www.kuleuven.be/lectio/magisterdixit/items/show/1024,1,2024-02-22fm_id_md_mms_omeka_ids.csv
6665,https://www.kuleuven.be/lectio/magisterdixit/items/show/1027,1,2024-02-22fm_id_md_mms_omeka_ids.csv
6666,https://www.kuleuven.be/lectio/magisterdixit/items/show/1030,1,2024-02-22fm_id_md_mms_omeka_ids.csv
6667,https://www.kuleuven.be/lectio/magisterdixit/items/show/121,1,2024-02-22fm_id_md_mms_omeka_ids.csv
6668,https://www.kuleuven.be/lectio/magisterdixit/items/show/1033,1,2024-02-22fm_id_md_mms_omeka_ids.csv
6669,https://www.kuleuven.be/lectio/magisterdixit/items/show/487,1,2024-02-22fm_id_md_mms_omeka_ids.csv
6670,https://www.kuleuven.be/lectio/magisterdixit/items/show/490,1,2024-02-22fm_id_md_mms_omeka_ids.csv
6671,https://www.kuleuven.be/lectio/magisterdixit/items/show/493,1,2024-02-22fm_id_md_mms_omeka_ids.csv
6672,https://www.kuleuven.be/lectio/magisterdixit/items/show/496,1,2024-02-22fm_id_md_mms_omeka_ids.csv
6673,https://www.kuleuven.be/lectio/magisterdixit/items/show/499,1,2024-02-22fm_id_md_mms_omeka_ids.csv
6674,https://www.kuleuven.be/lectio/magisterdixit/items/show/502,1,2024-02-22fm_id_md_mms_omeka_ids.csv
6675,https://www.kuleuven.be/lectio/magisterdixit/items/show/505,1,2024-02-22fm_id_md_mms_omeka_ids.csv
6676,https://www.kuleuven.be/lectio/magisterdixit/items/show/508,1,2024-02-22fm_id_md_mms_omeka_ids.csv
6677,https://www.kuleuven.be/lectio/magisterdixit/items/show/511,1,2024-02-22fm_id_md_mms_omeka_ids.csv
6678,https://www.kuleuven.be/lectio/magisterdixit/items/show/514,1,2024-02-22fm_id_md_mms_omeka_ids.csv
6679,https://www.kuleuven.be/lectio/magisterdixit/items/show/1072,1,2024-02-22fm_id_md_mms_omeka_ids.csv
6680,https://www.kuleuven.be/lectio/magisterdixit/items/show/1069,1,2024-02-22fm_id_md_mms_omeka_ids.csv
6681,https://www.kuleuven.be/lectio/magisterdixit/items/show/520,1,2024-02-22fm_id_md_mms_omeka_ids.csv
6682,https://www.kuleuven.be/lectio/magisterdixit/items/show/523,1,2024-02-22fm_id_md_mms_omeka_ids.csv
6683,https://www.kuleuven.be/lectio/magisterdixit/items/show/526,1,2024-02-22fm_id_md_mms_omeka_ids.csv
6684,https://www.kuleuven.be/lectio/magisterdixit/items/show/529,1,2024-02-22fm_id_md_mms_omeka_ids.csv
6685,https://www.kuleuven.be/lectio/magisterdixit/items/show/532,1,2024-02-22fm_id_md_mms_omeka_ids.csv
6686,https://www.kuleuven.be/lectio/magisterdixit/items/show/535,1,2024-02-22fm_id_md_mms_omeka_ids.csv
6687,https://www.kuleuven.be/lectio/magisterdixit/items/show/538,1,2024-02-22fm_id_md_mms_omeka_ids.csv
6688,https://www.kuleuven.be/lectio/magisterdixit/items/show/541,1,2024-02-22fm_id_md_mms_omeka_ids.csv
6689,https://www.kuleuven.be/lectio/magisterdixit/items/show/544,1,2024-02-22fm_id_md_mms_omeka_ids.csv
6690,https://www.kuleuven.be/lectio/magisterdixit/items/show/547,1,2024-02-22fm_id_md_mms_omeka_ids.csv
6691,https://www.kuleuven.be/lectio/magisterdixit/items/show/550,1,2024-02-22fm_id_md_mms_omeka_ids.csv
6692,https://www.kuleuven.be/lectio/magisterdixit/items/show/553,1,2024-02-22fm_id_md_mms_omeka_ids.csv
6693,https://www.kuleuven.be/lectio/magisterdixit/items/show/556,1,2024-02-22fm_id_md_mms_omeka_ids.csv
6694,https://www.kuleuven.be/lectio/magisterdixit/items/show/559,1,2024-02-22fm_id_md_mms_omeka_ids.csv
6695,https://www.kuleuven.be/lectio/magisterdixit/items/show/562,1,2024-02-22fm_id_md_mms_omeka_ids.csv
6696,https://www.kuleuven.be/lectio/magisterdixit/items/show/565,1,2024-02-22fm_id_md_mms_omeka_ids.csv
6697,https://www.kuleuven.be/lectio/magisterdixit/items/show/568,1,2024-02-22fm_id_md_mms_omeka_ids.csv
6698,https://www.kuleuven.be/lectio/magisterdixit/items/show/571,1,2024-02-22fm_id_md_mms_omeka_ids.csv
6699,https://www.kuleuven.be/lectio/magisterdixit/items/show/91,1,2024-02-22fm_id_md_mms_omeka_ids.csv
6700,https://www.kuleuven.be/lectio/magisterdixit/items/show/574,1,2024-02-22fm_id_md_mms_omeka_ids.csv
6701,https://www.kuleuven.be/lectio/magisterdixit/items/show/577,1,2024-02-22fm_id_md_mms_omeka_ids.csv
6702,https://www.kuleuven.be/lectio/magisterdixit/items/show/580,1,2024-02-22fm_id_md_mms_omeka_ids.csv
6703,https://www.kuleuven.be/lectio/magisterdixit/items/show/898,1,2024-02-22fm_id_md_mms_omeka_ids.csv
6704,https://www.kuleuven.be/lectio/magisterdixit/items/show/1045,1,2024-02-22fm_id_md_mms_omeka_ids.csv
6705,https://www.kuleuven.be/lectio/magisterdixit/items/show/1051,1,2024-02-22fm_id_md_mms_omeka_ids.csv
6706,https://www.kuleuven.be/lectio/magisterdixit/items/show/1048,1,2024-02-22fm_id_md_mms_omeka_ids.csv
6707,https://www.kuleuven.be/lectio/magisterdixit/items/show/583,1,2024-02-22fm_id_md_mms_omeka_ids.csv
6708,https://www.kuleuven.be/lectio/magisterdixit/items/show/943,1,2024-02-22fm_id_md_mms_omeka_ids.csv
6709,https://www.kuleuven.be/lectio/magisterdixit/items/show/64,1,2024-02-22fm_id_md_mms_omeka_ids.csv
6710,https://www.kuleuven.be/lectio/magisterdixit/items/show/586,1,2024-02-22fm_id_md_mms_omeka_ids.csv
6711,https://www.kuleuven.be/lectio/magisterdixit/items/show/589,1,2024-02-22fm_id_md_mms_omeka_ids.csv
6712,https://www.kuleuven.be/lectio/magisterdixit/items/show/592,1,2024-02-22fm_id_md_mms_omeka_ids.csv
6713,https://www.kuleuven.be/lectio/magisterdixit/items/show/595,1,2024-02-22fm_id_md_mms_omeka_ids.csv
6714,https://www.kuleuven.be/lectio/magisterdixit/items/show/598,1,2024-02-22fm_id_md_mms_omeka_ids.csv
6715,https://www.kuleuven.be/lectio/magisterdixit/items/show/34,1,2024-02-22fm_id_md_mms_omeka_ids.csv
6716,https://www.kuleuven.be/lectio/magisterdixit/items/show/70,1,2024-02-22fm_id_md_mms_omeka_ids.csv
6717,https://www.kuleuven.be/lectio/magisterdixit/items/show/1054,1,2024-02-22fm_id_md_mms_omeka_ids.csv
6718,https://www.kuleuven.be/lectio/magisterdixit/items/show/76,1,2024-02-22fm_id_md_mms_omeka_ids.csv
6719,https://www.kuleuven.be/lectio/magisterdixit/items/show/142,1,2024-02-22fm_id_md_mms_omeka_ids.csv
6720,https://www.kuleuven.be/lectio/magisterdixit/items/show/601,1,2024-02-22fm_id_md_mms_omeka_ids.csv
6721,https://www.kuleuven.be/lectio/magisterdixit/items/show/604,1,2024-02-22fm_id_md_mms_omeka_ids.csv
6722,https://www.kuleuven.be/lectio/magisterdixit/items/show/1063,1,2024-02-22fm_id_md_mms_omeka_ids.csv
6723,https://www.kuleuven.be/lectio/magisterdixit/items/show/124,1,2024-02-22fm_id_md_mms_omeka_ids.csv
6724,https://www.kuleuven.be/lectio/magisterdixit/items/show/73,1,2024-02-22fm_id_md_mms_omeka_ids.csv
6725,https://www.kuleuven.be/lectio/magisterdixit/items/show/607,1,2024-02-22fm_id_md_mms_omeka_ids.csv
6726,https://www.kuleuven.be/lectio/magisterdixit/items/show/52,1,2024-02-22fm_id_md_mms_omeka_ids.csv
6727,https://www.kuleuven.be/lectio/magisterdixit/items/show/1762,1,2024-02-22fm_id_md_mms_omeka_ids.csv
6728,https://www.kuleuven.be/lectio/magisterdixit/items/show/1789,1,2024-02-22fm_id_md_mms_omeka_ids.csv
6729,https://www.kuleuven.be/lectio/magisterdixit/items/show/1771,1,2024-02-22fm_id_md_mms_omeka_ids.csv
6730,https://www.kuleuven.be/lectio/magisterdixit/items/show/1774,1,2024-02-22fm_id_md_mms_omeka_ids.csv
6731,https://www.kuleuven.be/lectio/magisterdixit/items/show/1777,1,2024-02-22fm_id_md_mms_omeka_ids.csv
6732,https://www.kuleuven.be/lectio/magisterdixit/items/show/1792,1,2024-02-22fm_id_md_mms_omeka_ids.csv
6733,https://www.kuleuven.be/lectio/magisterdixit/items/show/1795,1,2024-02-22fm_id_md_mms_omeka_ids.csv
6734,https://www.kuleuven.be/lectio/magisterdixit/items/show/1798,1,2024-02-22fm_id_md_mms_omeka_ids.csv
6735,https://www.kuleuven.be/lectio/magisterdixit/items/show/1780,1,2024-02-22fm_id_md_mms_omeka_ids.csv
6736,https://www.kuleuven.be/lectio/magisterdixit/items/show/1783,1,2024-02-22fm_id_md_mms_omeka_ids.csv
6737,https://www.kuleuven.be/lectio/magisterdixit/items/show/1786,1,2024-02-22fm_id_md_mms_omeka_ids.csv
6738,https://www.kuleuven.be/lectio/magisterdixit/items/show/1801,1,2024-02-22fm_id_md_mms_omeka_ids.csv
6739,https://www.kuleuven.be/lectio/magisterdixit/items/show/1804,1,2024-02-22fm_id_md_mms_omeka_ids.csv
6740,https://www.kuleuven.be/lectio/magisterdixit/items/show/619,1,2024-02-22fm_id_md_mms_omeka_ids.csv
6741,https://www.kuleuven.be/lectio/magisterdixit/items/show/622,1,2024-02-22fm_id_md_mms_omeka_ids.csv
6742,https://www.kuleuven.be/lectio/magisterdixit/items/show/625,1,2024-02-22fm_id_md_mms_omeka_ids.csv
6743,https://www.kuleuven.be/lectio/magisterdixit/items/show/37,1,2024-02-22fm_id_md_mms_omeka_ids.csv
6744,https://www.kuleuven.be/lectio/magisterdixit/items/show/1765,1,2024-02-22fm_id_md_mms_omeka_ids.csv
6745,https://www.kuleuven.be/lectio/magisterdixit/items/show/1768,1,2024-02-22fm_id_md_mms_omeka_ids.csv
6746,https://www.kuleuven.be/lectio/magisterdixit/items/show/1723,1,2024-02-22fm_id_md_mms_omeka_ids.csv
6747,https://www.kuleuven.be/lectio/magisterdixit/items/show/631,1,2024-02-22fm_id_md_mms_omeka_ids.csv
6748,https://www.kuleuven.be/lectio/magisterdixit/items/show/253,1,2024-02-22fm_id_md_mms_omeka_ids.csv
6749,https://www.kuleuven.be/lectio/magisterdixit/items/show/637,1,2024-02-22fm_id_md_mms_omeka_ids.csv
6750,https://www.kuleuven.be/lectio/magisterdixit/items/show/640,1,2024-02-22fm_id_md_mms_omeka_ids.csv
6751,https://www.kuleuven.be/lectio/magisterdixit/items/show/643,1,2024-02-22fm_id_md_mms_omeka_ids.csv
6752,https://www.kuleuven.be/lectio/magisterdixit/items/show/646,1,2024-02-22fm_id_md_mms_omeka_ids.csv
6753,NA,1,2024-02-22fm_id_md_mms_omeka_ids.csv
6754,https://www.kuleuven.be/lectio/magisterdixit/items/show/85,1,2024-02-22fm_id_md_mms_omeka_ids.csv
6755,https://www.kuleuven.be/lectio/magisterdixit/items/show/649,1,2024-02-22fm_id_md_mms_omeka_ids.csv
6756,https://www.kuleuven.be/lectio/magisterdixit/items/show/652,1,2024-02-22fm_id_md_mms_omeka_ids.csv
6757,https://www.kuleuven.be/lectio/magisterdixit/items/show/67,1,2024-02-22fm_id_md_mms_omeka_ids.csv
6758,https://www.kuleuven.be/lectio/magisterdixit/items/show/46,1,2024-02-22fm_id_md_mms_omeka_ids.csv
6759,https://www.kuleuven.be/lectio/magisterdixit/items/show/172,1,2024-02-22fm_id_md_mms_omeka_ids.csv
6760,https://www.kuleuven.be/lectio/magisterdixit/items/show/190,1,2024-02-22fm_id_md_mms_omeka_ids.csv
6761,https://www.kuleuven.be/lectio/magisterdixit/items/show/151,1,2024-02-22fm_id_md_mms_omeka_ids.csv
6762,https://www.kuleuven.be/lectio/magisterdixit/items/show/217,1,2024-02-22fm_id_md_mms_omeka_ids.csv
6763,https://www.kuleuven.be/lectio/magisterdixit/items/show/163,1,2024-02-22fm_id_md_mms_omeka_ids.csv
6764,https://www.kuleuven.be/lectio/magisterdixit/items/show/157,1,2024-02-22fm_id_md_mms_omeka_ids.csv
6765,https://www.kuleuven.be/lectio/magisterdixit/items/show/202,1,2024-02-22fm_id_md_mms_omeka_ids.csv
6766,https://www.kuleuven.be/lectio/magisterdixit/items/show/226,1,2024-02-22fm_id_md_mms_omeka_ids.csv
6767,https://www.kuleuven.be/lectio/magisterdixit/items/show/169,1,2024-02-22fm_id_md_mms_omeka_ids.csv
6768,https://www.kuleuven.be/lectio/magisterdixit/items/show/232,1,2024-02-22fm_id_md_mms_omeka_ids.csv
6769,https://www.kuleuven.be/lectio/magisterdixit/items/show/193,1,2024-02-22fm_id_md_mms_omeka_ids.csv
6770,https://www.kuleuven.be/lectio/magisterdixit/items/show/181,1,2024-02-22fm_id_md_mms_omeka_ids.csv
6771,https://www.kuleuven.be/lectio/magisterdixit/items/show/208,1,2024-02-22fm_id_md_mms_omeka_ids.csv
6772,https://www.kuleuven.be/lectio/magisterdixit/items/show/166,1,2024-02-22fm_id_md_mms_omeka_ids.csv
6773,https://www.kuleuven.be/lectio/magisterdixit/items/show/247,1,2024-02-22fm_id_md_mms_omeka_ids.csv
6774,https://www.kuleuven.be/lectio/magisterdixit/items/show/220,1,2024-02-22fm_id_md_mms_omeka_ids.csv
6775,https://www.kuleuven.be/lectio/magisterdixit/items/show/154,1,2024-02-22fm_id_md_mms_omeka_ids.csv
6776,https://www.kuleuven.be/lectio/magisterdixit/items/show/250,1,2024-02-22fm_id_md_mms_omeka_ids.csv
6777,https://www.kuleuven.be/lectio/magisterdixit/items/show/187,1,2024-02-22fm_id_md_mms_omeka_ids.csv
6778,https://www.kuleuven.be/lectio/magisterdixit/items/show/175,1,2024-02-22fm_id_md_mms_omeka_ids.csv
6779,https://www.kuleuven.be/lectio/magisterdixit/items/show/160,1,2024-02-22fm_id_md_mms_omeka_ids.csv
6780,https://www.kuleuven.be/lectio/magisterdixit/items/show/235,1,2024-02-22fm_id_md_mms_omeka_ids.csv
6781,https://www.kuleuven.be/lectio/magisterdixit/items/show/241,1,2024-02-22fm_id_md_mms_omeka_ids.csv
6782,https://www.kuleuven.be/lectio/magisterdixit/items/show/196,1,2024-02-22fm_id_md_mms_omeka_ids.csv
6783,https://www.kuleuven.be/lectio/magisterdixit/items/show/223,1,2024-02-22fm_id_md_mms_omeka_ids.csv
6784,https://www.kuleuven.be/lectio/magisterdixit/items/show/244,1,2024-02-22fm_id_md_mms_omeka_ids.csv
6785,https://www.kuleuven.be/lectio/magisterdixit/items/show/205,1,2024-02-22fm_id_md_mms_omeka_ids.csv
6786,https://www.kuleuven.be/lectio/magisterdixit/items/show/229,1,2024-02-22fm_id_md_mms_omeka_ids.csv
6787,https://www.kuleuven.be/lectio/magisterdixit/items/show/178,1,2024-02-22fm_id_md_mms_omeka_ids.csv
6788,https://www.kuleuven.be/lectio/magisterdixit/items/show/199,1,2024-02-22fm_id_md_mms_omeka_ids.csv
6789,https://www.kuleuven.be/lectio/magisterdixit/items/show/184,1,2024-02-22fm_id_md_mms_omeka_ids.csv
6790,https://www.kuleuven.be/lectio/magisterdixit/items/show/214,1,2024-02-22fm_id_md_mms_omeka_ids.csv
6791,https://www.kuleuven.be/lectio/magisterdixit/items/show/238,1,2024-02-22fm_id_md_mms_omeka_ids.csv
6792,https://www.kuleuven.be/lectio/magisterdixit/items/show/211,1,2024-02-22fm_id_md_mms_omeka_ids.csv
6793,https://www.kuleuven.be/lectio/magisterdixit/items/show/673,1,2024-02-22fm_id_md_mms_omeka_ids.csv
6794,https://www.kuleuven.be/lectio/magisterdixit/items/show/949,1,2024-02-22fm_id_md_mms_omeka_ids.csv
6795,https://www.kuleuven.be/lectio/magisterdixit/items/show/946,1,2024-02-22fm_id_md_mms_omeka_ids.csv
6796,https://www.kuleuven.be/lectio/magisterdixit/items/show/658,1,2024-02-22fm_id_md_mms_omeka_ids.csv
6797,https://www.kuleuven.be/lectio/magisterdixit/items/show/661,1,2024-02-22fm_id_md_mms_omeka_ids.csv
6798,https://www.kuleuven.be/lectio/magisterdixit/items/show/664,1,2024-02-22fm_id_md_mms_omeka_ids.csv
6799,https://www.kuleuven.be/lectio/magisterdixit/items/show/667,1,2024-02-22fm_id_md_mms_omeka_ids.csv
6800,https://www.kuleuven.be/lectio/magisterdixit/items/show/670,1,2024-02-22fm_id_md_mms_omeka_ids.csv
6801,https://www.kuleuven.be/lectio/magisterdixit/items/show/655,1,2024-02-22fm_id_md_mms_omeka_ids.csv
6802,https://www.kuleuven.be/lectio/magisterdixit/items/show/130,1,2024-02-22fm_id_md_mms_omeka_ids.csv
6803,https://www.kuleuven.be/lectio/magisterdixit/items/show/676,1,2024-02-22fm_id_md_mms_omeka_ids.csv
6804,https://www.kuleuven.be/lectio/magisterdixit/items/show/685,1,2024-02-22fm_id_md_mms_omeka_ids.csv
6805,https://www.kuleuven.be/lectio/magisterdixit/items/show/688,1,2024-02-22fm_id_md_mms_omeka_ids.csv
6806,https://www.kuleuven.be/lectio/magisterdixit/items/show/691,1,2024-02-22fm_id_md_mms_omeka_ids.csv
6807,https://www.kuleuven.be/lectio/magisterdixit/items/show/694,1,2024-02-22fm_id_md_mms_omeka_ids.csv
6808,https://www.kuleuven.be/lectio/magisterdixit/items/show/697,1,2024-02-22fm_id_md_mms_omeka_ids.csv
6809,https://www.kuleuven.be/lectio/magisterdixit/items/show/700,1,2024-02-22fm_id_md_mms_omeka_ids.csv
6810,https://www.kuleuven.be/lectio/magisterdixit/items/show/703,1,2024-02-22fm_id_md_mms_omeka_ids.csv
6811,https://www.kuleuven.be/lectio/magisterdixit/items/show/682,1,2024-02-22fm_id_md_mms_omeka_ids.csv
6812,https://www.kuleuven.be/lectio/magisterdixit/items/show/709,1,2024-02-22fm_id_md_mms_omeka_ids.csv
6813,https://www.kuleuven.be/lectio/magisterdixit/items/show/712,1,2024-02-22fm_id_md_mms_omeka_ids.csv
6814,https://www.kuleuven.be/lectio/magisterdixit/items/show/718,1,2024-02-22fm_id_md_mms_omeka_ids.csv
6815,https://www.kuleuven.be/lectio/magisterdixit/items/show/1822,1,2024-02-22fm_id_md_mms_omeka_ids.csv
6816,https://www.kuleuven.be/lectio/magisterdixit/items/show/721,1,2024-02-22fm_id_md_mms_omeka_ids.csv
6817,https://www.kuleuven.be/lectio/magisterdixit/items/show/724,1,2024-02-22fm_id_md_mms_omeka_ids.csv
6818,https://www.kuleuven.be/lectio/magisterdixit/items/show/706,1,2024-02-22fm_id_md_mms_omeka_ids.csv
6819,https://www.kuleuven.be/lectio/magisterdixit/items/show/769,1,2024-02-22fm_id_md_mms_omeka_ids.csv
6820,https://www.kuleuven.be/lectio/magisterdixit/items/show/727,1,2024-02-22fm_id_md_mms_omeka_ids.csv
6821,https://www.kuleuven.be/lectio/magisterdixit/items/show/730,1,2024-02-22fm_id_md_mms_omeka_ids.csv
6822,https://www.kuleuven.be/lectio/magisterdixit/items/show/733,1,2024-02-22fm_id_md_mms_omeka_ids.csv
6823,https://www.kuleuven.be/lectio/magisterdixit/items/show/736,1,2024-02-22fm_id_md_mms_omeka_ids.csv
6824,https://www.kuleuven.be/lectio/magisterdixit/items/show/739,1,2024-02-22fm_id_md_mms_omeka_ids.csv
6825,https://www.kuleuven.be/lectio/magisterdixit/items/show/742,1,2024-02-22fm_id_md_mms_omeka_ids.csv
6826,https://www.kuleuven.be/lectio/magisterdixit/items/show/745,1,2024-02-22fm_id_md_mms_omeka_ids.csv
6827,https://www.kuleuven.be/lectio/magisterdixit/items/show/1060,1,2024-02-22fm_id_md_mms_omeka_ids.csv
6828,https://www.kuleuven.be/lectio/magisterdixit/items/show/748,1,2024-02-22fm_id_md_mms_omeka_ids.csv
6829,https://www.kuleuven.be/lectio/magisterdixit/items/show/751,1,2024-02-22fm_id_md_mms_omeka_ids.csv
6830,https://www.kuleuven.be/lectio/magisterdixit/items/show/754,1,2024-02-22fm_id_md_mms_omeka_ids.csv
6831,https://www.kuleuven.be/lectio/magisterdixit/items/show/757,1,2024-02-22fm_id_md_mms_omeka_ids.csv
6832,https://www.kuleuven.be/lectio/magisterdixit/items/show/760,1,2024-02-22fm_id_md_mms_omeka_ids.csv
6833,https://www.kuleuven.be/lectio/magisterdixit/items/show/763,1,2024-02-22fm_id_md_mms_omeka_ids.csv
6834,https://www.kuleuven.be/lectio/magisterdixit/items/show/766,1,2024-02-22fm_id_md_mms_omeka_ids.csv
6835,https://www.kuleuven.be/lectio/magisterdixit/items/show/772,1,2024-02-22fm_id_md_mms_omeka_ids.csv
6836,https://www.kuleuven.be/lectio/magisterdixit/items/show/775,1,2024-02-22fm_id_md_mms_omeka_ids.csv
6837,https://www.kuleuven.be/lectio/magisterdixit/items/show/817,1,2024-02-22fm_id_md_mms_omeka_ids.csv
6838,https://www.kuleuven.be/lectio/magisterdixit/items/show/778,1,2024-02-22fm_id_md_mms_omeka_ids.csv
6839,https://www.kuleuven.be/lectio/magisterdixit/items/show/781,1,2024-02-22fm_id_md_mms_omeka_ids.csv
6840,https://www.kuleuven.be/lectio/magisterdixit/items/show/784,1,2024-02-22fm_id_md_mms_omeka_ids.csv
6841,https://www.kuleuven.be/lectio/magisterdixit/items/show/787,1,2024-02-22fm_id_md_mms_omeka_ids.csv
6842,https://www.kuleuven.be/lectio/magisterdixit/items/show/805,1,2024-02-22fm_id_md_mms_omeka_ids.csv
6843,https://www.kuleuven.be/lectio/magisterdixit/items/show/808,1,2024-02-22fm_id_md_mms_omeka_ids.csv
6844,https://www.kuleuven.be/lectio/magisterdixit/items/show/811,1,2024-02-22fm_id_md_mms_omeka_ids.csv
6845,https://www.kuleuven.be/lectio/magisterdixit/items/show/823,1,2024-02-22fm_id_md_mms_omeka_ids.csv
6846,https://www.kuleuven.be/lectio/magisterdixit/items/show/826,1,2024-02-22fm_id_md_mms_omeka_ids.csv
6847,https://www.kuleuven.be/lectio/magisterdixit/items/show/829,1,2024-02-22fm_id_md_mms_omeka_ids.csv
6848,https://www.kuleuven.be/lectio/magisterdixit/items/show/790,1,2024-02-22fm_id_md_mms_omeka_ids.csv
6849,https://www.kuleuven.be/lectio/magisterdixit/items/show/793,1,2024-02-22fm_id_md_mms_omeka_ids.csv
6850,https://www.kuleuven.be/lectio/magisterdixit/items/show/796,1,2024-02-22fm_id_md_mms_omeka_ids.csv
6851,https://www.kuleuven.be/lectio/magisterdixit/items/show/799,1,2024-02-22fm_id_md_mms_omeka_ids.csv
6852,https://www.kuleuven.be/lectio/magisterdixit/items/show/814,1,2024-02-22fm_id_md_mms_omeka_ids.csv
6853,https://www.kuleuven.be/lectio/magisterdixit/items/show/838,1,2024-02-22fm_id_md_mms_omeka_ids.csv
6854,https://www.kuleuven.be/lectio/magisterdixit/items/show/820,1,2024-02-22fm_id_md_mms_omeka_ids.csv
6855,https://www.kuleuven.be/lectio/magisterdixit/items/show/802,1,2024-02-22fm_id_md_mms_omeka_ids.csv
6856,https://www.kuleuven.be/lectio/magisterdixit/items/show/832,1,2024-02-22fm_id_md_mms_omeka_ids.csv
6857,https://www.kuleuven.be/lectio/magisterdixit/items/show/835,1,2024-02-22fm_id_md_mms_omeka_ids.csv
6858,https://www.kuleuven.be/lectio/magisterdixit/items/show/841,1,2024-02-22fm_id_md_mms_omeka_ids.csv
6859,https://www.kuleuven.be/lectio/magisterdixit/items/show/847,1,2024-02-22fm_id_md_mms_omeka_ids.csv
6860,https://www.kuleuven.be/lectio/magisterdixit/items/show/853,1,2024-02-22fm_id_md_mms_omeka_ids.csv
6861,https://www.kuleuven.be/lectio/magisterdixit/items/show/856,1,2024-02-22fm_id_md_mms_omeka_ids.csv
6862,https://www.kuleuven.be/lectio/magisterdixit/items/show/859,1,2024-02-22fm_id_md_mms_omeka_ids.csv
6863,https://www.kuleuven.be/lectio/magisterdixit/items/show/862,1,2024-02-22fm_id_md_mms_omeka_ids.csv
6864,https://www.kuleuven.be/lectio/magisterdixit/items/show/865,1,2024-02-22fm_id_md_mms_omeka_ids.csv
6865,https://www.kuleuven.be/lectio/magisterdixit/items/show/868,1,2024-02-22fm_id_md_mms_omeka_ids.csv
6866,https://www.kuleuven.be/lectio/magisterdixit/items/show/871,1,2024-02-22fm_id_md_mms_omeka_ids.csv
6867,https://www.kuleuven.be/lectio/magisterdixit/items/show/874,1,2024-02-22fm_id_md_mms_omeka_ids.csv
6868,https://www.kuleuven.be/lectio/magisterdixit/items/show/877,1,2024-02-22fm_id_md_mms_omeka_ids.csv
6869,https://www.kuleuven.be/lectio/magisterdixit/items/show/880,1,2024-02-22fm_id_md_mms_omeka_ids.csv
6870,https://www.kuleuven.be/lectio/magisterdixit/items/show/907,1,2024-02-22fm_id_md_mms_omeka_ids.csv
6871,https://www.kuleuven.be/lectio/magisterdixit/items/show/883,1,2024-02-22fm_id_md_mms_omeka_ids.csv
6872,https://www.kuleuven.be/lectio/magisterdixit/items/show/886,1,2024-02-22fm_id_md_mms_omeka_ids.csv
6873,https://www.kuleuven.be/lectio/magisterdixit/items/show/889,1,2024-02-22fm_id_md_mms_omeka_ids.csv
6874,https://www.kuleuven.be/lectio/magisterdixit/items/show/892,1,2024-02-22fm_id_md_mms_omeka_ids.csv
6875,https://www.kuleuven.be/lectio/magisterdixit/items/show/901,1,2024-02-22fm_id_md_mms_omeka_ids.csv
6876,https://www.kuleuven.be/lectio/magisterdixit/items/show/904,1,2024-02-22fm_id_md_mms_omeka_ids.csv
6877,https://www.kuleuven.be/lectio/magisterdixit/items/show/910,1,2024-02-22fm_id_md_mms_omeka_ids.csv
6878,https://www.kuleuven.be/lectio/magisterdixit/items/show/913,1,2024-02-22fm_id_md_mms_omeka_ids.csv
6879,https://www.kuleuven.be/lectio/magisterdixit/items/show/916,1,2024-02-22fm_id_md_mms_omeka_ids.csv
6880,https://www.kuleuven.be/lectio/magisterdixit/items/show/919,1,2024-02-22fm_id_md_mms_omeka_ids.csv
6881,https://www.kuleuven.be/lectio/magisterdixit/items/show/922,1,2024-02-22fm_id_md_mms_omeka_ids.csv
6882,https://www.kuleuven.be/lectio/magisterdixit/items/show/928,1,2024-02-22fm_id_md_mms_omeka_ids.csv
6883,https://www.kuleuven.be/lectio/magisterdixit/items/show/931,1,2024-02-22fm_id_md_mms_omeka_ids.csv
6884,https://www.kuleuven.be/lectio/magisterdixit/items/show/925,1,2024-02-22fm_id_md_mms_omeka_ids.csv
6885,https://www.kuleuven.be/lectio/magisterdixit/items/show/934,1,2024-02-22fm_id_md_mms_omeka_ids.csv
6886,https://www.kuleuven.be/lectio/magisterdixit/items/show/937,1,2024-02-22fm_id_md_mms_omeka_ids.csv
6887,https://www.kuleuven.be/lectio/magisterdixit/items/show/940,1,2024-02-22fm_id_md_mms_omeka_ids.csv
6888,https://www.kuleuven.be/lectio/magisterdixit/items/show/1671,1,2024-02-22fm_id_md_mms_omeka_ids.csv
6889,https://www.kuleuven.be/lectio/magisterdixit/items/show/1674,1,2024-02-22fm_id_md_mms_omeka_ids.csv
6890,https://www.kuleuven.be/lectio/magisterdixit/items/show/1686,1,2024-02-22fm_id_md_mms_omeka_ids.csv
6891,https://www.kuleuven.be/lectio/magisterdixit/items/show/1683,1,2024-02-22fm_id_md_mms_omeka_ids.csv
6892,https://www.kuleuven.be/lectio/magisterdixit/items/show/1680,1,2024-02-22fm_id_md_mms_omeka_ids.csv
6893,https://www.kuleuven.be/lectio/magisterdixit/items/show/1677,1,2024-02-22fm_id_md_mms_omeka_ids.csv
6894,https://www.kuleuven.be/lectio/magisterdixit/items/show/1819,1,2024-02-22fm_id_md_mms_omeka_ids.csv
6895,https://www.kuleuven.be/lectio/magisterdixit/items/show/1692,1,2024-02-22fm_id_md_mms_omeka_ids.csv
6896,https://www.kuleuven.be/lectio/magisterdixit/items/show/1689,1,2024-02-22fm_id_md_mms_omeka_ids.csv
6897,https://www.kuleuven.be/lectio/magisterdixit/items/show/1698,1,2024-02-22fm_id_md_mms_omeka_ids.csv
6898,https://www.kuleuven.be/lectio/magisterdixit/items/show/1701,1,2024-02-22fm_id_md_mms_omeka_ids.csv
6899,https://www.kuleuven.be/lectio/magisterdixit/items/show/1695,1,2024-02-22fm_id_md_mms_omeka_ids.csv
6900,https://www.kuleuven.be/lectio/magisterdixit/items/show/1704,1,2024-02-22fm_id_md_mms_omeka_ids.csv
6901,https://www.kuleuven.be/lectio/magisterdixit/items/show/1713,1,2024-02-22fm_id_md_mms_omeka_ids.csv
6902,https://www.kuleuven.be/lectio/magisterdixit/items/show/1710,1,2024-02-22fm_id_md_mms_omeka_ids.csv
6903,https://www.kuleuven.be/lectio/magisterdixit/items/show/1707,1,2024-02-22fm_id_md_mms_omeka_ids.csv
6904,https://www.kuleuven.be/lectio/magisterdixit/items/show/1644,1,2024-02-22fm_id_md_mms_omeka_ids.csv
6905,https://www.kuleuven.be/lectio/magisterdixit/items/show/1641,1,2024-02-22fm_id_md_mms_omeka_ids.csv
6906,https://www.kuleuven.be/lectio/magisterdixit/items/show/1650,1,2024-02-22fm_id_md_mms_omeka_ids.csv
6907,https://www.kuleuven.be/lectio/magisterdixit/items/show/1647,1,2024-02-22fm_id_md_mms_omeka_ids.csv
6908,https://www.kuleuven.be/lectio/magisterdixit/items/show/1668,1,2024-02-22fm_id_md_mms_omeka_ids.csv
6909,https://www.kuleuven.be/lectio/magisterdixit/items/show/1665,1,2024-02-22fm_id_md_mms_omeka_ids.csv
6910,https://www.kuleuven.be/lectio/magisterdixit/items/show/1659,1,2024-02-22fm_id_md_mms_omeka_ids.csv
6911,https://www.kuleuven.be/lectio/magisterdixit/items/show/1656,1,2024-02-22fm_id_md_mms_omeka_ids.csv
6912,https://www.kuleuven.be/lectio/magisterdixit/items/show/1653,1,2024-02-22fm_id_md_mms_omeka_ids.csv
6913,https://www.kuleuven.be/lectio/magisterdixit/items/show/1608,1,2024-02-22fm_id_md_mms_omeka_ids.csv
6914,https://www.kuleuven.be/lectio/magisterdixit/items/show/1662,1,2024-02-22fm_id_md_mms_omeka_ids.csv
6915,https://www.kuleuven.be/lectio/magisterdixit/items/show/1614,1,2024-02-22fm_id_md_mms_omeka_ids.csv
6916,https://www.kuleuven.be/lectio/magisterdixit/items/show/1611,1,2024-02-22fm_id_md_mms_omeka_ids.csv
6917,https://www.kuleuven.be/lectio/magisterdixit/items/show/1623,1,2024-02-22fm_id_md_mms_omeka_ids.csv
6918,https://www.kuleuven.be/lectio/magisterdixit/items/show/1617,1,2024-02-22fm_id_md_mms_omeka_ids.csv
6919,https://www.kuleuven.be/lectio/magisterdixit/items/show/1734,1,2024-02-22fm_id_md_mms_omeka_ids.csv
6920,https://www.kuleuven.be/lectio/magisterdixit/items/show/1725,1,2024-02-22fm_id_md_mms_omeka_ids.csv
6921,https://www.kuleuven.be/lectio/magisterdixit/items/show/1728,1,2024-02-22fm_id_md_mms_omeka_ids.csv
6922,https://www.kuleuven.be/lectio/magisterdixit/items/show/1731,1,2024-02-22fm_id_md_mms_omeka_ids.csv
6923,https://www.kuleuven.be/lectio/magisterdixit/items/show/1737,1,2024-02-22fm_id_md_mms_omeka_ids.csv
6924,https://www.kuleuven.be/lectio/magisterdixit/items/show/1626,1,2024-02-22fm_id_md_mms_omeka_ids.csv
6925,https://www.kuleuven.be/lectio/magisterdixit/items/show/1629,1,2024-02-22fm_id_md_mms_omeka_ids.csv
6926,https://www.kuleuven.be/lectio/magisterdixit/items/show/1632,1,2024-02-22fm_id_md_mms_omeka_ids.csv
6927,https://www.kuleuven.be/lectio/magisterdixit/items/show/1638,1,2024-02-22fm_id_md_mms_omeka_ids.csv
6928,https://www.kuleuven.be/lectio/magisterdixit/items/show/1635,1,2024-02-22fm_id_md_mms_omeka_ids.csv
6929,https://www.kuleuven.be/lectio/magisterdixit/items/show/1578,1,2024-02-22fm_id_md_mms_omeka_ids.csv
6930,https://www.kuleuven.be/lectio/magisterdixit/items/show/1551,1,2024-02-22fm_id_md_mms_omeka_ids.csv
6931,https://www.kuleuven.be/lectio/magisterdixit/items/show/1602,1,2024-02-22fm_id_md_mms_omeka_ids.csv
6932,https://www.kuleuven.be/lectio/magisterdixit/items/show/1599,1,2024-02-22fm_id_md_mms_omeka_ids.csv
6933,https://www.kuleuven.be/lectio/magisterdixit/items/show/1584,1,2024-02-22fm_id_md_mms_omeka_ids.csv
6934,https://www.kuleuven.be/lectio/magisterdixit/items/show/1581,1,2024-02-22fm_id_md_mms_omeka_ids.csv
6935,https://www.kuleuven.be/lectio/magisterdixit/items/show/1560,1,2024-02-22fm_id_md_mms_omeka_ids.csv
6936,https://www.kuleuven.be/lectio/magisterdixit/items/show/1557,1,2024-02-22fm_id_md_mms_omeka_ids.csv
6937,https://www.kuleuven.be/lectio/magisterdixit/items/show/1605,1,2024-02-22fm_id_md_mms_omeka_ids.csv
6938,https://www.kuleuven.be/lectio/magisterdixit/items/show/1596,1,2024-02-22fm_id_md_mms_omeka_ids.csv
6939,https://www.kuleuven.be/lectio/magisterdixit/items/show/1593,1,2024-02-22fm_id_md_mms_omeka_ids.csv
6940,https://www.kuleuven.be/lectio/magisterdixit/items/show/1548,1,2024-02-22fm_id_md_mms_omeka_ids.csv
6941,https://www.kuleuven.be/lectio/magisterdixit/items/show/1590,1,2024-02-22fm_id_md_mms_omeka_ids.csv
6942,https://www.kuleuven.be/lectio/magisterdixit/items/show/1587,1,2024-02-22fm_id_md_mms_omeka_ids.csv
6943,https://www.kuleuven.be/lectio/magisterdixit/items/show/1554,1,2024-02-22fm_id_md_mms_omeka_ids.csv
6944,https://www.kuleuven.be/lectio/magisterdixit/items/show/1572,1,2024-02-22fm_id_md_mms_omeka_ids.csv
6945,https://www.kuleuven.be/lectio/magisterdixit/items/show/1569,1,2024-02-22fm_id_md_mms_omeka_ids.csv
6946,https://www.kuleuven.be/lectio/magisterdixit/items/show/1566,1,2024-02-22fm_id_md_mms_omeka_ids.csv
6947,https://www.kuleuven.be/lectio/magisterdixit/items/show/1563,1,2024-02-22fm_id_md_mms_omeka_ids.csv
6948,https://www.kuleuven.be/lectio/magisterdixit/items/show/1515,1,2024-02-22fm_id_md_mms_omeka_ids.csv
6949,https://www.kuleuven.be/lectio/magisterdixit/items/show/1575,1,2024-02-22fm_id_md_mms_omeka_ids.csv
6950,https://www.kuleuven.be/lectio/magisterdixit/items/show/1527,1,2024-02-22fm_id_md_mms_omeka_ids.csv
6951,https://www.kuleuven.be/lectio/magisterdixit/items/show/1524,1,2024-02-22fm_id_md_mms_omeka_ids.csv
6952,https://www.kuleuven.be/lectio/magisterdixit/items/show/1518,1,2024-02-22fm_id_md_mms_omeka_ids.csv
6953,https://www.kuleuven.be/lectio/magisterdixit/items/show/1530,1,2024-02-22fm_id_md_mms_omeka_ids.csv
