"RecordID","orig_text_from_marc","top_used","place_id_to_join"
"9912783880101488","Defendet Joannes Franciscus Delaunoy ex Gondernie.","Gondernie","gondernie"
"9912785800101488","Defendet Joannes Guildoff ex Coüillet.","Coüillet","coüillet"
"9912788060101488","Præside [...] Petro Ignatio de Bisschop [...] defendet Franciscus Jacobus Vermeesch ex Ramscappel-Furnensis.","Ramscappel-Furnensis","ramscappelfurnensis"
"9912791790101488","Præside [...] Gerardo Deckers [...] defendet Franciscus Jacobus Vermeesch ex Ramscappel-Furnensis.","Ramscappel-Furnensis","ramscappelfurnensis"
"9912793320101488","Præside [...] Joanne vander Auwera [...] defendet Dionysius Josephus Brugghe ex Espierres.","Espierres","espierres"
"9912794380101488","Præside [...] Petro Ignatio de Bisschop [...] defendet Michael de Zeeuw ex Nieuwkuyk.","Nieuwkuyk","nieuwkuyk"
"9912795410101488","Præside ... Joanne van der Auwera ... defendet Joannes Franciscus Wauters ex Cluysen.","Cluysen","cluysen"
"9912797320101488","Præside [...] Joanne van der Auwera [...] defendet Joannes Luyten ex Meirhout, ord. Præmonst. ecclesiæ B. Mariæ & S. Joannis de Parcho canonicus.","Meirhout, ord","meirhoutord"
"9912797380101488","Præside [...] Thoma Lamberto Ghenne [...] defendet Deodatus van Herck ex Neerlanden.","Neerlanden","neerlanden"
"9912797460101488","Præside [...] Thoma Lamberto Ghenne [...] defendet Jacobus van Thienen Amersfortiensis.","Amersfortiensis","amersfortiensis"
"9912798390101488","Præside [...] Christiano Francisco Terswaek [...] defendet Joannes Baptista Mouton ex Espinois in Hannoniâ.","Espinois in Hannoniâ","espinoisinhannoniâ"
"9991647390101488","Præside [...] Joanne Josepho Guyaux [...] defendet Christianus Henricus Tulleners ex Mechelen ad Mosam.","Mechelen ad Mosam","mechelenadmosam"
"9991648090101488","Præside [...] Joanne Josepho Guyaux [...] defendet Jacobus van Coppenole ex Afsné.","Afsné","afsné"
"9991656610101488","Præside [...] Henrico van Gameren [...] defendet Petrus Jacobus du Fort ex Ledeghem.","Ledeghem","ledeghem"
"9991656780101488","Præside [...] Natale du Bois [...] defendet Petrus vande Velde ex Heyndonck.","Heyndonck","heyndonck"
"9991657050101488","Præside [...] Joanne Josepho Guyaux [...] defendet Philippus Josephus de Wever ex S. Nicolai-Wasianus.","S. Nicolai-Wasianus","snicolaiwasianus"
"9991817840101488","Præside [...] Joanne Josepho Guyaux [...] defendet Petrus Philippus van Haesendonck ex Leeuw S. Petri.","Leeuw S. Petri","leeuwspetri"
"9991818150101488","Præside [...] Joanne Josepho Guyaux [...] defendet Jacobus van Coppenole ex Afsne.","Afsne","afsne"
"9991831940101488","Præside [...] Joanne Josepho Guyaux [...] defendet Jacobus Carolus le Langue ex Acre minori.","Acre minori","acreminori"
"9991832800101488","Præside [...] Andrea Henckhuysen [...] defendet Petrus Jacobus du Fort ex Ledeghem.","Ledeghem","ledeghem"
"9915659620101488","Præside [...] Judoco Joanne Huberto Vounck [...] defendet in publico auditorio medico D. Benedictus Eugenius Blondeau ex Cruyshautem Aldenardensis. Lovanii [...] 12. januarii 1782.","Cruyshautem Aldenardensis","cruyshautemaldenardensis"
"9915659920101488","Præside [...] Judoco Joanne Huberto Vounck [...] defendet in publico auditorio medico D. Josephus Joannes Aerts ex Puurs. Lovanii [...] 7. aprilis 1781.","Puurs","puurs"
"9915660060101488","Præside [...] Martino van der Belen [...] defendet in publico auditorio medico D. Gerardus Buesen ex Zichen Eburo. Lovanii [...] 21 [?] januarii 1783.","Zichen Eburo","zicheneburo"
"9915662150101488","Præside [...] Adriano Carolo Josepho van Rossum [...] defendet in publico auditorio medico D. Ferdinandus Vyvens ex Huysse Aldenardensis. Lovanii [...] 10 [?] junii 1782.","Huysse Aldenardensis","huyssealdenardensis"
"9915664890101488","Præside [...] Adriano Carolo Josepho van Rossum [...] defendet in publico auditorio medico D. Petrus Judocus Verdickt ex Divi Ægidii Wasianus. Lovanii [...] 10. julii 1782.","Divi Ægidii Wasianus","diviægidiiwasianus"
"9915665650101488","Præside [...] Martino van der Belen [...] defendet in publico auditorio medico D. Carolus Philip. Jacob. van Innis ex Nederbraekele Alostanus. Lovanii [...] 5. aprilis 1783.","Nederbraekele Alostanus","nederbraekelealostanus"
"9915889360101488","Præside [...] Dominico Jos. Hyacintho Nelis [...] defendet die 11. octobris 1771. Joannes Ludovic. Joseph. Gillis Verzenalensis.","Verzenalensis","verzenalensis"
"9915891760101488","Quas conclusiones, pro adipiscendo J.U. licentiæ gradu, præside [...] D. Philippo van Billoen [...] in publico jurium auditorio oppugnandas proponit die 29. novembris 1771. prænobilis dominus D. Joannes Carolus Josephus Ramont ex sancti Ægidii Wasianus.","sancti Ægidii Wasianus","sanctiægidiiwasianus"
"9915892400101488","Præside [...] Dominico Jos. Hyacintho Nelis [...] defendet die 4. decembris 1771. prænobilis dominus D. Philippus Theodorus Vincent. Pouppé ex Hollaeken.","Hollaeken","hollaeken"
"9915896640101488","Quas conclusiones, pro adipiscendo J.U. licentiæ gradu, præside [...] Philippo van Billoen [...] in publico jurium auditorio oppugnandas proponit die 19. februarii 1772. Joannes Rutgerus Ruyters Falcoburgo-meerssensis.","Falcoburgo-meerssensis","falcoburgomeerssensis"
"9915899080101488","Præside ... Leonar. Josepho Streithagen ... defendet die 21. martii 1772. ... Paulus Franciscus Verbrugghen ex Lede Alostanus.","Lede Alostanus","ledealostanus"
"9915899540101488","Quas conclusiones, pro adipiscendo J.U. licentiæ gradu, præside [...] Henrico Goessens [...] in publico jurium auditorio oppugnandas proponit die 4. aprilis 1772. reverendus amplissimus ac perillustris dominus D. Joannes Carolus de Locquenghien ecclesiæ cathedralis B.M.V. Tornaci canonicus ex Holede.","Holede","holede"
"9989565120101488","Quas conclusiones, pro adipiscendo J.U. licentiæ gradu præside [...] D. Henrico Goessens [...] in publico jurium auditorio oppugnandas proponit die 3. aprilis 1775. Jacobus Livinus D'Haemer ex Calcken Teneramundanus.","Calcken Teneramundanus","calckenteneramundanus"
"9989565590101488","Præside [...] Joanne Petro Heuschling [...] defendet die 12. maii 1775. Joannes Emmanuel de Ronghe ex Meulebeke Cortracenus.","Meulebeke Cortracenus","meulebekecortracenus"
"9989571670101488","Præside [...] Dominico Jos. Hyacintho Nelis [...] defendet die 15. maii 1775. Mattheus Bernardus de Mey ex Vlamertinghe.","Vlamertinghe","vlamertinghe"
"9989571680101488","Præside [...] Arnoldo van Elewyck [...] defendet die 24. maii 1775. Leopoldus Carolus Clercx ex Aldenbiessen.","Aldenbiessen","aldenbiessen"
"9989571730101488","Præside [...] D. Joanne Petro Heuschling [...] defendet die 3. junii 1775. Petrus Josephus Collard Neocastro-Luxemburgensis.","Neocastro-Luxemburgensis","neocastroluxemburgensis"
"9989574570101488","Heuschling vidit. Defendet in collegio baccalaureorum J.U. Adrianus Julianus Pethre ex Wodecq Lovanii die 7. januarii 1773. [...].","Wodecq","wodecq"
"9989718000101488","Van Billoen vidit. Defendet in collegio baccalaureorum J.U. Philippus Albertus Verspieren ex Leupeghem Alostanus. Lovanii die 7. julii 1774. [...].","Leupeghem Alostanus","leupeghemalostanus"
"9989718030101488","Van Billoen vidit. Defendet in collegio baccalaureorum J.U. Joannes Baptista Chrysostomus Verlooy ex Oosterwyk Lovanii die 28. julii 1774. [...].","Oosterwyk","oosterwyk"
"9989718830101488","Nelis vidit. Defendet in collegio baccalaureorum J.U. Petrus Leonardus Josephus Schiervel ex Henri Chapelle Limburgus. Lovanii die 4. maii 1775. [...].","Henri Chapelle Limburgus","henrichapellelimburgus"
"9989719130101488","Goessens vidit. Defendet in collegio baccalaureorum J.U. Carolus Josephus Verbrugghen ex Lede Alostanus. Lovanii die 20. julii 1775. [...].","Lede Alostanus","ledealostanus"
"9912752480101488","Defendet Antonius Boits ex Thessenderloo.","Thessenderloo","thessenderloo"
"9912755840101488","Defendet Erasmus Josephus Baetselier ex Lede.","Lede","lede"
"9912756480101488","Præside [...] Hieronymo t'Seraerts [...] defendet Carolus van Postel Antuerpiensis, ordinis Præmonstratensis; ecclesiæ S. Michaëlis Antverpiæ canonicus.","Antuerpiensis","antuerpiensis"
"9912756850101488","Præside [...] Natale du Bois [...] defendet Joannes Franciscus Lalieu ex Lodelinsart.","Lodelinsart","lodelinsart"
"9912758990101488","Præside [...] Joanne Josepho Guyaux [...] defendet Lambertus Pironet ex Hozemont.","Hozemont","hozemont"
"9912917730101488","Præside [...] Dominico Jos. Hyacintho Nelis [...] defendet die 11. januarii 1771. prænobilis dominus D. Jacobus Josephus Simon ex Vlodrop.","Vlodrop","vlodrop"
"9912920720101488","Præside [...] Philippo van Billoen [...] defendet die 2. martii 1771. Gaspar Buyse ex Helderghem Alostanus.","Helderghem Alostanus","helderghemalostanus"
"9912922750101488","Goessens vidit. Defendet in collegio baccalaureorum J.U. Dominicus Mathias Jacobus Jochams Ruræmundensis. Lovanii die 21. martii 1771. [...].","Ruraemundensis","ruraemundensis"
"9912923310101488","Goessens vidit. Defendet in collegio baccalaureorum J.U. Joannes Josephus Raepsaet Aldenardensis. Lovanii die 26. martii 1771. [...].","Aldenardensis","aldenardensis"
"9912818470101488","Defendet Franciscus Malfroid Gourdinniensis. In collegio majori.","Gourdinniensis","gourdinniensis"
"9912819070101488","Defendet Gregorivs Marneffe ex Avernase in collegio majori.","Avernase in collegio majori","avernaseincollegiomajori"
"9912819490101488","Defendet Joannes Cvylen Bladelensis in collegio majori.","Bladelensis","bladelensis"
"9912821930101488","Defendet Theodorvs Gaspar Gevelaer ex Arcen in collegio maiori.","Arcen in collegio maiori","arcenincollegiomaiori"
"9912823570101488","Defendet Thomas de Cuyper Malderensis. In collegio majori.","Malderensis","malderensis"
"9912824230101488","Defendet Augustinus Weerbrouck Roularensis. In collegio maiori.","Roularensis","roularensis"
"9912830630101488","Defendet Maximilianus Dupont Hansurhensis. In collegio maiori.","Hansurhensis","hansurhensis"
"9912831320101488","Defendet Henricus Simpernels ex Bommershoven. In collegio maiori.","Bommershoven","bommershoven"
"9912831620101488","Defendet. Andreas Laurent Houdetensis. In collegio majori.","Houdetensis","houdetensis"
"9912835040101488","Defendet. Gerardus Josephus Dominicus de Quareux ex Quareux. In collegio majori.","Quareux","quareux"
"9912835660101488","Defendet. Joannes Josephus Joseph ex Esclaye. In collegio majori.","Esclaye","esclaye"
"9912837820101488","Defendet Franciscus Montenez ex Minori Quesuy. In collegio majori.","Minori Quesuy","minoriquesuy"
"9912837860101488","Defendet Franciscus Saubain ex Bry. In collegio majori.","Bry","bry"
"9912838770101488","Defendet Natalis Radoux ex Hendremâle. In collegio majori.","Hendremâle","hendremâle"
"9912912470101488","Præside [...] Judoco le Plat [...] defendet die 14. novembris 1770. Joannes Rutgerus Ruyters Falcoburgo-Meersensis.","Falcoburgo-Meersensis","falcoburgomeersensis"
"9912914530101488","Præside [...] Dominico Jos. Hyacintho Nelis [...] defendet die 26. novembris 1770. Petrus Joannes Anthonius van Melckebeke ex Borsbeke Alostanus.","Borsbeke Alostanus","borsbekealostanus"
"9912915990101488","Quas conclusiones, pro adipiscendo J.U. licentiæ gradu, præside [...] D. Philippo van Billoen [...] in publico jurium auditorio oppugnandas proponit die 7. decembris 1770. Gerardus van Hecke ex Cluysen juxta Gandam.","Cluysen juxta Gandam","cluysenjuxtagandam"
"9912918870101488","Præside ... Dominico Jos. Hyacintho Nelis ... defendet die 21. januarii 1771. Adrianus Ignat. van Vlierberghe ex Stekene Wasianus.","Stekene Wasianus","stekenewasianus"
"9912802620101488","Præside [...] Joanne van der Auwera [...] defendet F. Jacobus Reghem ex Haulchin, ordinis Cisterciensis, abbatiæ Villariensis religiosus.","Haulchin, ordinis Cisterciensis, abbatiae Villariensis religiosus","haulchinordiniscisterciensisabbatiaevillariensisreligiosus"
"9912803420101488","Præside [...] Joanne van der Auwera [...] defendet Joannes Baptista Peeters ex Sti. Nicolai Wasianus.","Sti. Nicolai Wasianus","stinicolaiwasianus"
"9912803540101488","Præside [...] F. Josepho Maugis [...] defendet Petrus Franciscus van Audenrode ex Lombeeck B.M.","Lombeeck B","lombeeckb"
"9912804170101488","Præside [...] Christiano Francisco Terswaek [...] defendet F. Gislenus van Havermaet ex Okeghem, abbatiæ S. Adriani ord. S. Benedicti Gerardimontibus religiosus.","Okeghem, abbatiae S. Adriani ord","okeghemabbatiaesadrianiord"
"9912806000101488","Præside [...] Joanne van der Auwera [...] defendet Dionysius Franciscus Josephus Vandevoorde ex Divi Nicolai Wasianus.","Divi Nicolai Wasianus","divinicolaiwasianus"
"9912808650101488","Præside [...] Josepho Maugis [...] defendet F. Gislenus van Havermaet ex Okeghem, abbatiæ S. Adriani Gerardimontibus religiosus.","Okeghem, abbatiae S. Adriani Gerardimontibus religiosus","okeghemabbatiaesadrianigerardimontibusreligiosus"
"9912817810101488","Præside [...] Josepho Maugis [...] defendet Dionysius Franciscus Josephus Vandevoorde ex Divi Nicolai Wasianus.","Divi Nicolai Wasianus","divinicolaiwasianus"
"9912818820101488","Defendet. Henricvs Wolrardvs Kicken Mechelensis in collegio majori.","Mechelensis","mechelensis"
"9912819600101488","Defendet Ioannes Baptista Hvlin Hodetensis in collegio majori.","Hodetensis","hodetensis"
"9912821820101488","Defendet Henricvs Simpernels ex Bommerschouen in collegio maiori.","Bommerschouen in collegio maiori","bommerschouenincollegiomaiori"
"9912822640101488","Defendet Andreas Lavrant Houdetensis.","Houdetensis","houdetensis"
"9912823340101488","Defendet Andreas Hemerick ex Cortemarq. In collegio maiori.","Cortemarq","cortemarq"
"9991649800101488","Præside [...] Joanne Josepho Guyaux [...] defendet Joannes Baptista Josephus Descault ex Moûtier.","Moûtier","moûtier"
"9991652230101488","Præside [...] Lamberto de Jeneffe [...] defendet Ægidius le Maitre ex Martouzin.","Martouzin","martouzin"
"9991654040101488","Præside [...] Joanne Josepho Guyaux [...] defendet Nicolaus de Bast ex Leeuw S. Petri.","Leeuw S. Petri","leeuwspetri"
"9991812410101488","Præside [...] Natale du Bois [...] defendet Claudius Masy ex Sart S. Eustachii.","Sart S. Eustachii","sartseustachii"
"9991815530101488","Præside [...] Stephano Dominico de Laittres [...] defendet Petrus Philippus Franciscus van Haesendonck ex Leeuw S. Petri.","Leeuw S. Petri","leeuwspetri"
"9991815650101488","Præside [...] Joanne Josepho Guyaux [...] defendet Antonius Lambertus Villegia ex Chokier.","Chokier","chokier"
"9991815880101488","Præside [...] Natale du Bois [...] defendet Petrus Josephus Thibaut ex Jamïoulle.","Jamïoulle","jamïoulle"
"9991824230101488","Præside [...] Natale du Bois [...] defendet Petrus Josephus Thibaut ex Jamïoulle.","Jamïoulle","jamïoulle"
"9991824540101488","Præside [...] Natale du Bois [...] defendet Jacobus van Coppenole ex Afsne.","Afsne","afsne"
"9922904720101488","Quam pro adipiscenda medicinæ laurea, præside [...] Joanne Guilielmo van Leempoel [...] defendet in publico medicorum auditorio D. Emmanuel Josephus Geiregat ex Winkel Hulstanus. Lovanii medio decimæ 27. junii 1788.","Winkel Hulstanus","winkelhulstanus"
"9922904930101488","quam pro adipiscenda medicinæ laurea præside [...] Joanne Guilielmo van Leempoel [...] defendet in publico medicorum auditorio ornatissimus dominus D. Joannes Baptista Stevenart ex Balatre Sti. Martini. Lovanii medio decimæ 9. aprilis 1788.","Balatre Sti. Martini","balatrestimartini"
"9987994920101488","Præside ... Thoma Lamberto Ghenne ... defendet Joannes Franciscus Wauters ex Cluysen.","Cluysen","cluysen"
"9989029590101488","Quas conclusiones, pro adipiscendo J.U. licentiæ gradu, præside [...] D. Henrico Goessens [...] in publico jurium auditorio ad oppugnandas proponit die 27. maii 1775. [...] Gabriel Josephus Scarsez ex Moustier au Bois.","Moustier au Bois","moustieraubois"
"9915907690101488","Præside ... Judoco le Plat ... defendet die 22. julii 1772. Paulus Franciscus Verbrugghen ex Lede Alostanus.","Lede Alostanus","ledealostanus"
"9915911420101488","Quas conclusiones, pro adipiscendo J.U. licentiæ gradu, præside [...] Philippo van Billoen [...] in publico jurium auditorio oppugnandas proponit die 26. augusti 1772. Jacobus Ludovicus Beaucarne ex Eenaeme Alostanus.","Eenaeme Alostanus","eenaemealostanus"
"9915997270101488","Quas conclusiones, pro adipiscendo J.U. licentiæ gradu præside [...] Henrico Goessens [...] in publico jurium auditorio oppugnandas proponit die 27. januarii 1778. prænobilis dominus D. Carolus Judocus Antonius de Lattre Rubripunto-Furnensis.","Rubripunto-Furnensis","rubripuntofurnensis"
"9916001380101488","Præside [...] Arnoldo van Elewyck [...] defendet die 30. maii 1778. [...] Petrus Carolus Ludovicus vander Schelden Aldenardensis.","Aldenardensis","aldenardensis"
"9916002260101488","Præside [...] Arnoldo van Elewyck [...] defendet die 6. junii 1778. [...] Petrus Eugenius Albert. Coulier ex Pollynchove-Furnensis.","Pollynchove-Furnensis","pollynchovefurnensis"
"9915589520101488","Quas conclusiones pro adipiscenda medicinæ laurea, præside [...] Martino van der Belen [...] defendet in publico auditorio medico prænobilis dominus D. Joannes Baptista Tronche de Perain Gallo Petrocoriensis. Lovanii [...] 2. decembris 1782.","Petrocoriensis","petrocoriensis"
"9915592790101488","Quas conclusiones pro adipiscenda medicinæ laurea, præside [...] Adriano Carolo Josepho van Rossum [...] defendet in publico auditorio medico D. Guilielmus Lefebure ex Lennick S. Quintini. Lovanii [...] 13. decembris 1780.","Lennick S. Quintini","lennicksquintini"
"9915593010101488","Quas conclusiones pro adipiscenda medicinæ laurea, præside [...] Martino van der Belen [...] defendet in publico auditorio medico D. Petrus Judocus Verdickt ex Dive Ægidii Wasianus. Lovanii [...] 6. maii 1783.","Dive Ægidii Wasianus","diveægidiiwasianus"
"9915595450101488","Quas conclusiones pro adipiscenda medicinæ laurea, præside [...] Adriano Carolo Josepho van Rossum [...] defendet in publico auditorio medico D. Antonius Josephus de Munter ex Puurs. Lovanii [...] 7. maii 1783.","Puurs","puurs"
"9915595720101488","Quas conclusiones pro adipiscenda medicinæ laurea, præside [...] Martino van der Belen [...] defendet in publico auditorio medico D. Guilielmus Geudens ex Goor S. Jobi, Lovanii [...] 20. octobris 1779.","Goor S. Jobi,","goorsjobi"
"9915598080101488","Præside [...] Adriano Carolo Josepho van Rossum [...] defendet in publico auditorio medico D. Joannes Baptista Prove ex Ideghem. Lovanii [...] 6. novembris 1781.","Ideghem","ideghem"
"9915598170101488","Præside [...] Adriano Carolo Josepho van Rossum [...] defendet in publico auditorio medico D. Dionysius Thomas Edmundus Shelly Kilkeniensis Hibernus. Lovanii [...] 24. martii 1779.","Kilkeniensis","kilkeniensis"
"9915598430101488","Quas conclusiones pro adipiscenda medicinæ laurea, præside [...] Martino van der Belen [...] defendet in publico auditorio medico D. Joannes Baptista de Wever ex Aspelaer Alostanus. Lovanii [...] 17. maii 1783.","Aspelaer Alostanus","aspelaeralostanus"
"9915601190101488","Præside [...] Judoco Joanne Huberto Vounck [...] defendet in publico auditorio medico D. Philippus Jacobus vander Elst ex Tongres S. Martini, Lovanii [...] 22. octobris 1777.","Tongres S. Martini,","tongressmartini"
"9915601670101488","Quas conclusiones pro adipiscenda medicinæ laurea, præside [...] Adriano Carolo Josepho van Rossum [...] defendet in publico auditorio medico D. Petrus Antonius de Trogh ex Herdersem Alostanus. Lovanii [...] 20. maii 1783.","Herdersem Alostanus","herdersemalostanus"
"9915602730101488","Quas conclusiones pro adipiscenda medicinæ laurea, præside [...] Martino van der Belen [...] defendet in publico auditorio medico D. Joannes Baptista Verlysen ex Lierde S. Martini Alostanus. Lovanii [...] 16. martii 1782.","Lierde S. Martini Alostanus","lierdesmartinialostanus"
"9915604690101488","Quas conclusiones pro adipiscenda medicinæ laurea, præside [...] Martino van der Belen [...] defendet in publico auditorio medico D. Franciscus Peleman ex Hamme Teneramundanus, Lovanii [...] 13. octobris 1779.","Hamme Teneramundanus,","hammeteneramundanus"
"9915605180101488","Quas conclusiones pro adipiscenda medicinæ laurea, præside [...] Adriano Carolo Josepho van Rossum [...] defendet in publico auditorio medico D. Cornelius Francisc. Josep. Thiebaut ex Lenninck S. Quintini. Lovanii [...] 26. maii 1781.","Lenninck S. Quintini","lennincksquintini"
"9915605750101488","Quas conclusiones pro adipiscenda medicinæ laurea, præside [...] Adriano Carolo Josepho van Rossum [...] defendet in publico auditorio medico D. Marcus Anthonius Billiet ex Poucques Cortracenus. Lovanii [...] 22. julii 1783.","Poucques Cortracenus","poucquescortracenus"
"9915607960101488","Præside [...] Adriano Carolo Josepho van Rossum [...] defendet in publico auditorio medico D. Petrus Joannes Roman ex Maeter Alostanus. Lovanii [...] 29. maii 1781.","Maeter Alostanus","maeteralostanus"
"9915608700101488","Præside [...] Judoco Joanne Huberto Vounck [...] defendet in publico auditorio medico D. Antonius Josephus de Munter ex Puurs. Lovanii [...] 5. februarii 1783.","Puurs","puurs"
"9915657710101488","Præside [...] Judoco Joanne Huberto Vounck [...] defendet in publico auditorio medico D. Ludovicus Josephus Cottignies ex Aelbeke Cortracenus. Lovanii [...] 10. augusti 1782.","Aelbeke Cortracenus","aelbekecortracenus"
"9915658100101488","Præside [...] Judoco Joanne Huberto Vounck [...] defendet in publico auditorio medico D. Petrus Antonius de Trogh ex Herdersem Alostanus. Lovanii [...] 22. martii 1783.","Herdersem Alostanus","herdersemalostanus"
"9915662220101488","Præside [...] Judoco Joanne Huberto Vounck [...] defendet in publico auditorio medico D. Guilielmus Lefebure ex Lennicke S. Quintini. Lovanii [...] 25. junii 1779.","Lennicke S. Quintini","lennickesquintini"
"9915663220101488","Præside [...] Adriano Carolo Josepho van Rossum [...] defendet in publico auditorio medico D. Franciscus Josephus le Grain ex Mehaigne Lovanii [...] 3. junii 1783.","Mehaigne","mehaigne"
"9915663960101488","Præside [...] Adriano Carolo Josepho van Rossum [...] defendet in publico auditorio medico D. Norbertus Franciscus van Praet ex Auweghem Aldenardensis. Lovanii [...] 12. junii 1779.","Auweghem Aldenardensis","auweghemaldenardensis"
"9991648970101488","Præside [...] Natale du Bois [...] defendet Joannes Nicolaus Josephus Laurent ex Balastre.","Balastre","balastre"
"9991650470101488","Præside [...] Joanne Josepho Guyaux [...] defendet Jacobus Carolus le Langue ex Acre minori.","Acre minori","acreminori"
"9991651280101488","Præside [...] Joanne Josepho Guyaux [...] defendet Andreas van Horick ex S. Amandi.","S. Amandi","samandi"
"9991652270101488","Præside [...] Natale du Bois [...] defendet Petrus Huyghens ex Hoolsbeeck.","Hoolsbeeck","hoolsbeeck"
"9991653900101488","Præside [...] Joanne Josepho Guyaux [...] defendet Jacobus Loncke ex Wielsbeke.","Wielsbeke","wielsbeke"
"9991653980101488","Præside [...] Joanne Josepho Guyaux [...] defendet Carolus Quintinus van Stalle ex Lennicke S. Quintini.","Lennicke S. Quintini","lennickesquintini"
"9991827580101488","Præside [...] Stephano Dominico de Laittres [...] defendet Jacobus van Coppenole ex Afsne.","Afsne","afsne"
"9991827650101488","Præside [...] Henrico van Gameren [...] defendet Petrus Philippus van Haesendonck ex Leeuw S. Petri.","Leeuw S. Petri","leeuwspetri"
"9991833630101488","Præside [...] Joanne Josepho Guyaux [...] defendet Petrus vande Velde ex Heyndonck.","Heyndonck","heyndonck"
"9991834010101488","Præside [...] Natale du Bois [...] defendet Petrus Philippus Franciscus van Haesendonck ex Leeuw S. Petri.","Leeuw S. Petri","leeuwspetri"
"9991839550101488","Præside [...] Joanne Josepho Guyaux [...] defendet Andreas van Horick ex S. Amandi.","S. Amandi","samandi"
"9991840620101488","Præside [...] Natale du Bois [...] defendet Gaspar de Cock ex Wertha inferiori.","Wertha inferiori","werthainferiori"
"9991841040101488","Præside [...] Stephano Dominico de Laittres [...] defendet Joannes Franciscus Piret Gerpinniensis.","Gerpinniensis","gerpinniensis"
"9991881540101488","Præside [...] Henrico Goessens [...] defendet die 14. junii 1777. Tossanus Dandrimont Tecto-Leodiensis.","Tecto-Leodiensis","tectoleodiensis"
"9912754020101488","Præside [...] Joanne Josepho Guyaux [...] defendet Joannes Antonius van Landegem ex Beveren Wasianus.","Beveren Wasianus","beverenwasianus"
"9912754780101488","Præside [...] Lamberto Dejeneffe [...] defendet Servatius Petihan ex Barveaux ad Urtam.","Barveaux ad Urtam","barveauxadurtam"
"9912762390101488","Præside [...] Joanne Josepho Guyaux [...] defendet Antonius Josephus Briet ex Maubray.","Maubray","maubray"
"9912764180101488","Defendet Joannes Antonius van Hoven Mechelensis.","Mechelensis","mechelensis"
"9912771180101488","Præside [...] Natale du Bois [...] defendet Petrus Joannes Baptista de Beauvais Raseau Vitriacensis.","Vitriacensis","vitriacensis"
"9912772550101488","Præside [...] Andrea Henckhuysen [...] defendet Joannes Baptista Robertus Nettine ex Borsut.","Borsut","borsut"
"9912919340101488","Quas conclusiones, pro adipiscendo J.U. licentiæ gradu, præside [...] Leonardo Josepho Streithagen [...] in publico jurium auditorio oppugnandas proponit die 30. januarii 1771. prænobilis dominus D. Joannes Josephus Ryan Aldenardensis.","Aldenardensis","aldenardensis"
"9912920500101488","Præside [...] Philippo van Billoen [...] defendet die 23. februarii 1771. [...] Gaspar Buyse ex Helderghem Alostanus.","Helderghem Alostanus","helderghemalostanus"
"9912922090101488","Quas conclusiones, pro adipiscendo J.U. licentiæ gradu, præside [...] Henrico Goessens [...] in publico jurium auditorio oppugnandas proponit die 18. martii 1771. Gaspar Carlens ex Wertha inferiori nuper J.U. baccalaureorum fiscus & decanus.","Wertha inferiori nuper J","werthainferiorinuperj"
"9912925760101488","Quas conclusiones, pro adipiscendo J.U. licentiæ gradu, præside [...] Philippo van Billoen [...] in publico jurium auditorio oppugnandas proponit die 23. aprilis 1771. prænobilis dominus D. Jacobus Josephus Simon ex Vlodrop.","Vlodrop","vlodrop"
"9912931900101488","Quas conclusiones, pro adipiscendo J.U. licentiæ, gradu præside [...] Henrico Goessens [...] in publico jurium auditorio oppugnandas proponit die 4. maii 1771. Petrus Joannes Antonius van Melckebeke ex Borsbeke Alostanus.","Borsbeke Alostanus","borsbekealostanus"
"9912932330101488","Quas conclusiones, pro adipiscendo J.U. licentiæ gradu, præside [...] Philippo van Billoen [...] in publico jurium auditorio oppugnandas proponit die 13. maii 1771. Gaspar Buyse ex Helderghem Alostanus.","Helderghem Alostanus","helderghemalostanus"
"9912933700101488","Quas conclusiones, pro adipiscendo J.U. licentiæ, gradu præside [...] Philippo van Billoen [...] in publico jurium auditorio oppugnandas proponit die 25. maii 1771. Petrus Philippus Josephus Hayois ex Wasmes Hanno-Ghislenopolitanus.","Wasmes Hanno-Ghislenopolitanus","wasmeshannoghislenopolitanus"
"9912940670101488","Præside ... Judoco le Plat ... defendet die 25. junii 1771. ... reverendus dominus D. Nicolaus Caussin diœcesis Tullensis presbyter: Regio principi a sacris & puerorum regiorum ab institutione Saltuensis.","diœcesis","diœcesis"
"9912940840101488","Heuschling vidit. Defendet in collegio baccalaureorum J.U. prænobilis dominus D. Philippus Theodorus Vincentius Pouppé ex Hollaeken. Lovanii die 27. junii 1771. [...].","Hollaeken","hollaeken"
"9912941060101488","Quas conclusiones, pro adipiscendo J.U. licentiæ, gradu præside ... Philippo van Billoen ... in publico jurium auditorio oppugnandas proponit die 2. julii 1771. reverendus dominus D. Nicolaus Caussin diœcesis Tullensis presbyter: Regio principi a sacris & puerorum regiorum ab institutione Saltuensis.","diœcesis","diœcesis"
"9912953480101488","Heuschling vidit. Defendet in collegio baccalaureorum J.U. Judocus Josephus Vanderdonckt Aldenardensis. Lovanii die 20. augusti 1771. ...","Aldenardensis","aldenardensis"
"9912954020101488","Quas conclusiones, pro adipiscendo J.U. licentiæ gradu, præside ... Philippo van Billoen ... in publico jurium auditorio oppugnandas proponit die 23. augusti 1771. Bruno D'Hert ex Vracene Wasianus.","Vracene Wasianus","vracenewasianus"
"9915583330101488","Quas conclusiones pro adipiscenda medicinæ laurea, præside [...] Adriano Carolo Josepho van Rossum [...] defendet in publico auditorio medico D. Joannes Jacobus Fleussu ex Lens S. Servatii. Lovanii [...] 12. februarii 1780.","Lens S. Servatii","lenssservatii"
"9912761970101488","Præside [...] Joanne Josepho Guyaux [...] defendet Antonius Defoing ex Fontaines Val & Mont.","Fontaines Val & Mont","fontainesvalmont"
"9912762200101488","Præside [...] Joanne Josepho Guyaux [...] defendet Remigius Mottar ex Heers Castri, religiosus imperialis, liberæ, ac exemptæ abbatiæ sancti Trudonis.","Heers Castri, religiosus imperialis, liberae, ac exemptae abbatiae sancti Trudonis","heerscastrireligiosusimperialisliberaeacexemptaeabbatiaesanctitrudonis"
"9912766310101488","Præside [...] Stephano Dominico de Laittres [...] defendet Petrus Jacobus du Fort ex Ledeghem.","Ledeghem","ledeghem"
"9912766470101488","Præside [...] Joanne Josepho Guyaux [...] defendet Henricus Guilielmus Godefroid ex Fraine.","Fraine","fraine"
"9912769650101488","Præside [...] Joanne Josepho Guyaux [...] defendet Augustinus Smits ex Kevelaer, ord. Præmonstr. abbatialis ecclesiæ B. Mariæ, & S. Nicolai de Postel canonicus.","Kevelaer, ord","kevelaerord"
"9912769780101488","Præside [...] Joanne Libens [...] defendet Joannes Franciscus Lalieu ex Lodelinsart.","Lodelinsart","lodelinsart"
"9912771430101488","Defendet [...] Joannes Albertus Ingelberts ex Autgaerden canonicus regularis eecclesiæ [sic] B.M. Virginis in Bethleem.","Autgaerden canonicus regularis eecclesiae [sic] B","autgaerdencanonicusregulariseecclesiaesicb"
"9912772140101488","Præside [...] Joanne Libens [...] defendet Everardus Simon ex Soy.","Soy","soy"
"9912775560101488","Præside [...] Francisco Martin [...] defendet Henricus Lambert Hüensis.","Hüensis","hüensis"
"9912776030101488","Defendet Guilielmus Tilman ex Preixhe.","Preixhe","preixhe"
"9912776160101488","Defendet Antonius Ignatius des Mons ex Marbays.","Marbays","marbays"
"9912782340101488","Defendet Thomas Martin Anderlucensis.","Anderlucensis","anderlucensis"
"9912786250101488","Præside [...] Hermanno Damen [...] defendet F. Servatius Bruggen Julio-Zittardiensis, ord. præd.","Julio-Zittardiensis","juliozittardiensis"
"9989550820101488","Quas conclusiones, pro adipiscendo J.U. licentiæ gradu præside [...] Henrico Goessens [...] in publico jurium auditorio oppugnandas proponit die 18. augusti 1774. [...] Joannes Baptista Chrysostomus Verlooy ex Oosterwyk.","Oosterwyk","oosterwyk"
"9989555220101488","Quas conclusiones, pro adipiscendo J.U. licentiæ gradu præside [...] Philippo van Billoen [...] in publico jurium auditorio oppugnandas proponit die 24. octobris 1774. reverendus ac eruditissimus dominus D. Joannes Franciscus Zaman ex Sinay Wasianus.","Sinay Wasianus","sinaywasianus"
"9989555670101488","Præside [...] Henrico Goessens [...] defendet die 5. novembris [...] Joannes Gruloos Aldenardensis.","Aldenardensis","aldenardensis"
"9989557900101488","Quas conclusiones, pro adipiscendo J.U. licentiæ gradu præside [...] Philippo van Billoen [...] in publico jurium auditorio oppugnandas proponit die 19. novembris 1774. Adrianus Julianus Pethre ex Wodecq.","Wodecq","wodecq"
"9989564470101488","Præside [...] Judoco Le Plat [...] defendet die 7. martii 1775. Jacobus Livinus D'Haemer ex Calcken Teneramundanus.","Calcken Teneramundanus","calckenteneramundanus"
"9989564960101488","Quas conclusiones, pro adipiscendo J.U. licentiæ gradu præside ... Henrico Goessens ... in publico jurium auditorio oppugnandas proponit die 24. martii 1775. Joannes Gruloos Aldenardensis.","Aldenardensis","aldenardensis"
"9989571740101488","Quas conclusiones, pro adipiscendo J.U. licentiæ gradu præside [...] D. Dominico Jos. Hyacintho Nelis [...] in publico jurium auditorio oppugnandas proponit die 7. junii 1775. [...] Petrus Josephus Collard Neocastro-Luxemburgensis.","Neocastro-Luxemburgensis","neocastroluxemburgensis"
"9989572210101488","Quas conclusiones, pro adipiscendo J.U. licentiæ gradu, præside [...] D. Dominico Jos. Hyacintho Nelis [...] in publico jurium auditorio oppugnandas proponit die 15. julii 1775. Joannes Emmanuel de Ronghe ex Meulebeke Cortracenus.","Meulebeke Cortracenus","meulebekecortracenus"
"9989576280101488","Heuschling vdit. [sic] Defendet in collegio baccalaureorum J.U. Joannes Emmanuel de Ronghe ex Meulebeke Cortracenus. Lovanii die 14. octobris 1773. [...].","Meulebeke Cortracenus","meulebekecortracenus"
"9989576320101488","Heuschling vidit. Defendet in collegio baccalaureorum J.U. Joannes Gruloos Aldenardensis. Lovanii die 15. octobris 1773. [...].","Aldenardensis","aldenardensis"
"9989251780101488","Præside [...] Francisco van Vianen [...] defendet fr. Michael Verdiere Jnsulensis ordinis eremit. S.P. Augustini.","Jnsulensis","jnsulensis"
"9989293120101488","Defendet Lvdovicvs Der Kinderen Aldenardensis.","Aldenardensis","aldenardensis"
"9989294830101488","Præside [...] Andrea Laurent [...] defendet Guilielmvs Wildt ex Eyneten.","Eyneten","eyneten"
"9989294880101488","Præside [...] Francisco van Vianen [...] defendet Gvilielmus Wildt ex Eyneten.","Eyneten","eyneten"
"9989316400101488","Defendet Adrianvs Gilsovx Reviensis.","Reviensis","reviensis"
"9989316530101488","Defendet Clavdivs Lavrent ex Houdengt.","Houdengt","houdengt"
"9989317890101488","Defendet Iacobvs Bersels ex Herfelingen.","Herfelingen","herfelingen"
"9912940330101488","Præside [...] Joanne Petro Heuschling [...] defendet die 22. junii 1771. [...] Andreas Matthæus de la Haye Luxemburgus.","Haye Luxemburgus","hayeluxemburgus"
"9912940710101488","Quas conclusiones, pro adipiscendo J.U. licentiæ, gradu præside [...] Philippo van Billoen [...] in publico jurium auditorio oppugnandas proponit die 25. junii 1771. Guilielmus Joannes d'Hanens ex Nieuwkercken Wasianus.","Nieuwkercken Wasianus","nieuwkerckenwasianus"
"9912941570101488","Heuschling vidit. Defendet in collegio baccalaureorum J.U. Bernardus Hopsomere ex Petegem prope Donsam. Lovanii die 4. julii 1771. [...].","Petegem prope Donsam","petegempropedonsam"
"9912946710101488","Quas conclusiones, pro adipiscendo J.U. licentiæ gradu, præside [...] Philippo van Billoen [...] in publico jurium auditorio oppugnandas proponit die 9. julii 1771. Andreas Matthæus de la Haye Luxemburgus.","Haye Luxemburgus","hayeluxemburgus"
"9915583850101488","Van Der Belen vidit. Præside [...] Gerardo Buesen ex Zichen Eburone. Medicinæ baccalaureorum decano, defendet in collegio medico D. Paulus Eustachius Lekens ex Houthalen Eburo. Lovanii [...] 7. martii 1783.","Houthalen Eburo","houthaleneburo"
"9915584380101488","Quas conclusiones pro adipiscenda medicinæ laurea, præside [...] Adriano Carolo Josepho van Rossum [...] defendet in publico auditorio medico D. Ignatius Ludov. van Steenbrugge ex Kerckhove Aldenardensis. Lovanii [...] 8. augusti 1780.","Kerckhove Aldenardensis","kerckhovealdenardensis"
"9915584440101488","Quas conclusiones pro adipiscenda medicinæ laurea, præside [...] Adriano Carolo Josepho van Rossum [...] defendet in publico auditorio medico D. Benedictus Eugenius Blondeau ex Cruyshautem Aldenardensis. Lovanii [...] 29. aprilis 1783.","Cruyshautem Aldenardensis","cruyshautemaldenardensis"
"9915584670101488","Quas conclusiones pro adipiscenda medicinæ laurea, præside [...] Martino van der Belen [...] defendet in publico auditorio medico D. Petrus Jacobus Rottiers ex Gyseghem Alostanus. Lovanii [...] 18. junii 1783.","Gyseghem Alostanus","gyseghemalostanus"
"9915585360101488","Quas conclusiones pro adipiscenda medicinæ laurea, præside [...] Martino van der Belen [...] defendet in publico auditorio medico D. Philippus Ludov. Josep. Melch. Cambier ex Tourpes Lutosanus. Lovanii [...] 13. junii 1780.","Tourpes Lutosanus","tourpeslutosanus"
"9915585500101488","Vander Belen vidit. Defendet in collegio medico D. Joannes Bapt. Minne ex Escaussinnes S. Aldegondæ in Hannoniâ. Lovanii [...] 27. aprilis 1780.","Escaussinnes S. Aldegondae in Hannoniâ","escaussinnessaldegondaeinhannoniâ"
"9915588180101488","Quas conclusiones pro adipiscenda medicinæ laurea, præside [...] Martino van der Belen [...] defendet in publico auditorio medico D. Franciscus Dhanis ex Stekene Wasianus. Lovanii [...] 8. februarii 1783.","Stekene Wasianus","stekenewasianus"
"9915588330101488","Quas conclusiones pro adipiscenda medicinæ laurea, præside [...] Martino van der Belen [...] defendet in publico auditorio medico D. Jacobus Antonius Dierick ex Zuyd-Dorpe. Lovanii [...] 2. augusti 1781.","Zuyd-Dorpe","zuyddorpe"
"9915588840101488","Quas conclusiones pro adipiscenda medicinæ laurea, præside [...] Adriano Carolo Josepho van Rossum [...] defendet in publico auditorio medico D. Joannes Baptista Pieters ex Laerne Teneramundanus. Lovanii [...] 6. martii 1779.","Laerne Teneramundanus","laerneteneramundanus"
"9915589410101488","Quas conclusiones pro adipiscenda medicinæ laurea, præside [...] Martino van der Belen [...] defendet in publico auditorio medico D. Josephus Joannes Aerts ex Puurs. Lovanii [...] 3. augusti 1782.","Puurs","puurs"
"9915593340101488","Quas conclusiones pro adipiscenda medicinæ laurea, præside [...] Martino van der Belen [...] defendet in publico auditorio medico D. Joannes Franciscus de Cooman ex Sleydinge Everghemiensis. Lovanii [...] 3. augusti 1779.","Sleydinge Everghemiensis","sleydingeeverghemiensis"
"9915596560101488","Quas conclusiones pro adipiscenda medicinæ laurea, præside [...] Martino van der Belen [...] defendet in publico auditorio medico D. Ferdinandus Vyvens ex Huysse Aldenardensis. Lovanii [...] 12. julii 1783.","Huysse Aldenardensis","huyssealdenardensis"
"9915604620101488","Quas conclusiones pro adipiscenda medicinæ laurea, præside [...] Martino van der Belen [...] defendet in publico auditorio medico D. Petrus Ferdinandus Mys ex Moorssel Alostanus. Lovanii [...] 1. augusti 1781.","Moorssel Alostanus","moorsselalostanus"
"9915605560101488","Quas conclusiones pro adipiscenda medicinæ laurea, præside [...] Adriano Carolo Josepho van Rossum [...] defendet in publico auditorio medico D. Jacobus Josephus Delbouvry ex Lahamaide, Lovanii [...] 2. augusti 1780.","Lahamaide,","lahamaide"
"9915605880101488","Præside [...] Judoco Joanne Huberto Vounck [...] defendet in publico auditorio medico D. Blasius Cardon ex Waereghem Cortracenus. Lovanii [...] 20. julii 1781.","Waereghem Cortracenus","waereghemcortracenus"
"9915657240101488","Præside [...] Judoco Joanne Huberto Vounck [...] defendet in publico auditorio medico D. Jacobus Josephus Delbouvry ex Lahamaide. Lovanii [...] 6. maii 1780.","Lahamaide","lahamaide"
"9915658570101488","Præside [...] Martino van der Belen [...] defendet in publico auditorio medico D. Joannes Baptista de Wever ex Aspelaer Alostanus. Lovanii [...] 22. junii 1782.","Aspelaer Alostanus","aspelaeralostanus"
"9915658950101488","Præside [...] Judoco Joanne Huberto Vounck [...] defendet in publico auditorio medico D. Joannes Baptista Tronche de Perain Gallo Petrocoriensis. Lovanii [...] 14.05.1782.","Petrocoriensis","petrocoriensis"
"9915659000101488","Præside [...] Judoco Joanne Huberto Vounck [...] defendet in publico auditorio medico D. Joannes Baptista Minne ex Escaussinnes. Lovanii [...] 20. februarii 1782.","Escaussinnes","escaussinnes"
"9989252290101488","Defendet Franciscus Vifqvin Bouvigniensis.","Bouvigniensis","bouvigniensis"
"9989253020101488","Defendet Waltervs vanden Boom Waelrensis.","Waelrensis","waelrensis"
"9989290910101488","Defendet Maximilianvs Campion ex Bievene le happart.","Bievene le happart","bievenelehappart"
"9989430520101488","quas præside [...] Guilielmo Walrico van Leempoel [...] defendet Augustus Josephus Morel Tornacenus, artium baccalaureus, pædagogii Porcensis alumnus. Lovanii in schola artium die 30. junii 1783. [...].","Porcensis","porcensis"
"9989448120101488","Præside ... D. Dominico Josepho Hyacintho Nelis ... defendet die 8. novembris 1775. Petrus Philippus Josep. Harmignie ex Belœil.","Belœil","belœil"
"9989453930101488","Quas conclusiones pro adipiscendo J.U. licentiæ gradu, præside ... Dominico Josepho Hyacintho Nelis ... in publico jurium auditorio oppugnandas proponit die 16. aprilis 1776. Petrus Philippus Jos. Harmignie ex Belœil.","Belœil","belœil"
"9989454650101488","Quas conclusiones pro adipiscendo J.U. licentiæ gradu, præside [...] Dominico Josepho Hyacintho Nelis [...] in publico jurium auditorio oppugnandas proponit die 12. februarii 1794. Joannes Judocus Van Damme ex Lokeren Wasianus.","Lokeren Wasianus","lokerenwasianus"
"9989467470101488","Præside [...] Dominico Jos. Hyacintho Nelis [...] defendet die 23. octobris 1772. Judocus Joseph. van der Donckt Aldenardensis.","Aldenardensis","aldenardensis"
"9989467650101488","Quas conclusiones, pro adipiscendo J.U. licentiæ gradu præside ... Philippo van Billoen ... in publico jurium auditorio oppugnandas proponit die 7. decembris 1772. Joannes Benedictus Neudt ex Proven-Furnensis.","Proven-Furnensis","provenfurnensis"
"9989471690101488","Quas conclusiones, pro adipiscendo J.U. licentiæ gradu, præside [...] Philippo van Billoen [...] in publico jurium auditorio oppugnandas proponit die 17. decembris 1772. Joannes Josephus Raepsaet Aldenardensis.","Aldenardensis","aldenardensis"
"9989487180101488","Præside [...] Henrico Goessens [...] defendet die 12. februarii 1773. Philippus Jacobus van Provyn Dixmudensis.","Dixmudensis","dixmudensis"
"9989501550101488","Præside [...] D. Joanne Petro Heuschling [...] defendet die 28. junii 1773. Joannes Nicolaus Mergay Epternaco-Luxemburgensis.","Epternaco-Luxemburgensis","epternacoluxemburgensis"
"9989502180101488","Quas conclusiones, pro adipiscendo J.U. licentiæ gradu, præside [...] Henrico Goessens [...] in publico jurium auditorio oppugnandas proponit die 23. julii 1773. Joannes Nicolaus Mergay Epternaco-Luxemburgensis.","Epternaco-Luxemburgensis","epternacoluxemburgensis"
"9989528230101488","Quas conclusiones, pro adipiscendo J.U. licentiæ gradu, præside [...] Philippo van Billoen [...] in publico jurium auditorio oppugnandas proponit die 6. octobris 1773. Fredericus Wilhelmus Cockx ex Norderwyck.","Norderwyck","norderwyck"
"9989543390101488","Præside [...] Joanne Petro Heuschling [...] defendet die 7. martii 1774. Joannes Henricus Joseph. Corneli Rimbourgensis.","Rimbourgensis","rimbourgensis"
"9912824440101488","Defendet Franciscvs Saubain ex Bry in collegio maiori.","Bry in collegio maiori","bryincollegiomaiori"
"9912828400101488","Defendet Franciscvs Iacobus Malfroid Gourdiniensis. In collegio maiori.","Gourdiniensis","gourdiniensis"
"9912828470101488","Defendet Henricvs Wolrardvs Kicken Mechelensis in collegio maiori.","Mechelensis","mechelensis"
"9912830810101488","Defendet. Joannes Cuylen Bladelensis. In collegio maiori.","Bladelensis","bladelensis"
"9912832430101488","Defendet. Thomas de Cuyper Malderensis. In collegio majori.","Malderensis","malderensis"
"9912832760101488","Defendet. Andreas Hemerick ex Cortemarcq in collegio majori.","Cortemarcq in collegio majori","cortemarcqincollegiomajori"
"9912834020101488","Defendet. Natalis Gerardus Radoux Xhendremaliensis. In collegio majori.","Xhendremaliensis","xhendremaliensis"
"9912834900101488","Defendet. Henricus Jeronne ex Sohier. In collegio majori.","Sohier","sohier"
"9912835430101488","Defendet. Carolus de Bruyne ex Hamme, in collegio majori.","Hamme, in collegio majori","hammeincollegiomajori"
"9912835520101488","Defendet. Augustinus Segaert Aldenardensis. In collegio majori.","Aldenardensis","aldenardensis"
"9912840740101488","Defendet Joannes Joseph ex Esclaye. In collegio majori.","Esclaye","esclaye"
"9912840790101488","Defendet Augustinus Segaerts Aldenardensis. In collegio majori.","Aldenardensis","aldenardensis"
"9912909430101488","Poelsma vidit. Defendet in collegio baccalaureorum J.U. Joannes Carolus de la Haye Luxemburgus. Lovanii die 18. octobris 1770. [...].","Haye Luxemburgus","hayeluxemburgus"
"9912909530101488","Præside [...] Judoco le Plat [...] defendet die 19. octobris 1770. Guilielmus Joannes d'Hanens ex Nieuwkercken Wasianus.","Nieuwkercken Wasianus","nieuwkerckenwasianus"
"9991827090101488","Præside [...] Natale du Bois [...] defendet Petrus vande Velde ex Heyndonck.","Heyndonck","heyndonck"
"9991827160101488","Præside [...] Joanne Josepho Guyaux [...] defendet F. Joannes Cordier Hanno-lendiensis, religiosus Alnensis.","Hanno-lendiensis","hannolendiensis"
"9991839500101488","Præside [...] Andrea Henckhuysen [...] defendet Claudius Masy ex Sart S. Eustachii.","Sart S. Eustachii","sartseustachii"
"9991841230101488","Præside [...] Andrea Henckhuysen [...] defendet Guillielmus van Overloop ex Sancti Nicolai Wasianus.","Sancti Nicolai Wasianus","sanctinicolaiwasianus"
"9991887720101488","Præside [...] D. Joanne Petro Heuschling [...] defendet die 16. januarii 1776. Nicolaus Josephus Schieffers ex Merxstein Rodensis.","Merxstein Rodensis","merxsteinrodensis"
"9991887750101488","Quas conclusiones, pro adipiscendo J.U. licentiæ gradu, præside [...] D. Henrico Goessens [...] in publico jurium auditorio oppugnandas proponit die 26. martii 1776. Nicolaus Josephus Schieffers ex Merxstein Rodensis.","Merxstein Rodensis","merxsteinrodensis"
"9992153307601488","Præside ... Henrico Goessens ... defendet die 23. junii 1777. reverendus ac perillustris dominus D. Ignatius Bern. de Steenhault ex Vollezeelle","Vollezeelle","vollezeelle"
"9992153307701488","Præside ... Joanne van der Auwera ... defendet Joannes Franciscus Wauters ex Cluysen.","Cluysen","cluysen"
"9992153307801488","Præside ... Joanne van der Auwera ... defendet Joannes Franciscus Wauters ex Cluysen.","Cluysen","cluysen"
"9915997130101488","Præside [...] Arnoldo van Elewyck [...] defendet die 24. januarii 1778. Franciscus Vispoel Aldenardensis.","Aldenardensis","aldenardensis"
"9916013280101488","Quas conclusiones, pro adipiscendo, J.U. licentiæ gradu præside [...] Dominico Josepho Hyacintho Nelis [...] in publico jurium auditorio oppugnandas proponit die 19. decembris 1778. Petrus Eugenius Albert. Coulier ex Pollynchove-Furnensis.","Pollynchove-Furnensis","pollynchovefurnensis"
"9916043980101488","Nelis vidit. Defendet in collegio baccalaureorum J.U. Jacobus Antonius Delooze ex Huysse Aldenardensis. Lovanii die 13. maii 1776. [...].","Huysse Aldenardensis","huyssealdenardensis"
"9989248490101488","Præside [...] Francisco Van Vianen [...] defendet Gerardus Vander Holt Ruræ-Mondensis.","Rurae-Mondensis","ruraemondensis"
"9989249230101488","Defendet Jacobus Du Bois Naastensis.","Naastensis","naastensis"
"9989295480101488","Defendet Ioannes Baptista van Haveren ex Melschen.","Melschen","melschen"
"9989316990101488","Defendet Lvdovicvs Derkinderen Aldenardensis.","Aldenardensis","aldenardensis"
"9989369170101488","Præside [...] Joanne Josepho Guyaux [...] defendet F. Mennas Nagel Luxemburgus abbatiæ Aureæ-Vallis ordinis Cisterciensis religiosus.","Cisterciensis","cisterciensis"
"9989370280101488","Præside [...] Joanne van der Auwera [...] defendet Josephus Benedictus Demaziere ex Leysel-Furnensis.","Leysel-Furnensis","leyselfurnensis"
"9989372520101488","Præside [...] F. Josepho Maugis [...] defendet Josephus Benedictus de Maziere ex Leysel-Furnensis.","Leysel-Furnensis","leyselfurnensis"
"9989427210101488","Præside [...] Thoma Lamberto Ghenne [...] defendet Joannes Josephus Havelange ex Dieupart.","Dieupart","dieupart"
"9989427590101488","Præside [...] Thoma Lamberto Ghenne [...] defendet Franciscus Antonius Martens ex Nieukerken Wasianus.","Nieukerken Wasianus","nieukerkenwasianus"
"9989427640101488","Præside [...] F. Vincentio Herffs [...] defendet Franciscus Antonius Martens ex Nieukerken Wasianus.","Nieukerken Wasianus","nieukerkenwasianus"
"9989487450101488","Quas conclusiones, pro adipiscendo J.U. licentiæ gradu, præside [...] Philippo van Billoen [...] in publico jurium auditorio oppugnandas proponit die 1. martii 1773. Judocus Joseph. van der Donckt Aldenardensis.","Aldenardensis","aldenardensis"
"9989488110101488","Præside [...] Philippo van Billoen [...] defendet die 20. martii 1773. Fredericus Wilhelmus Cockx ex Norderwyck.","Norderwyck","norderwyck"
"9989488120101488","Præside [...] Philippo van Billoen [...] defendet die 22. martii 1773. Adrianus Julianus Pethre ex Wodecq.","Wodecq","wodecq"
"9989489430101488","Quas conclusiones, pro adipiscendo J.U. licentiæ gradu, præside [...] Henrico Goessens [...] in publico jurium auditorio oppugnandas proponit die 14. maii 1773. Joannes Francisc. Ant. Bauwens Aldenardensis.","Aldenardensis","aldenardensis"
"9989501630101488","Quas conclusiones, pro adipiscendo J.U. licentiæ gradu, præside [...] Henrico Goessens [...] in publico jurium auditorio oppugnandas proponit die 3. julii 1773. Paulus Franciscus Verbrugghen ex Lede Alostanus.","Lede Alostanus","ledealostanus"
"9989372730101488","Præside [...] Joanne van der Auwera [...] defendet Joannes Musman ex Warny.","Warny","warny"
"9989374330101488","Præside [...] Thoma Lamberto Ghenne [...] defendet Joannes Berghman ex Ledeghem.","Ledeghem","ledeghem"
"9989374710101488","Præside [...] Petro Jacobo Marant [...] defendet F. Adrianus Schmit Luxemburgus, abbatiæ B.M.V. de Aureâ-Valle ordinis Cisterciensis religiosus.","Cisterciensis","cisterciensis"
"9989374800101488","Præside [...] Thoma Lamberto Ghenne [...] defendet Joannes Baptista Bermyn Everghemiensis.","Everghemiensis","everghemiensis"
"9989427830101488","Præside [...] F. Vincentio Herffs [...] defendet Franciscus Antonius Martens ex Nieukerken Wasianus.","Nieukerken Wasianus","nieukerkenwasianus"
"9989471730101488","Quas conclusiones, pro adipiscendo J.U. licentiæ gradu, præside [...] Philippo van Billoen [...] in publico jurium auditorio oppugnandas proponit die 13. januarii 1773. Bernardus Ignatius Constantin. Hopsomere ex Petegem prope Donsam.","Petegem prope Donsam","petegempropedonsam"
"9989549830101488","Præside [...] Philippo van Billoen [...] defendet die 29. julii 1774. Joannes Baptista Chrysostomus Verlooy ex Oosterwyk.","Oosterwyk","oosterwyk"
"9989554770101488","Præside [...] Judoco Le Plat [...] defendet die 17. octobris 1774. Joannes Franciscus Zaman ex Sinay Wasianus.","Sinay Wasianus","sinaywasianus"
"9989557950101488","Præside [...] Joanne Petro Heuschling [...] defendet die 29. novembris 1774. prænobilis dominus Micael Josephus Alex. de Gouy Nervius.","",""
"9989558250101488","Præside [...] Henrico Goessens [...] defendet die 20. januarii 1775. Joannes Franciscus Mulle ex Wynkel S. Eligii.","Wynkel S. Eligii","wynkelseligii"
"9989558350101488","Quas conclusiones, pro adipiscendo J.U. licentiæ gradu præside [...] Philippo van Billoen [...] in publico jurium auditorio oppugnandas proponit die 30. januarii 1775. Joannes Franciscus Mulle ex Wynckel S. Eligii.","Wynckel S. Eligii","wynckelseligii"
"9912799630101488","Præside [...] Christiano Francisco Terswaek [...] defendet Dionysius Franciscus Josephus vande Voorde ex S. Nicolai Wasianus.","S. Nicolai Wasianus","snicolaiwasianus"
"9912800950101488","Præside [...] Thoma Lamberto Ghenne [...] defendet Joannes Baptista Schouppe ex Ayghem.","Ayghem","ayghem"
"9912801130101488","Præside [...] Petro Ignatio de Bisschop [...] defendet F. Gislenus van Havermaet ex Okeghem, abbatiæ S. Adriani ord. S. Benedicti Gerardimontibus religiosus.","Okeghem, abbatiae S. Adriani ord","okeghemabbatiaesadrianiord"
"9912804880101488","Præside [...] Petro Ignatio de Bisschop [...] defendet Petrus Franciscus van Audenrode ex Lombeeck B.M.","Lombeeck B","lombeeckb"
"9912806210101488","Præside [...] Gerardo Deckers [...] defendet Josephus Franciscus Crupelant ex Marcke Cotracensis.","Marcke Cotracensis","marckecotracensis"
"9912810650101488","Præside [...] Joanne van der Auwera [...] defendet Franciscus Jacobus Vermeesch ex Ramscappel-Furnensis.","Ramscappel-Furnensis","ramscappelfurnensis"
"9912811490101488","Præside [...] Joanne van der Auwera [...] defendet Petrus Jacobus Josephus Collet ex Biesme-La-Colonoise.","Biesme-La-Colonoise","biesmelacolonoise"
"9912813240101488","Præside [...] Joanne van der Auwera [...] defendet Dionysius Franciscus Josephus Vandevoorde ex Sti. Nicolai Wasianus.","Sti. Nicolai Wasianus","stinicolaiwasianus"
"9912816450101488","Præside [...] Joanne van der Auwera [...] defendet F. Gislenus van Havermaet ex Okeghem, abbatiæ S. Adriani ordinis S. Benedicti Gerardimontibus religiosus.","Okeghem, abbatiae S. Adriani ordinis S","okeghemabbatiaesadrianiordiniss"
"9912817650101488","Præside [...] Joanne van der Auwera [...] defendet Petrus Franciscus van Audenrode ex Lombeeck B.M.","Lombeeck B","lombeeckb"
"9989530640101488","Quas conclusiones, pro adipiscendo J.U. licentiæ gradu præside [...] Philippo van Billoen [...] in publico jurium auditorio oppugnandas proponit die 11. decembris 1773. [...] prænobilis dominus D. Philippus Theod. Vinc. Pouppé ex Hollaeken in Rymenam.","Hollaeken in Rymenam","hollaekeninrymenam"
"9989542810101488","Quas conclusiones, pro adipiscendo J.U. licentiæ gradu præside [...] Philippo van Billoen [...] in publico jurium auditorio oppugnandas proponit die 21. februarii 1774. Antonius Francisc. Molemakers ex Stratum-Sylvæducensis.","Stratum-Sylvaeducensis","stratumsylvaeducensis"
"9989545430101488","Quas conclusiones, pro adipiscendo J.U. licentiæ gradu præside [...] Philippo van Billoen [...] in publico jurium auditorio oppugnandas proponit die 28. maii 1774. Joannes Henricus Joseph. Corneli Rimbourgensis.","Rimbourgensis","rimbourgensis"
"9989549400101488","Quas conclusiones, pro adipiscendo J.U. licentiæ gradu præside [...] Philippo van Billoen [...] in publico jurium auditorio oppugnandas proponit die 19. julii 1774. prænobilis dominus D. Franciscus Jos. Max. de Clerck de Primsdale &c. &c. Candensis [sic].","Candensis","candensis"
"9989989950101488","Poelsma vidit. Defendet in collegio baccalaureorum J.U. Paulus Franciscus Verbrugghen ex Lede Alostanus. Lovanii die 9. januarii 1772. ...","Lede Alostanus","ledealostanus"
"9990636830101488","Præside [...] Joanne van der Auwera [...] defendet Dionysius Franciscus Josephus van de Voorde ex Divi Nicolai Wasianus.","Divi Nicolai Wasianus","divinicolaiwasianus"
"9990637170101488","Præside [...] D. Judoco Le Plat [...] defendet die 20. decembris 1775. Josephus Maria Michael Peirsman ex Haesdonck Wasianus.","Haesdonck Wasianus","haesdonckwasianus"
"9990637320101488","Quas conclusiones, pro adipiscendo J.U. licentiæ gradu præside [...] D. Henrico Goessens [...] in publico jurium auditorio oppugnandas proponit die 6. augusti 1777. Josephus Maria Michael Peirsman ex Haesdonck Wasianus.","Haesdonck Wasianus","haesdonckwasianus"
"9990638260101488","Præside ... Philippo van Billoen ... defendet die 11. maii 1770. Bruno d'Hert ex Vracene Wasianus.","Vracene Wasianus","vracenewasianus"
"9990638530101488","Præside [...] Henrico Goessens [...] defendet die 24. novembris 1775. Petrus Leonardus Josephus Schiervel ex Henri Chapelle Limburgus.","Henri Chapelle Limburgus","henrichapellelimburgus"
"9990643450101488","Quas conclusiones, pro adipiscendo J.U. licentiæ gradu, præside [...] D. Henrico Goessens [...] in publico jurium auditorio oppugnandas proponit die 7. martii 1777. Carolus Josephus Linoy Ernago-Gemblacensis.","Ernago-Gemblacensis","ernagogemblacensis"
"9990645740101488","Defendet Amandvs de Pauw Berthemiensis.","Berthemiensis","berthemiensis"
"9990656150101488","Defendet Joannes Brenan Hibernus Desmoniensis.","Desmoniensis","desmoniensis"
"9990957190101488","quam sub auspiciis [...] Casparis Ant. baronis van der Heyden de Belderbusch [...] pro adipiscenda juris utriusque licentiæ laurea, in celeberrimæ Lovaniensis academiæ publico jurium auditorio, præside [...] Dominico Josepho Hyacintho Nelis [...] discutiendam proponit die 27. martii 1776. Leopoldus Carolus Clercx ex Aldenbiessen.","Aldenbiessen","aldenbiessen"
"9990957510101488","quam sub auspiciis [...] Caroli principis de Ligne et Amblise [...] pro adipiscenda juris utriusque licentiæ laurea, in celeberrimæ Lovaniensis academiæ publico jurium auditorio, præside [...] D. Henrico Goessens [...] discutiendam proponit die 24. februarii 1777. Joannes Joachimus Halbardier Neo-Castro-Luxemburgensis.","Castro-Luxemburgensis","castroluxemburgensis"
"9915665710101488","Præside [...] Adriano Carolo Josepho van Rossum [...] defendet in publico auditorio medico D. Franciscus Henricus Gyselynck Aldenardensis. Lovanii [...] 18. januarii 1783.","Aldenardensis","aldenardensis"
"9915893020101488","Quas conclusiones, pro adipiscendo J.U. licentiæ gradu, præside [...] Henrico Goessens [...] in publico jurium auditorio oppugnandas proponit die 9. decembris 1771. Joannes Ludovicus Joseph. Gillis Verzenalensis.","Verzenalensis","verzenalensis"
"9915894890101488","Præside [...] Philippo van Billoen [...] defendet die 28. januarii 1772. Bernardus Hopsomere ex Petegem prope Donsam.","Petegem prope Donsam","petegempropedonsam"
"9915899280101488","Præside [...] Philippo van Billoen [...] defendet die 31. martii 1772. reverendus amplissimus ac perillustris dominus D. Joannes Carolus de Locquenghien ecclesiæ cathedralis B.M.V. Tornaci canonicus ex Holede.","Holede","holede"
"9915899830101488","Præside [...] Henrico Goessens [...] defendet die 8. aprilis 1772. Jacobus Ludovicus Beaucarne ex Eenaeme Alostanus.","Eenaeme Alostanus","eenaemealostanus"
"9915900510101488","Præside [...] Philippo van Billoen [...] defendet die 2. maii 1772. Joannes Josephus Raepsaet Aldenardensis.","Aldenardensis","aldenardensis"
"9915902290101488","Van Billoen vidit. Defendet in collegio baccalaureorum J.U. Fredericus Wilhelmus Cockx ex Nodderwyck. Lovanii die 14. maii 1772. [...].","Nodderwyck","nodderwyck"
"9915903080101488","Præside [...] Philippo van Billoen [...] defendet die 22. maii 1772. Joannes Franciscus Antonius Bauwens Aldenardensis.","Aldenardensis","aldenardensis"
"9915907390101488","Præside [...] Leonar. Josepho Streithagen [...] defendet die 18. julii 1772. [...] Fredericus Wilhelm. Cockx ex Norderwyck.","Norderwyck","norderwyck"
"9910151960101488","quas præside [...] Joanne Josepho Gerard [...] defendet Joannes Franciscus Geradon Leodius, artium baccalaureus, pædagogii Porcensis alumnus. Lovanii in schola artium die 2. junii 1778. [...].","Porcensis","porcensis"
"9912749720101488","Defendet Nicolaus Malrechauffé ex Wangnellée.","Wangnellée","wangnellée"
"9912750620101488","Præside [...] Hieronymo t'Seraerts [...] defendet Franciscus Delwaide ex Chefneu.","Chefneu","chefneu"
"9912752040101488","Præside [...] Joanne Josepho Guyaux [...] defendet Bernardus le Clercq ex Estinne Haute.","Estinne Haute","estinnehaute"
"9916011410101488","Quas conclusiones, pro adipiscendo J.U. licentiæ gradu, præside [...] Henrico Goessens [...] in publico jurium auditorio oppugnandas proponit die 31. octobris 1778. Petrus Carolus Ludovicus vander Schelden Aldenardensis.","Aldenardensis","aldenardensis"
"9916042660101488","Nelis vidit. Defendet in collegio baccalaureorum J.U. Jacobus Emmanuel Carpentier ex Zonnebeke. Lovanii die 18. aprilis 1776. [...].","Zonnebeke","zonnebeke"
"9916048230101488","Goessens vidit. Defendet in collegio baccalaureorum J.U. Joannes Albertus de Mey ex Hooghlede. Lovanii die 22. januarii 1778. [...].","Hooghlede","hooghlede"
