tag_001,IE PID,value,url
9992259740301488,IE9527463,https://lib.is/IE9527463/manifest,https://www.kuleuven.be/lectio/magisterdixit/items/show/1215
9992259742801488,IE9526737,https://lib.is/IE9526737/manifest,https://www.kuleuven.be/lectio/magisterdixit/items/show/1212
9992259762901488,IE9524307,https://lib.is/IE9524307/manifest,https://www.kuleuven.be/lectio/magisterdixit/items/show/1206
9992260067701488,IE9529929,https://lib.is/IE9529929/manifest,https://www.kuleuven.be/lectio/magisterdixit/items/show/1224
9992260073401488,IE9528843,https://lib.is/IE9528843/manifest,https://www.kuleuven.be/lectio/magisterdixit/items/show/1221
9992260279201488,IE9536275,https://lib.is/IE9536275/manifest,https://www.kuleuven.be/lectio/magisterdixit/items/show/1176
9992260288901488,IE9533321,https://lib.is/IE9533321/manifest,https://www.kuleuven.be/lectio/magisterdixit/items/show/1173
9992260295001488,IE9532523,https://lib.is/IE9532523/manifest,https://www.kuleuven.be/lectio/magisterdixit/items/show/1170
9992260297901488,IE9530745,https://lib.is/IE9530745/manifest,https://www.kuleuven.be/lectio/magisterdixit/items/show/1227
9992260790201488,IE9541423,https://lib.is/IE9541423/manifest,https://www.kuleuven.be/lectio/magisterdixit/items/show/1194
9992260794101488,IE9540811,https://lib.is/IE9540811/manifest,https://www.kuleuven.be/lectio/magisterdixit/items/show/1191
9992260798501488,IE9540253,https://lib.is/IE9540253/manifest,https://www.kuleuven.be/lectio/magisterdixit/items/show/1188
9992260801001488,IE9539191,https://lib.is/IE9539191/manifest,https://www.kuleuven.be/lectio/magisterdixit/items/show/1185
9992260904601488,IE9538309,https://lib.is/IE9538309/manifest,https://www.kuleuven.be/lectio/magisterdixit/items/show/1182
9992260909301488,IE9537781,https://lib.is/IE9537781/manifest,https://www.kuleuven.be/lectio/magisterdixit/items/show/1179
9992265092101488,IE9926333,https://lib.is/IE9926333/manifest,https://www.kuleuven.be/lectio/magisterdixit/items/show/1807
9992265095501488,IE9926267,https://lib.is/IE9926267/manifest,https://www.kuleuven.be/lectio/magisterdixit/items/show/1810
9992265202401488,IE9925385,https://lib.is/IE9925385/manifest,https://www.kuleuven.be/lectio/magisterdixit/items/show/1813
9992270688501488,IE9669825,https://lib.is/IE9669825/manifest,https://www.kuleuven.be/lectio/magisterdixit/items/show/1197
9992271601801488,IE9671787,https://lib.is/IE9671787/manifest,https://www.kuleuven.be/lectio/magisterdixit/items/show/1143
9992271603901488,IE9670251,https://lib.is/IE9670251/manifest,https://www.kuleuven.be/lectio/magisterdixit/items/show/1140
9992271890801488,IE9673787,https://lib.is/IE9673787/manifest,https://www.kuleuven.be/lectio/magisterdixit/items/show/1149
9992271895301488,IE9672743,https://lib.is/IE9672743/manifest,https://www.kuleuven.be/lectio/magisterdixit/items/show/1146
9992272707601488,IE9674201,https://lib.is/IE9674201/manifest,https://www.kuleuven.be/lectio/magisterdixit/items/show/1152
9992272987701488,IE9678205,https://lib.is/IE9678205/manifest,https://www.kuleuven.be/lectio/magisterdixit/items/show/1161
9992272991501488,IE9677515,https://lib.is/IE9677515/manifest,https://www.kuleuven.be/lectio/magisterdixit/items/show/1158
9992272998501488,IE9676303,https://lib.is/IE9676303/manifest,https://www.kuleuven.be/lectio/magisterdixit/items/show/1155
9992273290201488,IE9680125,https://lib.is/IE9680125/manifest,https://www.kuleuven.be/lectio/magisterdixit/items/show/1167
9992274354001488,IE9806900,https://lib.is/IE9806900/manifest,https://www.kuleuven.be/lectio/magisterdixit/items/show/1119
9992274362101488,IE9799080,https://lib.is/IE9799080/manifest,https://www.kuleuven.be/lectio/magisterdixit/items/show/1116
9992274371401488,IE9721629,https://lib.is/IE9721629/manifest,https://www.kuleuven.be/lectio/magisterdixit/items/show/1113
9992274373801488,IE9718737,https://lib.is/IE9718737/manifest,https://www.kuleuven.be/lectio/magisterdixit/items/show/1110
9992274409201488,IE9679441,https://lib.is/IE9679441/manifest,https://www.kuleuven.be/lectio/magisterdixit/items/show/1164
9992274445301488,IE9829807,https://lib.is/IE9829807/manifest,https://www.kuleuven.be/lectio/magisterdixit/items/show/1128
9992274448601488,IE9821427,https://lib.is/IE9821427/manifest,https://www.kuleuven.be/lectio/magisterdixit/items/show/1125
9992274455601488,IE9813565,https://lib.is/IE9813565/manifest,https://www.kuleuven.be/lectio/magisterdixit/items/show/1122
9992274990501488,IE9859513,https://lib.is/IE9859513/manifest,https://www.kuleuven.be/lectio/magisterdixit/items/show/1134
9992275076501488,IE9869236,https://lib.is/IE9869236/manifest,https://www.kuleuven.be/lectio/magisterdixit/items/show/1137
9992275208101488,IE9839905,https://lib.is/IE9839905/manifest,https://www.kuleuven.be/lectio/magisterdixit/items/show/1131
9992276573901488,IE9886453,https://lib.is/IE9886453/manifest,https://www.kuleuven.be/lectio/magisterdixit/items/show/1101
9992276575601488,IE9886399,https://lib.is/IE9886399/manifest,https://www.kuleuven.be/lectio/magisterdixit/items/show/1098
9992276576501488,IE9886033,https://lib.is/IE9886033/manifest,https://www.kuleuven.be/lectio/magisterdixit/items/show/1095
9992276579101488,IE9885895,https://lib.is/IE9885895/manifest,https://www.kuleuven.be/lectio/magisterdixit/items/show/1092
9992276677401488,IE9885649,https://lib.is/IE9885649/manifest,https://www.kuleuven.be/lectio/magisterdixit/items/show/1089
9992276679901488,IE9885319,https://lib.is/IE9885319/manifest,https://www.kuleuven.be/lectio/magisterdixit/items/show/1086
9992276681901488,IE9884923,https://lib.is/IE9884923/manifest,https://www.kuleuven.be/lectio/magisterdixit/items/show/1083
9992276735001488,IE9890924,https://lib.is/IE9890924/manifest,https://www.kuleuven.be/lectio/magisterdixit/items/show/1080
9992276739201488,IE9887269,https://lib.is/IE9887269/manifest,https://www.kuleuven.be/lectio/magisterdixit/items/show/1107
9992276749601488,IE9886711,https://lib.is/IE9886711/manifest,https://www.kuleuven.be/lectio/magisterdixit/items/show/1104
9992282003601488,IE9898939,https://lib.is/IE9898939/manifest,https://www.kuleuven.be/lectio/magisterdixit/items/show/1077
9992337086601488,IE10717523,https://lib.is/IE10717523/manifest,https://www.kuleuven.be/lectio/magisterdixit/items/show/1717
9992345588901488,IE10718189,https://lib.is/IE10718189/manifest,https://www.kuleuven.be/lectio/magisterdixit/items/show/1720
9992390707301488,IE15346288,https://lib.is/IE15346288/manifest,https://www.kuleuven.be/lectio/magisterdixit/items/show/1849
9992408054301488,IE15346324,https://lib.is/IE15346324/manifest,https://www.kuleuven.be/lectio/magisterdixit/items/show/1850
9992423306701488,IE15347422,https://lib.is/IE15347422/manifest,https://www.kuleuven.be/lectio/magisterdixit/items/show/1851
9992467506901488,IE15348861,https://lib.is/IE15348861/manifest,https://www.kuleuven.be/lectio/magisterdixit/items/show/1852
9992473708801488,NA,NA,NA
9992475809401488,IE15351984,https://lib.is/IE15351984/manifest,https://www.kuleuven.be/lectio/magisterdixit/items/show/1853
9992549499201488,IE14631605,https://lib.is/IE14631605/manifest,https://www.kuleuven.be/lectio/magisterdixit/items/show/1837
9992549879801488,IE14636278,https://lib.is/IE14636278/manifest,https://www.kuleuven.be/lectio/magisterdixit/items/show/1835
9992549884401488,IE14634228,https://lib.is/IE14634228/manifest,https://www.kuleuven.be/lectio/magisterdixit/items/show/1836
9992549892801488,IE14628761,https://lib.is/IE14628761/manifest,https://www.kuleuven.be/lectio/magisterdixit/items/show/1840
9992550090001488,IE14641865,https://lib.is/IE14641865/manifest,https://www.kuleuven.be/lectio/magisterdixit/items/show/1833
9992551509201488,IE14648013,https://lib.is/IE14648013/manifest,https://www.kuleuven.be/lectio/magisterdixit/items/show/1832
9992552106201488,IE14644777,https://lib.is/IE14644777/manifest,https://www.kuleuven.be/lectio/magisterdixit/items/show/1830
9992552206501488,IE14643497,https://lib.is/IE14643497/manifest,https://www.kuleuven.be/lectio/magisterdixit/items/show/1831
9992553310301488,IE14646981,https://lib.is/IE14646981/manifest,https://www.kuleuven.be/lectio/magisterdixit/items/show/1829
9992560289301488,IE14773064,https://lib.is/IE14773064/manifest,https://www.kuleuven.be/lectio/magisterdixit/items/show/1827
9992560779401488,IE15353250,https://lib.is/IE15353250/manifest,https://www.kuleuven.be/lectio/magisterdixit/items/show/1854
9992560883901488,IE14771102,https://lib.is/IE14771102/manifest,https://www.kuleuven.be/lectio/magisterdixit/items/show/1828
9992565509601488,IE15354636,https://lib.is/IE15354636/manifest,https://www.kuleuven.be/lectio/magisterdixit/items/show/1856
9992573109501488,IE15354000,https://lib.is/IE15354000/manifest,https://www.kuleuven.be/lectio/magisterdixit/items/show/1855
9992598304101488,NA,NA,NA
9992628399301488,NA,NA,NA
9992685306901488,IE16080681,NA,NA
9992686809401488,IE16094896,NA,NA
9992687696801488,IE16125271,NA,NA
9992688209301488,IE16082021,NA,NA
9992688508901488,IE16078881,NA,NA
9992690599001488,NA,NA,NA
9992700003501488,NA,NA,NA
9992712692401488,NA,NA,NA
9992721407401488,NA,NA,NA
9992722095801488,NA,NA,NA
9992722096001488,NA,NA,NA
9992722096101488,NA,NA,NA
9992722098101488,NA,NA,NA
9992729892801488,NA,NA,NA
9992741901801488,NA,NA,NA
9993170809301488,NA,NA,NA
9993171808501488,NA,NA,NA
9993171809901488,NA,NA,NA
9993173608101488,NA,NA,NA
9993173707901488,NA,NA,NA
9993173708701488,NA,NA,NA
9993173805301488,NA,NA,NA
9993173907101488,NA,NA,NA
9993458805601488,NA,NA,NA
9993471610201488,NA,NA,NA
998150740101488,IE5016031,https://lib.is/IE5016031/manifest,https://www.kuleuven.be/lectio/magisterdixit/items/show/271
998151430101488,IE9923525,NA,NA
998161350101488,IE5108288,https://lib.is/IE5108288/manifest,https://www.kuleuven.be/lectio/magisterdixit/items/show/280
998296080101488,IE5007733,https://lib.is/IE5007733/manifest,https://www.kuleuven.be/lectio/magisterdixit/items/show/112
998409340101488,IE5741692,https://lib.is/IE5741692/manifest,https://www.kuleuven.be/lectio/magisterdixit/items/show/613
9911058340101488,IE5347184,https://lib.is/IE5347184/manifest,https://www.kuleuven.be/lectio/magisterdixit/items/show/295
9914031280101488,IE5085103,https://lib.is/IE5085103/manifest,https://www.kuleuven.be/lectio/magisterdixit/items/show/94
9915089830101488,IE5099049,https://lib.is/IE5099049/manifest,https://www.kuleuven.be/lectio/magisterdixit/items/show/79
9918340830101488,IE5115254,https://lib.is/IE5115254/manifest,https://www.kuleuven.be/lectio/magisterdixit/items/show/133
9922121260101488,IE5739534,https://lib.is/IE5739534/manifest,https://www.kuleuven.be/lectio/magisterdixit/items/show/283
9922526250101488,IE9612403,https://lib.is/IE9612403/manifest,https://www.kuleuven.be/lectio/magisterdixit/items/show/1039
9922906810101488,IE9611362,https://lib.is/IE9611362/manifest,https://www.kuleuven.be/lectio/magisterdixit/items/show/1036
9922947680101488,IE5157292,https://lib.is/IE5157292/manifest,https://www.kuleuven.be/lectio/magisterdixit/items/show/97
9927563330101488,IE5345610,https://lib.is/IE5345610/manifest,https://www.kuleuven.be/lectio/magisterdixit/items/show/292
9932447570101488,IE5158097,https://lib.is/IE5158097/manifest,https://www.kuleuven.be/lectio/magisterdixit/items/show/298
9932490870101488,IE9601411,https://lib.is/IE9601411/manifest,https://www.kuleuven.be/lectio/magisterdixit/items/show/1006
9937199870101488,IE5159841,https://lib.is/IE5159841/manifest,https://www.kuleuven.be/lectio/magisterdixit/items/show/301
9974819880101488,IE9599695,https://lib.is/IE9599695/manifest,https://www.kuleuven.be/lectio/magisterdixit/items/show/1003
9977253760101488,IE4992202,https://lib.is/IE4992202/manifest,https://www.kuleuven.be/lectio/magisterdixit/items/show/304
9977254090101488,IE4986271,https://lib.is/IE4986271/manifest,https://www.kuleuven.be/lectio/magisterdixit/items/show/307
9977262400101488,IE4995530,https://lib.is/IE4995530/manifest,https://www.kuleuven.be/lectio/magisterdixit/items/show/310
9977262940101488,IE4993619,https://lib.is/IE4993619/manifest,https://www.kuleuven.be/lectio/magisterdixit/items/show/313
9977263370101488,IE4994682,https://lib.is/IE4994682/manifest,https://www.kuleuven.be/lectio/magisterdixit/items/show/316
9977263640101488,IE4995145,https://lib.is/IE4995145/manifest,https://www.kuleuven.be/lectio/magisterdixit/items/show/319
9977265180101488,IE4999384,https://lib.is/IE4999384/manifest,https://www.kuleuven.be/lectio/magisterdixit/items/show/325
9977265700101488,IE4999967,https://lib.is/IE4999967/manifest,https://www.kuleuven.be/lectio/magisterdixit/items/show/328
9977266570101488,IE5000490,https://lib.is/IE5000490/manifest,https://www.kuleuven.be/lectio/magisterdixit/items/show/331
9977279820101488,IE5005367,https://lib.is/IE5005367/manifest,https://www.kuleuven.be/lectio/magisterdixit/items/show/334
9977279980101488,IE4977576,https://lib.is/IE4977576/manifest,https://www.kuleuven.be/lectio/magisterdixit/items/show/106
9977310530101488,IE5001517,https://lib.is/IE5001517/manifest,https://www.kuleuven.be/lectio/magisterdixit/items/show/337
9977312870101488,IE5002076,https://lib.is/IE5002076/manifest,https://www.kuleuven.be/lectio/magisterdixit/items/show/340
9977313230101488,IE4976399,https://lib.is/IE4976399/manifest,https://www.kuleuven.be/lectio/magisterdixit/items/show/343
9977344860101488,IE4923148,https://lib.is/IE4923148/manifest,https://www.kuleuven.be/lectio/magisterdixit/items/show/40
9977348230101488,IE10715063,https://lib.is/IE10715063/manifest,https://www.kuleuven.be/lectio/magisterdixit/items/show/346
9977348420101488,IE4996461,https://lib.is/IE4996461/manifest,https://www.kuleuven.be/lectio/magisterdixit/items/show/352
9977372040101488,IE5009600,https://lib.is/IE5009600/manifest,https://www.kuleuven.be/lectio/magisterdixit/items/show/355
9977373610101488,IE5010417,https://lib.is/IE5010417/manifest,https://www.kuleuven.be/lectio/magisterdixit/items/show/895
9977402560101488,IE10707743,https://lib.is/IE10707743/manifest,https://www.kuleuven.be/lectio/magisterdixit/items/show/1066
9977403690101488,IE10708619,https://lib.is/IE10708619/manifest,https://www.kuleuven.be/lectio/magisterdixit/items/show/103
9977413430101488,IE10709603,https://lib.is/IE10709603/manifest,https://www.kuleuven.be/lectio/magisterdixit/items/show/1075
9977426430101488,IE5013965,https://lib.is/IE5013965/manifest,https://www.kuleuven.be/lectio/magisterdixit/items/show/358
9977438160101488,IE10712513,https://lib.is/IE10712513/manifest,https://www.kuleuven.be/lectio/magisterdixit/items/show/361
9977438360101488,IE10711823,https://lib.is/IE10711823/manifest,https://www.kuleuven.be/lectio/magisterdixit/items/show/400
9977440210101488,IE4990089,https://lib.is/IE4990089/manifest,https://www.kuleuven.be/lectio/magisterdixit/items/show/364
9977449110101488,IE5003416,https://lib.is/IE5003416/manifest,https://www.kuleuven.be/lectio/magisterdixit/items/show/367
9977468650101488,IE5005938,https://lib.is/IE5005938/manifest,https://www.kuleuven.be/lectio/magisterdixit/items/show/49
9977481560101488,IE5014908,https://lib.is/IE5014908/manifest,https://www.kuleuven.be/lectio/magisterdixit/items/show/370
9977504050101488,IE10579537,https://lib.is/IE10579537/manifest,https://www.kuleuven.be/lectio/magisterdixit/items/show/145
9977521810101488,IE5090549,https://lib.is/IE5090549/manifest,https://www.kuleuven.be/lectio/magisterdixit/items/show/373
9977549140101488,IE4987988,https://lib.is/IE4987988/manifest,https://www.kuleuven.be/lectio/magisterdixit/items/show/376
9977567710101488,IE10710203,https://lib.is/IE10710203/manifest,https://www.kuleuven.be/lectio/magisterdixit/items/show/379
9977590330101488,IE5002713,https://lib.is/IE5002713/manifest,https://www.kuleuven.be/lectio/magisterdixit/items/show/382
9977608360101488,IE5086880,https://lib.is/IE5086880/manifest,https://www.kuleuven.be/lectio/magisterdixit/items/show/139
9977620970101488,IE5091702,https://lib.is/IE5091702/manifest,https://www.kuleuven.be/lectio/magisterdixit/items/show/385
9977638180101488,IE5087871,https://lib.is/IE5087871/manifest,https://www.kuleuven.be/lectio/magisterdixit/items/show/136
9977654930101488,IE5089462,https://lib.is/IE5089462/manifest,https://www.kuleuven.be/lectio/magisterdixit/items/show/115
9977672720101488,IE5094345,https://lib.is/IE5094345/manifest,https://www.kuleuven.be/lectio/magisterdixit/items/show/388
9977675380101488,IE5093257,https://lib.is/IE5093257/manifest,https://www.kuleuven.be/lectio/magisterdixit/items/show/391
9977686300101488,IE5093720,https://lib.is/IE5093720/manifest,https://www.kuleuven.be/lectio/magisterdixit/items/show/394
9977689530101488,IE10580587,https://lib.is/IE10580587/manifest,https://www.kuleuven.be/lectio/magisterdixit/items/show/148
9977710810101488,IE10710643,https://lib.is/IE10710643/manifest,https://www.kuleuven.be/lectio/magisterdixit/items/show/397
9977720580101488,IE5160691,https://lib.is/IE5160691/manifest,https://www.kuleuven.be/lectio/magisterdixit/items/show/403
9977731120101488,IE5162309,https://lib.is/IE5162309/manifest,https://www.kuleuven.be/lectio/magisterdixit/items/show/406
9977739730101488,IE5165233,https://lib.is/IE5165233/manifest,https://www.kuleuven.be/lectio/magisterdixit/items/show/409
9977764740101488,IE5169069,https://lib.is/IE5169069/manifest,https://www.kuleuven.be/lectio/magisterdixit/items/show/415
9977783060101488,IE5011372,https://lib.is/IE5011372/manifest,https://www.kuleuven.be/lectio/magisterdixit/items/show/421
9977786480101488,IE5162847,https://lib.is/IE5162847/manifest,https://www.kuleuven.be/lectio/magisterdixit/items/show/424
9977803120101488,IE5094986,https://lib.is/IE5094986/manifest,https://www.kuleuven.be/lectio/magisterdixit/items/show/109
9978955270101488,IE5155161,https://lib.is/IE5155161/manifest,https://www.kuleuven.be/lectio/magisterdixit/items/show/118
9978968940101488,IE5167313,https://lib.is/IE5167313/manifest,https://www.kuleuven.be/lectio/magisterdixit/items/show/427
9978977230101488,IE10582812,https://lib.is/IE10582812/manifest,https://www.kuleuven.be/lectio/magisterdixit/items/show/433
9978981200101488,IE5100454,https://lib.is/IE5100454/manifest,https://www.kuleuven.be/lectio/magisterdixit/items/show/436
9978990300101488,IE5102492,https://lib.is/IE5102492/manifest,https://www.kuleuven.be/lectio/magisterdixit/items/show/439
9979601780101488,IE5103492,https://lib.is/IE5103492/manifest,https://www.kuleuven.be/lectio/magisterdixit/items/show/442
9979740960101488,IE5104204,https://lib.is/IE5104204/manifest,https://www.kuleuven.be/lectio/magisterdixit/items/show/445
9979742740101488,IE5107612,https://lib.is/IE5107612/manifest,https://www.kuleuven.be/lectio/magisterdixit/items/show/448
9979901050101488,IE5154323,https://lib.is/IE5154323/manifest,https://www.kuleuven.be/lectio/magisterdixit/items/show/451
9979902360101488,IE9586277,https://lib.is/IE9586277/manifest,https://www.kuleuven.be/lectio/magisterdixit/items/show/952
9979911060101488,IE5106066,https://lib.is/IE5106066/manifest,https://www.kuleuven.be/lectio/magisterdixit/items/show/454
9979915920101488,IE5105228,https://lib.is/IE5105228/manifest,https://www.kuleuven.be/lectio/magisterdixit/items/show/457
9979944780101488,IE5221339,https://lib.is/IE5221339/manifest,https://www.kuleuven.be/lectio/magisterdixit/items/show/460
9979964850101488,IE5109346,https://lib.is/IE5109346/manifest,https://www.kuleuven.be/lectio/magisterdixit/items/show/61
9979967470101488,IE5282976,https://lib.is/IE5282976/manifest,https://www.kuleuven.be/lectio/magisterdixit/items/show/463
9979974500101488,IE9585713,https://lib.is/IE9585713/manifest,https://www.kuleuven.be/lectio/magisterdixit/items/show/967
9979975230101488,IE9587615,https://lib.is/IE9587615/manifest,https://www.kuleuven.be/lectio/magisterdixit/items/show/970
9979976860101488,IE5283974,https://lib.is/IE5283974/manifest,https://www.kuleuven.be/lectio/magisterdixit/items/show/466
9979977170101488,IE5283394,https://lib.is/IE5283394/manifest,https://www.kuleuven.be/lectio/magisterdixit/items/show/469
9979977270101488,IE9588245,https://lib.is/IE9588245/manifest,https://www.kuleuven.be/lectio/magisterdixit/items/show/964
9979979380101488,IE9588587,https://lib.is/IE9588587/manifest,https://www.kuleuven.be/lectio/magisterdixit/items/show/973
9979980370101488,IE9589349,https://lib.is/IE9589349/manifest,https://www.kuleuven.be/lectio/magisterdixit/items/show/976
9979988900101488,IE9590417,https://lib.is/IE9590417/manifest,https://www.kuleuven.be/lectio/magisterdixit/items/show/961
9979991410101488,IE9591155,https://lib.is/IE9591155/manifest,https://www.kuleuven.be/lectio/magisterdixit/items/show/979
9979994270101488,IE9594235,https://lib.is/IE9594235/manifest,https://www.kuleuven.be/lectio/magisterdixit/items/show/982
9979996150101488,IE9594871,https://lib.is/IE9594871/manifest,https://www.kuleuven.be/lectio/magisterdixit/items/show/985
9980006270101488,IE5337182,https://lib.is/IE5337182/manifest,https://www.kuleuven.be/lectio/magisterdixit/items/show/478
9980008520101488,IE9595675,https://lib.is/IE9595675/manifest,https://www.kuleuven.be/lectio/magisterdixit/items/show/988
9980010920101488,IE9596569,https://lib.is/IE9596569/manifest,https://www.kuleuven.be/lectio/magisterdixit/items/show/991
9980013690101488,IE9597157,https://lib.is/IE9597157/manifest,https://www.kuleuven.be/lectio/magisterdixit/items/show/994
9980015510101488,IE9597475,https://lib.is/IE9597475/manifest,https://www.kuleuven.be/lectio/magisterdixit/items/show/997
9980025940101488,IE9598423,https://lib.is/IE9598423/manifest,https://www.kuleuven.be/lectio/magisterdixit/items/show/1000
9992225666501488,IE8877106,https://lib.is/IE8877106/manifest,https://www.kuleuven.be/lectio/magisterdixit/items/show/1533
9992225787101488,IE8956414,https://lib.is/IE8956414/manifest,https://www.kuleuven.be/lectio/magisterdixit/items/show/1542
9992225788701488,IE8881846,https://lib.is/IE8881846/manifest,https://www.kuleuven.be/lectio/magisterdixit/items/show/1539
9992225794601488,IE8882644,https://lib.is/IE8882644/manifest,https://www.kuleuven.be/lectio/magisterdixit/items/show/1536
9992227193601488,IE8958856,https://lib.is/IE8958856/manifest,https://www.kuleuven.be/lectio/magisterdixit/items/show/1545
9992227501701488,IE8961799,https://lib.is/IE8961799/manifest,https://www.kuleuven.be/lectio/magisterdixit/items/show/1485
9992228007701488,IE8964870,https://lib.is/IE8964870/manifest,https://www.kuleuven.be/lectio/magisterdixit/items/show/1488
9992228088701488,IE8887522,https://lib.is/IE8887522/manifest,https://www.kuleuven.be/lectio/magisterdixit/items/show/1506
9992228090401488,IE8886382,https://lib.is/IE8886382/manifest,https://www.kuleuven.be/lectio/magisterdixit/items/show/1503
9992228103501488,IE8963766,https://lib.is/IE8963766/manifest,https://www.kuleuven.be/lectio/magisterdixit/items/show/1494
9992228433301488,IE8890846,https://lib.is/IE8890846/manifest,https://www.kuleuven.be/lectio/magisterdixit/items/show/1449
9992228435401488,IE8889454,https://lib.is/IE8889454/manifest,https://www.kuleuven.be/lectio/magisterdixit/items/show/1512
9992228440101488,IE8888656,https://lib.is/IE8888656/manifest,https://www.kuleuven.be/lectio/magisterdixit/items/show/1509
9992228503301488,IE8962663,https://lib.is/IE8962663/manifest,https://www.kuleuven.be/lectio/magisterdixit/items/show/1491
9992228573401488,IE8885098,https://lib.is/IE8885098/manifest,https://www.kuleuven.be/lectio/magisterdixit/items/show/1500
9992228576901488,IE8966982,https://lib.is/IE8966982/manifest,https://www.kuleuven.be/lectio/magisterdixit/items/show/1497
9992229308001488,IE8890222,https://lib.is/IE8890222/manifest,https://www.kuleuven.be/lectio/magisterdixit/items/show/1455
9992229309201488,IE8889874,https://lib.is/IE8889874/manifest,https://www.kuleuven.be/lectio/magisterdixit/items/show/1452
9992229609401488,IE8893708,https://lib.is/IE8893708/manifest,https://www.kuleuven.be/lectio/magisterdixit/items/show/1461
9992229610001488,IE8892622,https://lib.is/IE8892622/manifest,https://www.kuleuven.be/lectio/magisterdixit/items/show/1458
9992238364601488,IE8980583,https://lib.is/IE8980583/manifest,https://www.kuleuven.be/lectio/magisterdixit/items/show/1464
9992238550601488,IE8982245,https://lib.is/IE8982245/manifest,https://www.kuleuven.be/lectio/magisterdixit/items/show/1470
9992238865401488,IE8988728,https://lib.is/IE8988728/manifest,https://www.kuleuven.be/lectio/magisterdixit/items/show/1422
9992238872201488,IE8988314,https://lib.is/IE8988314/manifest,https://www.kuleuven.be/lectio/magisterdixit/items/show/1419
9992238965901488,IE8989424,https://lib.is/IE8989424/manifest,https://www.kuleuven.be/lectio/magisterdixit/items/show/1425
9992238992201488,IE8989789,https://lib.is/IE8989789/manifest,https://www.kuleuven.be/lectio/magisterdixit/items/show/1482
9992238994801488,IE8987156,https://lib.is/IE8987156/manifest,https://www.kuleuven.be/lectio/magisterdixit/items/show/1476
9992239103601488,IE8984780,https://lib.is/IE8984780/manifest,https://www.kuleuven.be/lectio/magisterdixit/items/show/1473
9992239410501488,IE8997088,https://lib.is/IE8997088/manifest,https://www.kuleuven.be/lectio/magisterdixit/items/show/1440
9992239418601488,IE8996132,https://lib.is/IE8996132/manifest,https://www.kuleuven.be/lectio/magisterdixit/items/show/1437
9992239484301488,IE8994455,https://lib.is/IE8994455/manifest,https://www.kuleuven.be/lectio/magisterdixit/items/show/1431
9992239494301488,IE8992832,https://lib.is/IE8992832/manifest,https://www.kuleuven.be/lectio/magisterdixit/items/show/1428
9992239531301488,IE9001138,https://lib.is/IE9001138/manifest,https://www.kuleuven.be/lectio/magisterdixit/items/show/1443
9992239580201488,IE8996806,https://lib.is/IE8996806/manifest,https://www.kuleuven.be/lectio/magisterdixit/items/show/1434
9992241006701488,IE9143873,https://lib.is/IE9143873/manifest,https://www.kuleuven.be/lectio/magisterdixit/items/show/1446
9992241172901488,IE9136986,https://lib.is/IE9136986/manifest,https://www.kuleuven.be/lectio/magisterdixit/items/show/1395
9992241185901488,IE9144857,https://lib.is/IE9144857/manifest,https://www.kuleuven.be/lectio/magisterdixit/items/show/1392
9992241201701488,IE9144455,https://lib.is/IE9144455/manifest,https://www.kuleuven.be/lectio/magisterdixit/items/show/1389
9992241248401488,IE9140046,https://lib.is/IE9140046/manifest,https://www.kuleuven.be/lectio/magisterdixit/items/show/1401
9992241391701488,IE9138972,https://lib.is/IE9138972/manifest,https://www.kuleuven.be/lectio/magisterdixit/items/show/1398
9992241898401488,IE9141894,https://lib.is/IE9141894/manifest,https://www.kuleuven.be/lectio/magisterdixit/items/show/1407
9992242003001488,IE9140862,https://lib.is/IE9140862/manifest,https://www.kuleuven.be/lectio/magisterdixit/items/show/1404
9992243101701488,IE9142608,https://lib.is/IE9142608/manifest,https://www.kuleuven.be/lectio/magisterdixit/items/show/1410
9992246345201488,IE9488786,https://lib.is/IE9488786/manifest,https://www.kuleuven.be/lectio/magisterdixit/items/show/1416
9992246369501488,IE9436368,https://lib.is/IE9436368/manifest,https://www.kuleuven.be/lectio/magisterdixit/items/show/1413
9992246804101488,IE9437046,https://lib.is/IE9437046/manifest,https://www.kuleuven.be/lectio/magisterdixit/items/show/1353
9992246897201488,IE9438488,https://lib.is/IE9438488/manifest,https://www.kuleuven.be/lectio/magisterdixit/items/show/1356
9992247586101488,IE9440876,https://lib.is/IE9440876/manifest,https://www.kuleuven.be/lectio/magisterdixit/items/show/1362
9992248697801488,IE9442652,https://lib.is/IE9442652/manifest,https://www.kuleuven.be/lectio/magisterdixit/items/show/1365
9992249305001488,IE9458310,https://lib.is/IE9458310/manifest,https://www.kuleuven.be/lectio/magisterdixit/items/show/1368
9992249505501488,IE9459054,https://lib.is/IE9459054/manifest,https://www.kuleuven.be/lectio/magisterdixit/items/show/1371
9992249564201488,IE9463851,https://lib.is/IE9463851/manifest,https://www.kuleuven.be/lectio/magisterdixit/items/show/1383
9992249573501488,IE9462633,https://lib.is/IE9462633/manifest,https://www.kuleuven.be/lectio/magisterdixit/items/show/1380
9992249588801488,IE9459984,https://lib.is/IE9459984/manifest,https://www.kuleuven.be/lectio/magisterdixit/items/show/1377
9992249767001488,IE9314416,https://lib.is/IE9314416/manifest,https://www.kuleuven.be/lectio/magisterdixit/items/show/1332
9992249770101488,IE9313846,https://lib.is/IE9313846/manifest,https://www.kuleuven.be/lectio/magisterdixit/items/show/1329
9992249994601488,IE9465357,https://lib.is/IE9465357/manifest,https://www.kuleuven.be/lectio/magisterdixit/items/show/1386
9992250087401488,IE9491156,https://lib.is/IE9491156/manifest,https://www.kuleuven.be/lectio/magisterdixit/items/show/1326
9992250096001488,IE9466425,https://lib.is/IE9466425/manifest,https://www.kuleuven.be/lectio/magisterdixit/items/show/1320
9992251204101488,IE9315214,https://lib.is/IE9315214/manifest,https://www.kuleuven.be/lectio/magisterdixit/items/show/1335
9992251595401488,IE9315604,https://lib.is/IE9315604/manifest,https://www.kuleuven.be/lectio/magisterdixit/items/show/1341
9992251605601488,IE9315346,https://lib.is/IE9315346/manifest,https://www.kuleuven.be/lectio/magisterdixit/items/show/1338
9992251672801488,IE9328831,https://lib.is/IE9328831/manifest,https://www.kuleuven.be/lectio/magisterdixit/items/show/1347
9992251687801488,IE9320481,https://lib.is/IE9320481/manifest,https://www.kuleuven.be/lectio/magisterdixit/items/show/1344
9992252579401488,IE9330307,https://lib.is/IE9330307/manifest,https://www.kuleuven.be/lectio/magisterdixit/items/show/1350
9992252883301488,IE9332407,https://lib.is/IE9332407/manifest,https://www.kuleuven.be/lectio/magisterdixit/items/show/1290
9992253682801488,IE9543803,https://lib.is/IE9543803/manifest,https://www.kuleuven.be/lectio/magisterdixit/items/show/1296
9992253783001488,IE9444716,https://lib.is/IE9444716/manifest,https://www.kuleuven.be/lectio/magisterdixit/items/show/1293
9992254699401488,IE9446666,https://lib.is/IE9446666/manifest,https://www.kuleuven.be/lectio/magisterdixit/items/show/1299
9992255099201488,IE9927593,https://lib.is/IE9927593/manifest,https://www.kuleuven.be/lectio/magisterdixit/items/show/1816
9992255197101488,IE9447662,https://lib.is/IE9447662/manifest,https://www.kuleuven.be/lectio/magisterdixit/items/show/1302
9992256102601488,IE9448514,https://lib.is/IE9448514/manifest,https://www.kuleuven.be/lectio/magisterdixit/items/show/1305
9992256589701488,IE9453180,https://lib.is/IE9453180/manifest,https://www.kuleuven.be/lectio/magisterdixit/items/show/1314
9992256608701488,IE9451380,https://lib.is/IE9451380/manifest,https://www.kuleuven.be/lectio/magisterdixit/items/show/1308
9992256704701488,IE9451800,https://lib.is/IE9451800/manifest,https://www.kuleuven.be/lectio/magisterdixit/items/show/1311
9992257274001488,IE9456708,https://lib.is/IE9456708/manifest,https://www.kuleuven.be/lectio/magisterdixit/items/show/1263
9992257382701488,IE9455352,https://lib.is/IE9455352/manifest,https://www.kuleuven.be/lectio/magisterdixit/items/show/1260
9992257388201488,IE9454080,https://lib.is/IE9454080/manifest,https://www.kuleuven.be/lectio/magisterdixit/items/show/1317
9992258093501488,IE9502835,https://lib.is/IE9502835/manifest,https://www.kuleuven.be/lectio/magisterdixit/items/show/1272
9992258097401488,IE9502079,https://lib.is/IE9502079/manifest,https://www.kuleuven.be/lectio/magisterdixit/items/show/1269
9992258099101488,IE9501323,https://lib.is/IE9501323/manifest,https://www.kuleuven.be/lectio/magisterdixit/items/show/1266
9992258465901488,IE9506897,https://lib.is/IE9506897/manifest,https://www.kuleuven.be/lectio/magisterdixit/items/show/1284
9992258476501488,IE9506339,https://lib.is/IE9506339/manifest,https://www.kuleuven.be/lectio/magisterdixit/items/show/1281
9992258483101488,IE9505229,https://lib.is/IE9505229/manifest,https://www.kuleuven.be/lectio/magisterdixit/items/show/1278
9992258683201488,IE9508319,https://lib.is/IE9508319/manifest,https://www.kuleuven.be/lectio/magisterdixit/items/show/1287
9992258806901488,IE9503897,https://lib.is/IE9503897/manifest,https://www.kuleuven.be/lectio/magisterdixit/items/show/1275
9992258981901488,IE9514193,https://lib.is/IE9514193/manifest,https://www.kuleuven.be/lectio/magisterdixit/items/show/1245
9992258984001488,IE9513599,https://lib.is/IE9513599/manifest,https://www.kuleuven.be/lectio/magisterdixit/items/show/1242
9992258985601488,IE9512909,https://lib.is/IE9512909/manifest,https://www.kuleuven.be/lectio/magisterdixit/items/show/1239
9992258987101488,IE9511823,https://lib.is/IE9511823/manifest,https://www.kuleuven.be/lectio/magisterdixit/items/show/1236
9992259055901488,IE9514811,https://lib.is/IE9514811/manifest,https://www.kuleuven.be/lectio/magisterdixit/items/show/1251
9992259064001488,IE9514763,https://lib.is/IE9514763/manifest,https://www.kuleuven.be/lectio/magisterdixit/items/show/1248
9992259094501488,IE9509750,https://lib.is/IE9509750/manifest,https://www.kuleuven.be/lectio/magisterdixit/items/show/1233
9992259306201488,IE9509639,https://lib.is/IE9509639/manifest,https://www.kuleuven.be/lectio/magisterdixit/items/show/1230
9992259486801488,IE9514865,https://lib.is/IE9514865/manifest,https://www.kuleuven.be/lectio/magisterdixit/items/show/1254
9992259488401488,IE9516317,https://lib.is/IE9516317/manifest,https://www.kuleuven.be/lectio/magisterdixit/items/show/1257
9992259659001488,IE9525225,https://lib.is/IE9525225/manifest,https://www.kuleuven.be/lectio/magisterdixit/items/show/1209
9992259680001488,IE9523479,https://lib.is/IE9523479/manifest,https://www.kuleuven.be/lectio/magisterdixit/items/show/1203
9992259682901488,IE9523083,https://lib.is/IE9523083/manifest,https://www.kuleuven.be/lectio/magisterdixit/items/show/1200
9992259739501488,IE9528189,https://lib.is/IE9528189/manifest,https://www.kuleuven.be/lectio/magisterdixit/items/show/1218
9980044110101488,IE5110535,https://lib.is/IE5110535/manifest,https://www.kuleuven.be/lectio/magisterdixit/items/show/82
9980047390101488,IE9603382,https://lib.is/IE9603382/manifest,https://www.kuleuven.be/lectio/magisterdixit/items/show/1009
9980058550101488,IE5113283,https://lib.is/IE5113283/manifest,https://www.kuleuven.be/lectio/magisterdixit/items/show/43
9980062350101488,IE9602641,https://lib.is/IE9602641/manifest,https://www.kuleuven.be/lectio/magisterdixit/items/show/1012
9980073640101488,IE9604864,https://lib.is/IE9604864/manifest,https://www.kuleuven.be/lectio/magisterdixit/items/show/1015
9980078320101488,IE9605872,https://lib.is/IE9605872/manifest,https://www.kuleuven.be/lectio/magisterdixit/items/show/1018
9980080650101488,IE5351908,https://lib.is/IE5351908/manifest,https://www.kuleuven.be/lectio/magisterdixit/items/show/481
9980094080101488,IE10591683,https://lib.is/IE10591683/manifest,https://www.kuleuven.be/lectio/magisterdixit/items/show/484
9980108010101488,IE5114094,https://lib.is/IE5114094/manifest,https://www.kuleuven.be/lectio/magisterdixit/items/show/58
9980112510101488,IE9607222,https://lib.is/IE9607222/manifest,https://www.kuleuven.be/lectio/magisterdixit/items/show/1021
9980116750101488,IE9608968,https://lib.is/IE9608968/manifest,https://www.kuleuven.be/lectio/magisterdixit/items/show/1024
9980119940101488,IE9608362,https://lib.is/IE9608362/manifest,https://www.kuleuven.be/lectio/magisterdixit/items/show/1027
9980130210101488,IE9610114,https://lib.is/IE9610114/manifest,https://www.kuleuven.be/lectio/magisterdixit/items/show/1030
9980131450101488,IE5117286,https://lib.is/IE5117286/manifest,https://www.kuleuven.be/lectio/magisterdixit/items/show/121
9980133620101488,IE9610666,https://lib.is/IE9610666/manifest,https://www.kuleuven.be/lectio/magisterdixit/items/show/1033
9980135760101488,IE5339950,https://lib.is/IE5339950/manifest,https://www.kuleuven.be/lectio/magisterdixit/items/show/487
9980147460101488,IE5341076,https://lib.is/IE5341076/manifest,https://www.kuleuven.be/lectio/magisterdixit/items/show/490
9980151480101488,IE5343274,https://lib.is/IE5343274/manifest,https://www.kuleuven.be/lectio/magisterdixit/items/show/493
9980167940101488,IE5344112,https://lib.is/IE5344112/manifest,https://www.kuleuven.be/lectio/magisterdixit/items/show/496
9980179140101488,IE5740926,https://lib.is/IE5740926/manifest,https://www.kuleuven.be/lectio/magisterdixit/items/show/499
9980180330101488,IE5346208,https://lib.is/IE5346208/manifest,https://www.kuleuven.be/lectio/magisterdixit/items/show/502
9980184590101488,IE5738300,https://lib.is/IE5738300/manifest,https://www.kuleuven.be/lectio/magisterdixit/items/show/505
9980204150101488,IE5348220,https://lib.is/IE5348220/manifest,https://www.kuleuven.be/lectio/magisterdixit/items/show/508
9980205280101488,IE5348884,https://lib.is/IE5348884/manifest,https://www.kuleuven.be/lectio/magisterdixit/items/show/511
9980783110101488,IE5350208,https://lib.is/IE5350208/manifest,https://www.kuleuven.be/lectio/magisterdixit/items/show/514
9981080110101488,IE5342286,https://lib.is/IE5342286/manifest,https://www.kuleuven.be/lectio/magisterdixit/items/show/1072
9981118750101488,IE10713323,https://lib.is/IE10713323/manifest,https://www.kuleuven.be/lectio/magisterdixit/items/show/1069
9981133530101488,IE5350686,https://lib.is/IE5350686/manifest,https://www.kuleuven.be/lectio/magisterdixit/items/show/520
9982425400101488,IE5378170,https://lib.is/IE5378170/manifest,https://www.kuleuven.be/lectio/magisterdixit/items/show/523
9982428510101488,IE5379818,https://lib.is/IE5379818/manifest,https://www.kuleuven.be/lectio/magisterdixit/items/show/526
9982442420101488,IE5380218,https://lib.is/IE5380218/manifest,https://www.kuleuven.be/lectio/magisterdixit/items/show/529
9982443260101488,IE5380486,https://lib.is/IE5380486/manifest,https://www.kuleuven.be/lectio/magisterdixit/items/show/532
9982444200101488,IE5380958,https://lib.is/IE5380958/manifest,https://www.kuleuven.be/lectio/magisterdixit/items/show/535
9982444800101488,IE5381292,https://lib.is/IE5381292/manifest,https://www.kuleuven.be/lectio/magisterdixit/items/show/538
9982445190101488,IE5381692,https://lib.is/IE5381692/manifest,https://www.kuleuven.be/lectio/magisterdixit/items/show/541
9982446350101488,IE5382074,https://lib.is/IE5382074/manifest,https://www.kuleuven.be/lectio/magisterdixit/items/show/544
9982447290101488,IE5382462,https://lib.is/IE5382462/manifest,https://www.kuleuven.be/lectio/magisterdixit/items/show/547
9982448600101488,IE5383846,https://lib.is/IE5383846/manifest,https://www.kuleuven.be/lectio/magisterdixit/items/show/550
9982450100101488,IE5384666,https://lib.is/IE5384666/manifest,https://www.kuleuven.be/lectio/magisterdixit/items/show/553
9982451950101488,IE5386362,https://lib.is/IE5386362/manifest,https://www.kuleuven.be/lectio/magisterdixit/items/show/556
9982453500101488,IE5387218,https://lib.is/IE5387218/manifest,https://www.kuleuven.be/lectio/magisterdixit/items/show/559
9982454010101488,IE5388056,https://lib.is/IE5388056/manifest,https://www.kuleuven.be/lectio/magisterdixit/items/show/562
9982460260101488,IE5388564,https://lib.is/IE5388564/manifest,https://www.kuleuven.be/lectio/magisterdixit/items/show/565
9982461000101488,IE5389630,https://lib.is/IE5389630/manifest,https://www.kuleuven.be/lectio/magisterdixit/items/show/568
9982462360101488,IE5390936,https://lib.is/IE5390936/manifest,https://www.kuleuven.be/lectio/magisterdixit/items/show/571
9982465140101488,IE5396752,https://lib.is/IE5396752/manifest,https://www.kuleuven.be/lectio/magisterdixit/items/show/91
9982466190101488,IE5392140,https://lib.is/IE5392140/manifest,https://www.kuleuven.be/lectio/magisterdixit/items/show/574
9982467090101488,IE5392930,https://lib.is/IE5392930/manifest,https://www.kuleuven.be/lectio/magisterdixit/items/show/577
9982468040101488,IE5394158,https://lib.is/IE5394158/manifest,https://www.kuleuven.be/lectio/magisterdixit/items/show/580
9982481200101488,IE5394948,https://lib.is/IE5394948/manifest,https://www.kuleuven.be/lectio/magisterdixit/items/show/898
9982483310101488,IE9614407,https://lib.is/IE9614407/manifest,https://www.kuleuven.be/lectio/magisterdixit/items/show/1045
9982485500101488,IE9617557,https://lib.is/IE9617557/manifest,https://www.kuleuven.be/lectio/magisterdixit/items/show/1051
9982488970101488,IE9616405,https://lib.is/IE9616405/manifest,https://www.kuleuven.be/lectio/magisterdixit/items/show/1048
9983088940101488,IE5352962,https://lib.is/IE5352962/manifest,https://www.kuleuven.be/lectio/magisterdixit/items/show/583
9983089150101488,IE5352972,https://lib.is/IE5352972/manifest,https://www.kuleuven.be/lectio/magisterdixit/items/show/943
9983091750101488,IE5352982,https://lib.is/IE5352982/manifest,https://www.kuleuven.be/lectio/magisterdixit/items/show/64
9983125730101488,IE5354054,https://lib.is/IE5354054/manifest,https://www.kuleuven.be/lectio/magisterdixit/items/show/586
9983127850101488,IE5740862,https://lib.is/IE5740862/manifest,https://www.kuleuven.be/lectio/magisterdixit/items/show/589
9983137190101488,IE5740834,https://lib.is/IE5740834/manifest,https://www.kuleuven.be/lectio/magisterdixit/items/show/592
9983141220101488,IE5744168,https://lib.is/IE5744168/manifest,https://www.kuleuven.be/lectio/magisterdixit/items/show/595
9983142560101488,IE5374034,https://lib.is/IE5374034/manifest,https://www.kuleuven.be/lectio/magisterdixit/items/show/598
9983524100101488,IE5126528,https://lib.is/IE5126528/manifest,https://www.kuleuven.be/lectio/magisterdixit/items/show/34
9983528950101488,IE5131806,https://lib.is/IE5131806/manifest,https://www.kuleuven.be/lectio/magisterdixit/items/show/70
9983530360101488,IE9619105,https://lib.is/IE9619105/manifest,https://www.kuleuven.be/lectio/magisterdixit/items/show/1054
9983532560101488,IE5082018,https://lib.is/IE5082018/manifest,https://www.kuleuven.be/lectio/magisterdixit/items/show/76
9983677380101488,IE5402644,https://lib.is/IE5402644/manifest,https://www.kuleuven.be/lectio/magisterdixit/items/show/142
9983680640101488,IE5146094,https://lib.is/IE5146094/manifest,https://www.kuleuven.be/lectio/magisterdixit/items/show/601
9983684110101488,IE5127222,https://lib.is/IE5127222/manifest,https://www.kuleuven.be/lectio/magisterdixit/items/show/604
9983686250101488,IE10106644,https://lib.is/IE10106644/manifest,https://www.kuleuven.be/lectio/magisterdixit/items/show/1063
9983694770101488,IE5401008,https://lib.is/IE5401008/manifest,https://www.kuleuven.be/lectio/magisterdixit/items/show/124
9983697900101488,IE5133118,https://lib.is/IE5133118/manifest,https://www.kuleuven.be/lectio/magisterdixit/items/show/73
9983730050101488,IE5016926,https://lib.is/IE5016926/manifest,https://www.kuleuven.be/lectio/magisterdixit/items/show/607
9984692670101488,IE5130368,https://lib.is/IE5130368/manifest,https://www.kuleuven.be/lectio/magisterdixit/items/show/52
9984806480101488,IE5045786,https://lib.is/IE5045786/manifest,https://www.kuleuven.be/lectio/magisterdixit/items/show/1762
9984809220101488,IE5074686,https://lib.is/IE5074686/manifest,https://www.kuleuven.be/lectio/magisterdixit/items/show/1789
9984813000101488,IE3580217,https://lib.is/IE3580217/manifest,https://www.kuleuven.be/lectio/magisterdixit/items/show/1771
9984817940101488,IE5062854,https://lib.is/IE5062854/manifest,https://www.kuleuven.be/lectio/magisterdixit/items/show/1774
9984825290101488,IE5076811,https://lib.is/IE5076811/manifest,https://www.kuleuven.be/lectio/magisterdixit/items/show/1777
9984831760101488,IE5073011,https://lib.is/IE5073011/manifest,https://www.kuleuven.be/lectio/magisterdixit/items/show/1792
9984875010101488,IE5071870,https://lib.is/IE5071870/manifest,https://www.kuleuven.be/lectio/magisterdixit/items/show/1795
9984879010101488,IE3555662,https://lib.is/IE3555662/manifest,https://www.kuleuven.be/lectio/magisterdixit/items/show/1798
9984882080101488,IE5068394,https://lib.is/IE5068394/manifest,https://www.kuleuven.be/lectio/magisterdixit/items/show/1780
9984889740101488,IE5064739,https://lib.is/IE5064739/manifest,https://www.kuleuven.be/lectio/magisterdixit/items/show/1783
9984909340101488,IE5056624,https://lib.is/IE5056624/manifest,https://www.kuleuven.be/lectio/magisterdixit/items/show/1786
9984913130101488,IE5054670,https://lib.is/IE5054670/manifest,https://www.kuleuven.be/lectio/magisterdixit/items/show/1801
9984915010101488,IE5048421,https://lib.is/IE5048421/manifest,https://www.kuleuven.be/lectio/magisterdixit/items/show/1804
9984952000101488,IE5746366,https://lib.is/IE5746366/manifest,https://www.kuleuven.be/lectio/magisterdixit/items/show/619
9985204270101488,IE5744754,https://lib.is/IE5744754/manifest,https://www.kuleuven.be/lectio/magisterdixit/items/show/622
9985275330101488,IE5747126,https://lib.is/IE5747126/manifest,https://www.kuleuven.be/lectio/magisterdixit/items/show/625
9985276830101488,IE5111751,https://lib.is/IE5111751/manifest,https://www.kuleuven.be/lectio/magisterdixit/items/show/37
9985449980101488,IE5069877,https://lib.is/IE5069877/manifest,https://www.kuleuven.be/lectio/magisterdixit/items/show/1765
9985450340101488,IE5052929,https://lib.is/IE5052929/manifest,https://www.kuleuven.be/lectio/magisterdixit/items/show/1768
9988018010101488,IE9535003,https://lib.is/IE9535003/manifest,https://www.kuleuven.be/lectio/magisterdixit/items/show/1723
9988171070101488,IE5752018,https://lib.is/IE5752018/manifest,https://www.kuleuven.be/lectio/magisterdixit/items/show/631
9988171170101488,IE5748294,https://lib.is/IE5748294/manifest,https://www.kuleuven.be/lectio/magisterdixit/items/show/253
9989636720101488,IE5755700,https://lib.is/IE5755700/manifest,https://www.kuleuven.be/lectio/magisterdixit/items/show/637
9989672710101488,IE5337894,https://lib.is/IE5337894/manifest,https://www.kuleuven.be/lectio/magisterdixit/items/show/640
9990180740101488,IE5758512,https://lib.is/IE5758512/manifest,https://www.kuleuven.be/lectio/magisterdixit/items/show/643
9991877070101488,IE5762184,https://lib.is/IE5762184/manifest,https://www.kuleuven.be/lectio/magisterdixit/items/show/646
9991877810101488,IE9918916,NA,NA
9992066370101488,IE5112496,https://lib.is/IE5112496/manifest,https://www.kuleuven.be/lectio/magisterdixit/items/show/85
9992070040101488,IE5759704,https://lib.is/IE5759704/manifest,https://www.kuleuven.be/lectio/magisterdixit/items/show/649
9992075290101488,IE5760998,https://lib.is/IE5760998/manifest,https://www.kuleuven.be/lectio/magisterdixit/items/show/652
9992112188001488,IE5764522,https://lib.is/IE5764522/manifest,https://www.kuleuven.be/lectio/magisterdixit/items/show/67
9992119909401488,IE5765786,https://lib.is/IE5765786/manifest,https://www.kuleuven.be/lectio/magisterdixit/items/show/46
9992133084901488,IE5172666,https://lib.is/IE5172666/manifest,https://www.kuleuven.be/lectio/magisterdixit/items/show/172
9992133091401488,IE5147700,https://lib.is/IE5147700/manifest,https://www.kuleuven.be/lectio/magisterdixit/items/show/190
9992133203501488,IE5142506,https://lib.is/IE5142506/manifest,https://www.kuleuven.be/lectio/magisterdixit/items/show/151
9992133262401488,IE5181068,https://lib.is/IE5181068/manifest,https://www.kuleuven.be/lectio/magisterdixit/items/show/217
9992133547201488,IE5191313,https://lib.is/IE5191313/manifest,https://www.kuleuven.be/lectio/magisterdixit/items/show/163
9992133557801488,IE5173576,https://lib.is/IE5173576/manifest,https://www.kuleuven.be/lectio/magisterdixit/items/show/157
9992133560601488,IE5134064,https://lib.is/IE5134064/manifest,https://www.kuleuven.be/lectio/magisterdixit/items/show/202
9992134347801488,IE5252151,https://lib.is/IE5252151/manifest,https://www.kuleuven.be/lectio/magisterdixit/items/show/226
9992134599601488,IE5209411,https://lib.is/IE5209411/manifest,https://www.kuleuven.be/lectio/magisterdixit/items/show/169
9992134603301488,IE5208735,https://lib.is/IE5208735/manifest,https://www.kuleuven.be/lectio/magisterdixit/items/show/232
9992134606101488,IE5192913,https://lib.is/IE5192913/manifest,https://www.kuleuven.be/lectio/magisterdixit/items/show/193
9992134681701488,IE5242315,https://lib.is/IE5242315/manifest,https://www.kuleuven.be/lectio/magisterdixit/items/show/181
9992134685601488,IE5224935,https://lib.is/IE5224935/manifest,https://www.kuleuven.be/lectio/magisterdixit/items/show/208
9992134688101488,IE5219023,https://lib.is/IE5219023/manifest,https://www.kuleuven.be/lectio/magisterdixit/items/show/166
9992135447901488,IE5264858,https://lib.is/IE5264858/manifest,https://www.kuleuven.be/lectio/magisterdixit/items/show/247
9992135452901488,IE5254957,https://lib.is/IE5254957/manifest,https://www.kuleuven.be/lectio/magisterdixit/items/show/220
9992135904101488,IE5266302,https://lib.is/IE5266302/manifest,https://www.kuleuven.be/lectio/magisterdixit/items/show/154
9992135943601488,IE5375226,https://lib.is/IE5375226/manifest,https://www.kuleuven.be/lectio/magisterdixit/items/show/250
9992136072701488,IE5294870,https://lib.is/IE5294870/manifest,https://www.kuleuven.be/lectio/magisterdixit/items/show/187
9992136076601488,IE5293888,https://lib.is/IE5293888/manifest,https://www.kuleuven.be/lectio/magisterdixit/items/show/175
9992136082201488,IE5292636,https://lib.is/IE5292636/manifest,https://www.kuleuven.be/lectio/magisterdixit/items/show/160
9992136083201488,IE5291534,https://lib.is/IE5291534/manifest,https://www.kuleuven.be/lectio/magisterdixit/items/show/235
9992136085301488,IE5290696,https://lib.is/IE5290696/manifest,https://www.kuleuven.be/lectio/magisterdixit/items/show/241
9992136093101488,IE5269812,https://lib.is/IE5269812/manifest,https://www.kuleuven.be/lectio/magisterdixit/items/show/196
9992136094301488,IE5263600,https://lib.is/IE5263600/manifest,https://www.kuleuven.be/lectio/magisterdixit/items/show/223
9992136098101488,IE5268464,https://lib.is/IE5268464/manifest,https://www.kuleuven.be/lectio/magisterdixit/items/show/244
9992136105801488,IE5267050,https://lib.is/IE5267050/manifest,https://www.kuleuven.be/lectio/magisterdixit/items/show/205
9992136545901488,IE5296026,https://lib.is/IE5296026/manifest,https://www.kuleuven.be/lectio/magisterdixit/items/show/229
9992136783701488,IE5404242,https://lib.is/IE5404242/manifest,https://www.kuleuven.be/lectio/magisterdixit/items/show/178
9992136788601488,IE5403932,https://lib.is/IE5403932/manifest,https://www.kuleuven.be/lectio/magisterdixit/items/show/199
9992136793201488,IE5404558,https://lib.is/IE5404558/manifest,https://www.kuleuven.be/lectio/magisterdixit/items/show/184
9992136798801488,IE5297818,https://lib.is/IE5297818/manifest,https://www.kuleuven.be/lectio/magisterdixit/items/show/214
9992136989801488,IE5411650,https://lib.is/IE5411650/manifest,https://www.kuleuven.be/lectio/magisterdixit/items/show/238
9992136995601488,IE5410608,https://lib.is/IE5410608/manifest,https://www.kuleuven.be/lectio/magisterdixit/items/show/211
9992137179101488,IE5148034,https://lib.is/IE5148034/manifest,https://www.kuleuven.be/lectio/magisterdixit/items/show/673
9992137274701488,IE5177276,https://lib.is/IE5177276/manifest,https://www.kuleuven.be/lectio/magisterdixit/items/show/949
9992137275801488,IE5176732,https://lib.is/IE5176732/manifest,https://www.kuleuven.be/lectio/magisterdixit/items/show/946
9992137277301488,IE5174754,https://lib.is/IE5174754/manifest,https://www.kuleuven.be/lectio/magisterdixit/items/show/658
9992137290401488,IE5151130,https://lib.is/IE5151130/manifest,https://www.kuleuven.be/lectio/magisterdixit/items/show/661
9992137296201488,IE5150178,https://lib.is/IE5150178/manifest,https://www.kuleuven.be/lectio/magisterdixit/items/show/664
9992137297401488,IE5149718,https://lib.is/IE5149718/manifest,https://www.kuleuven.be/lectio/magisterdixit/items/show/667
9992137304801488,IE5144442,https://lib.is/IE5144442/manifest,https://www.kuleuven.be/lectio/magisterdixit/items/show/670
9992137306701488,IE5140330,https://lib.is/IE5140330/manifest,https://www.kuleuven.be/lectio/magisterdixit/items/show/655
9992137341201488,IE5766552,https://lib.is/IE5766552/manifest,https://www.kuleuven.be/lectio/magisterdixit/items/show/130
9992138104001488,IE5178432,https://lib.is/IE5178432/manifest,https://www.kuleuven.be/lectio/magisterdixit/items/show/676
9992138481501488,IE5195495,https://lib.is/IE5195495/manifest,https://www.kuleuven.be/lectio/magisterdixit/items/show/685
9992138492101488,IE5193985,https://lib.is/IE5193985/manifest,https://www.kuleuven.be/lectio/magisterdixit/items/show/688
9992138495301488,IE5173586,https://lib.is/IE5173586/manifest,https://www.kuleuven.be/lectio/magisterdixit/items/show/691
9992138497301488,IE5179228,https://lib.is/IE5179228/manifest,https://www.kuleuven.be/lectio/magisterdixit/items/show/694
9992138587401488,IE5200769,https://lib.is/IE5200769/manifest,https://www.kuleuven.be/lectio/magisterdixit/items/show/697
9992138587901488,IE5198881,https://lib.is/IE5198881/manifest,https://www.kuleuven.be/lectio/magisterdixit/items/show/700
9992138589201488,IE5197395,https://lib.is/IE5197395/manifest,https://www.kuleuven.be/lectio/magisterdixit/items/show/703
9992138591301488,IE5136228,https://lib.is/IE5136228/manifest,https://www.kuleuven.be/lectio/magisterdixit/items/show/682
9992139602401488,IE5206937,https://lib.is/IE5206937/manifest,https://www.kuleuven.be/lectio/magisterdixit/items/show/709
9992139603401488,IE5205421,https://lib.is/IE5205421/manifest,https://www.kuleuven.be/lectio/magisterdixit/items/show/712
9992139606101488,IE5202849,https://lib.is/IE5202849/manifest,https://www.kuleuven.be/lectio/magisterdixit/items/show/718
9992139606701488,IE9924461,https://lib.is/IE9924461/manifest,https://www.kuleuven.be/lectio/magisterdixit/items/show/1822
9992139683501488,IE5214043,https://lib.is/IE5214043/manifest,https://www.kuleuven.be/lectio/magisterdixit/items/show/721
9992139685401488,IE5212515,https://lib.is/IE5212515/manifest,https://www.kuleuven.be/lectio/magisterdixit/items/show/724
9992139690401488,IE5210981,https://lib.is/IE5210981/manifest,https://www.kuleuven.be/lectio/magisterdixit/items/show/706
9992139924001488,IE5247409,https://lib.is/IE5247409/manifest,https://www.kuleuven.be/lectio/magisterdixit/items/show/769
9992140105701488,IE5217237,https://lib.is/IE5217237/manifest,https://www.kuleuven.be/lectio/magisterdixit/items/show/727
9992140106801488,IE5216009,https://lib.is/IE5216009/manifest,https://www.kuleuven.be/lectio/magisterdixit/items/show/730
9992140134901488,IE5251043,https://lib.is/IE5251043/manifest,https://www.kuleuven.be/lectio/magisterdixit/items/show/733
9992140181501488,IE5244227,https://lib.is/IE5244227/manifest,https://www.kuleuven.be/lectio/magisterdixit/items/show/736
9992140182701488,IE5226019,https://lib.is/IE5226019/manifest,https://www.kuleuven.be/lectio/magisterdixit/items/show/739
9992140188701488,IE5220005,https://lib.is/IE5220005/manifest,https://www.kuleuven.be/lectio/magisterdixit/items/show/742
9992140195101488,IE5220849,https://lib.is/IE5220849/manifest,https://www.kuleuven.be/lectio/magisterdixit/items/show/745
9992140333701488,IE9882223,https://lib.is/IE9882223/manifest,https://www.kuleuven.be/lectio/magisterdixit/items/show/1060
9992140338901488,IE5256125,https://lib.is/IE5256125/manifest,https://www.kuleuven.be/lectio/magisterdixit/items/show/748
9992140339801488,IE5257003,https://lib.is/IE5257003/manifest,https://www.kuleuven.be/lectio/magisterdixit/items/show/751
9992140340101488,IE5256513,https://lib.is/IE5256513/manifest,https://www.kuleuven.be/lectio/magisterdixit/items/show/754
9992140348301488,IE5249565,https://lib.is/IE5249565/manifest,https://www.kuleuven.be/lectio/magisterdixit/items/show/757
9992140588701488,IE5245371,https://lib.is/IE5245371/manifest,https://www.kuleuven.be/lectio/magisterdixit/items/show/760
9992140593401488,IE5249965,https://lib.is/IE5249965/manifest,https://www.kuleuven.be/lectio/magisterdixit/items/show/763
9992140603301488,IE5249171,https://lib.is/IE5249171/manifest,https://www.kuleuven.be/lectio/magisterdixit/items/show/766
9992141305401488,IE5262096,https://lib.is/IE5262096/manifest,https://www.kuleuven.be/lectio/magisterdixit/items/show/772
9992141306501488,IE5260040,https://lib.is/IE5260040/manifest,https://www.kuleuven.be/lectio/magisterdixit/items/show/775
9992146146201488,IE5273254,https://lib.is/IE5273254/manifest,https://www.kuleuven.be/lectio/magisterdixit/items/show/817
9992146148901488,IE5276000,https://lib.is/IE5276000/manifest,https://www.kuleuven.be/lectio/magisterdixit/items/show/778
9992146151501488,IE5327118,https://lib.is/IE5327118/manifest,https://www.kuleuven.be/lectio/magisterdixit/items/show/781
9992146194901488,IE5271238,https://lib.is/IE5271238/manifest,https://www.kuleuven.be/lectio/magisterdixit/items/show/784
9992146198201488,IE5326106,https://lib.is/IE5326106/manifest,https://www.kuleuven.be/lectio/magisterdixit/items/show/787
9992146292801488,IE5272734,https://lib.is/IE5272734/manifest,https://www.kuleuven.be/lectio/magisterdixit/items/show/805
9992146295001488,IE5272250,https://lib.is/IE5272250/manifest,https://www.kuleuven.be/lectio/magisterdixit/items/show/808
9992146296101488,IE5274910,https://lib.is/IE5274910/manifest,https://www.kuleuven.be/lectio/magisterdixit/items/show/811
9992146318201488,IE5281856,https://lib.is/IE5281856/manifest,https://www.kuleuven.be/lectio/magisterdixit/items/show/823
9992146321001488,IE5280958,https://lib.is/IE5280958/manifest,https://www.kuleuven.be/lectio/magisterdixit/items/show/826
9992146323901488,IE5280120,https://lib.is/IE5280120/manifest,https://www.kuleuven.be/lectio/magisterdixit/items/show/829
9992146339101488,IE5278336,https://lib.is/IE5278336/manifest,https://www.kuleuven.be/lectio/magisterdixit/items/show/790
9992146339701488,IE5277528,https://lib.is/IE5277528/manifest,https://www.kuleuven.be/lectio/magisterdixit/items/show/793
9992146342401488,IE5274300,https://lib.is/IE5274300/manifest,https://www.kuleuven.be/lectio/magisterdixit/items/show/796
9992146344901488,IE5273354,https://lib.is/IE5273354/manifest,https://www.kuleuven.be/lectio/magisterdixit/items/show/799
9992146706401488,IE5278976,https://lib.is/IE5278976/manifest,https://www.kuleuven.be/lectio/magisterdixit/items/show/814
9992146848801488,IE5301474,https://lib.is/IE5301474/manifest,https://www.kuleuven.be/lectio/magisterdixit/items/show/838
9992146857301488,IE5300408,https://lib.is/IE5300408/manifest,https://www.kuleuven.be/lectio/magisterdixit/items/show/820
9992146860001488,IE5299918,https://lib.is/IE5299918/manifest,https://www.kuleuven.be/lectio/magisterdixit/items/show/802
9992146985601488,IE5299212,https://lib.is/IE5299212/manifest,https://www.kuleuven.be/lectio/magisterdixit/items/show/832
9992146988901488,IE5298104,https://lib.is/IE5298104/manifest,https://www.kuleuven.be/lectio/magisterdixit/items/show/835
9992147495401488,IE5302768,https://lib.is/IE5302768/manifest,https://www.kuleuven.be/lectio/magisterdixit/items/show/841
9992147782501488,IE5303942,https://lib.is/IE5303942/manifest,https://www.kuleuven.be/lectio/magisterdixit/items/show/847
9992148064401488,IE5309226,https://lib.is/IE5309226/manifest,https://www.kuleuven.be/lectio/magisterdixit/items/show/853
9992148090201488,IE5308346,https://lib.is/IE5308346/manifest,https://www.kuleuven.be/lectio/magisterdixit/items/show/856
9992148095901488,IE5306562,https://lib.is/IE5306562/manifest,https://www.kuleuven.be/lectio/magisterdixit/items/show/859
9992148600301488,IE5311706,https://lib.is/IE5311706/manifest,https://www.kuleuven.be/lectio/magisterdixit/items/show/862
9992148605801488,IE5307748,https://lib.is/IE5307748/manifest,https://www.kuleuven.be/lectio/magisterdixit/items/show/865
9992148802601488,IE5310076,https://lib.is/IE5310076/manifest,https://www.kuleuven.be/lectio/magisterdixit/items/show/868
9992149101701488,IE5405834,https://lib.is/IE5405834/manifest,https://www.kuleuven.be/lectio/magisterdixit/items/show/871
9992149102601488,IE5314288,https://lib.is/IE5314288/manifest,https://www.kuleuven.be/lectio/magisterdixit/items/show/874
9992149105901488,IE5313522,https://lib.is/IE5313522/manifest,https://www.kuleuven.be/lectio/magisterdixit/items/show/877
9992149165001488,IE5415858,https://lib.is/IE5415858/manifest,https://www.kuleuven.be/lectio/magisterdixit/items/show/880
9992149168001488,IE5414774,https://lib.is/IE5414774/manifest,https://www.kuleuven.be/lectio/magisterdixit/items/show/907
9992149178901488,IE5408582,https://lib.is/IE5408582/manifest,https://www.kuleuven.be/lectio/magisterdixit/items/show/883
9992149181501488,IE5407702,https://lib.is/IE5407702/manifest,https://www.kuleuven.be/lectio/magisterdixit/items/show/886
9992149184401488,IE5406960,https://lib.is/IE5406960/manifest,https://www.kuleuven.be/lectio/magisterdixit/items/show/889
9992149185101488,IE5406908,https://lib.is/IE5406908/manifest,https://www.kuleuven.be/lectio/magisterdixit/items/show/892
9992149185601488,IE5406448,https://lib.is/IE5406448/manifest,https://www.kuleuven.be/lectio/magisterdixit/items/show/901
9992149186001488,IE5405940,https://lib.is/IE5405940/manifest,https://www.kuleuven.be/lectio/magisterdixit/items/show/904
9992149485801488,IE5414134,https://lib.is/IE5414134/manifest,https://www.kuleuven.be/lectio/magisterdixit/items/show/910
9992149490701488,IE5412840,https://lib.is/IE5412840/manifest,https://www.kuleuven.be/lectio/magisterdixit/items/show/913
9992149495501488,IE5412248,https://lib.is/IE5412248/manifest,https://www.kuleuven.be/lectio/magisterdixit/items/show/916
9992150599201488,IE5328854,https://lib.is/IE5328854/manifest,https://www.kuleuven.be/lectio/magisterdixit/items/show/919
9992150601501488,IE5328010,https://lib.is/IE5328010/manifest,https://www.kuleuven.be/lectio/magisterdixit/items/show/922
9992150904801488,IE5333790,https://lib.is/IE5333790/manifest,https://www.kuleuven.be/lectio/magisterdixit/items/show/928
9992150960001488,IE5329980,https://lib.is/IE5329980/manifest,https://www.kuleuven.be/lectio/magisterdixit/items/show/931
9992150970801488,IE5335240,https://lib.is/IE5335240/manifest,https://www.kuleuven.be/lectio/magisterdixit/items/show/925
9992151397201488,IE5332262,https://lib.is/IE5332262/manifest,https://www.kuleuven.be/lectio/magisterdixit/items/show/934
9992151405501488,IE5331148,https://lib.is/IE5331148/manifest,https://www.kuleuven.be/lectio/magisterdixit/items/show/937
9992151606301488,IE5315168,https://lib.is/IE5315168/manifest,https://www.kuleuven.be/lectio/magisterdixit/items/show/940
9992195577201488,IE6826432,https://lib.is/IE6826432/manifest,https://www.kuleuven.be/lectio/magisterdixit/items/show/1671
9992196008901488,IE6823794,https://lib.is/IE6823794/manifest,https://www.kuleuven.be/lectio/magisterdixit/items/show/1674
9992196026501488,IE6815814,https://lib.is/IE6815814/manifest,https://www.kuleuven.be/lectio/magisterdixit/items/show/1686
9992196052801488,IE6855046,https://lib.is/IE6855046/manifest,https://www.kuleuven.be/lectio/magisterdixit/items/show/1683
9992196166601488,IE6814308,https://lib.is/IE6814308/manifest,https://www.kuleuven.be/lectio/magisterdixit/items/show/1680
9992196173301488,IE6813234,https://lib.is/IE6813234/manifest,https://www.kuleuven.be/lectio/magisterdixit/items/show/1677
9992196247601488,IE9926418,https://lib.is/IE9926418/manifest,https://www.kuleuven.be/lectio/magisterdixit/items/show/1819
9992196258101488,IE6746524,https://lib.is/IE6746524/manifest,https://www.kuleuven.be/lectio/magisterdixit/items/show/1692
9992196273001488,IE6756100,https://lib.is/IE6756100/manifest,https://www.kuleuven.be/lectio/magisterdixit/items/show/1689
9992197660301488,IE6749728,https://lib.is/IE6749728/manifest,https://www.kuleuven.be/lectio/magisterdixit/items/show/1698
9992197676501488,IE6748738,https://lib.is/IE6748738/manifest,https://www.kuleuven.be/lectio/magisterdixit/items/show/1701
9992197679901488,IE6747892,https://lib.is/IE6747892/manifest,https://www.kuleuven.be/lectio/magisterdixit/items/show/1695
9992198301301488,IE6751180,https://lib.is/IE6751180/manifest,https://www.kuleuven.be/lectio/magisterdixit/items/show/1704
9992198353501488,IE6757318,https://lib.is/IE6757318/manifest,https://www.kuleuven.be/lectio/magisterdixit/items/show/1713
9992198362701488,IE6753406,https://lib.is/IE6753406/manifest,https://www.kuleuven.be/lectio/magisterdixit/items/show/1710
9992198378801488,IE6754312,https://lib.is/IE6754312/manifest,https://www.kuleuven.be/lectio/magisterdixit/items/show/1707
9992198692501488,IE6757978,https://lib.is/IE6757978/manifest,https://www.kuleuven.be/lectio/magisterdixit/items/show/1644
9992198705001488,IE6761806,https://lib.is/IE6761806/manifest,https://www.kuleuven.be/lectio/magisterdixit/items/show/1641
9992199287501488,IE6760720,https://lib.is/IE6760720/manifest,https://www.kuleuven.be/lectio/magisterdixit/items/show/1650
9992199300001488,IE6759028,https://lib.is/IE6759028/manifest,https://www.kuleuven.be/lectio/magisterdixit/items/show/1647
9992199376001488,IE6765536,https://lib.is/IE6765536/manifest,https://www.kuleuven.be/lectio/magisterdixit/items/show/1668
9992199378401488,IE6763612,https://lib.is/IE6763612/manifest,https://www.kuleuven.be/lectio/magisterdixit/items/show/1665
9992199492601488,IE6764602,https://lib.is/IE6764602/manifest,https://www.kuleuven.be/lectio/magisterdixit/items/show/1659
9992199501501488,IE6764146,https://lib.is/IE6764146/manifest,https://www.kuleuven.be/lectio/magisterdixit/items/show/1656
9992199509901488,IE6759682,https://lib.is/IE6759682/manifest,https://www.kuleuven.be/lectio/magisterdixit/items/show/1653
9992199801401488,IE6765292,https://lib.is/IE6765292/manifest,https://www.kuleuven.be/lectio/magisterdixit/items/show/1608
9992199802601488,IE6763210,https://lib.is/IE6763210/manifest,https://www.kuleuven.be/lectio/magisterdixit/items/show/1662
9992199879701488,IE6768298,https://lib.is/IE6768298/manifest,https://www.kuleuven.be/lectio/magisterdixit/items/show/1614
9992199886201488,IE6769804,https://lib.is/IE6769804/manifest,https://www.kuleuven.be/lectio/magisterdixit/items/show/1611
9992204399801488,IE6775984,https://lib.is/IE6775984/manifest,https://www.kuleuven.be/lectio/magisterdixit/items/show/1623
9992204604701488,IE6772072,https://lib.is/IE6772072/manifest,https://www.kuleuven.be/lectio/magisterdixit/items/show/1617
9992206993601488,IE9148133,https://lib.is/IE9148133/manifest,https://www.kuleuven.be/lectio/magisterdixit/items/show/1734
9992206995201488,IE9152377,https://lib.is/IE9152377/manifest,https://www.kuleuven.be/lectio/magisterdixit/items/show/1725
9992207004501488,IE9151045,https://lib.is/IE9151045/manifest,https://www.kuleuven.be/lectio/magisterdixit/items/show/1728
9992207005101488,IE9150013,https://lib.is/IE9150013/manifest,https://www.kuleuven.be/lectio/magisterdixit/items/show/1731
9992207401401488,IE9153073,https://lib.is/IE9153073/manifest,https://www.kuleuven.be/lectio/magisterdixit/items/show/1737
9992207564801488,IE8839186,https://lib.is/IE8839186/manifest,https://www.kuleuven.be/lectio/magisterdixit/items/show/1626
9992219566501488,IE8840266,https://lib.is/IE8840266/manifest,https://www.kuleuven.be/lectio/magisterdixit/items/show/1629
9992219790001488,IE8842669,https://lib.is/IE8842669/manifest,https://www.kuleuven.be/lectio/magisterdixit/items/show/1632
9992220529701488,IE8845963,https://lib.is/IE8845963/manifest,https://www.kuleuven.be/lectio/magisterdixit/items/show/1638
9992220586401488,IE8844259,https://lib.is/IE8844259/manifest,https://www.kuleuven.be/lectio/magisterdixit/items/show/1635
9992220680601488,IE8847115,https://lib.is/IE8847115/manifest,https://www.kuleuven.be/lectio/magisterdixit/items/show/1578
9992221122401488,IE8860309,https://lib.is/IE8860309/manifest,https://www.kuleuven.be/lectio/magisterdixit/items/show/1551
9992221144401488,IE8856799,https://lib.is/IE8856799/manifest,https://www.kuleuven.be/lectio/magisterdixit/items/show/1602
9992221146401488,IE8855923,https://lib.is/IE8855923/manifest,https://www.kuleuven.be/lectio/magisterdixit/items/show/1599
9992221202401488,IE8849989,https://lib.is/IE8849989/manifest,https://www.kuleuven.be/lectio/magisterdixit/items/show/1584
9992221207001488,IE8848939,https://lib.is/IE8848939/manifest,https://www.kuleuven.be/lectio/magisterdixit/items/show/1581
9992221650701488,IE8864845,https://lib.is/IE8864845/manifest,https://www.kuleuven.be/lectio/magisterdixit/items/show/1560
9992221654601488,IE8862889,https://lib.is/IE8862889/manifest,https://www.kuleuven.be/lectio/magisterdixit/items/show/1557
9992221691801488,IE8857891,https://lib.is/IE8857891/manifest,https://www.kuleuven.be/lectio/magisterdixit/items/show/1605
9992221700601488,IE8854813,https://lib.is/IE8854813/manifest,https://www.kuleuven.be/lectio/magisterdixit/items/show/1596
9992221702601488,IE8853781,https://lib.is/IE8853781/manifest,https://www.kuleuven.be/lectio/magisterdixit/items/show/1593
9992221747001488,IE8858941,https://lib.is/IE8858941/manifest,https://www.kuleuven.be/lectio/magisterdixit/items/show/1548
9992221802901488,IE8852335,https://lib.is/IE8852335/manifest,https://www.kuleuven.be/lectio/magisterdixit/items/show/1590
9992221809801488,IE8851153,https://lib.is/IE8851153/manifest,https://www.kuleuven.be/lectio/magisterdixit/items/show/1587
9992222391301488,IE8861719,https://lib.is/IE8861719/manifest,https://www.kuleuven.be/lectio/magisterdixit/items/show/1554
9992223573501488,IE8870230,https://lib.is/IE8870230/manifest,https://www.kuleuven.be/lectio/magisterdixit/items/show/1572
9992223582801488,IE8867891,https://lib.is/IE8867891/manifest,https://www.kuleuven.be/lectio/magisterdixit/items/show/1569
9992223592201488,IE8867866,https://lib.is/IE8867866/manifest,https://www.kuleuven.be/lectio/magisterdixit/items/show/1566
9992223598301488,IE8867155,https://lib.is/IE8867155/manifest,https://www.kuleuven.be/lectio/magisterdixit/items/show/1563
9992224291601488,IE8872588,https://lib.is/IE8872588/manifest,https://www.kuleuven.be/lectio/magisterdixit/items/show/1515
9992224302001488,IE8868838,https://lib.is/IE8868838/manifest,https://www.kuleuven.be/lectio/magisterdixit/items/show/1575
9992225262401488,IE8875666,https://lib.is/IE8875666/manifest,https://www.kuleuven.be/lectio/magisterdixit/items/show/1527
9992225265001488,IE8878348,https://lib.is/IE8878348/manifest,https://www.kuleuven.be/lectio/magisterdixit/items/show/1524
9992225292301488,IE8874160,https://lib.is/IE8874160/manifest,https://www.kuleuven.be/lectio/magisterdixit/items/show/1518
9992225573501488,IE8876368,https://lib.is/IE8876368/manifest,https://www.kuleuven.be/lectio/magisterdixit/items/show/1530
