fm_id,language
4147,French
4148,French
4149,Dutch
4150,French
4151,French
4152,French
4153,French
4154,French
4155,French
4157,Latin
4158,Latin
4159,Latin
4160,Dutch
4161,Latin
4162,Latin
4163,Latin
4164,French;Latin
4165,Dutch
4166,Latin
4167,Latin;Dutch
4168,Latin
4169,Latin
4170,French;Latin
4171,Latin
4172,Latin
4173,Latin
4174,Latin
4176,French;Latin
4177,French
4178,Latin
4179,Latin
4180,Dutch;Latin
4181,German
4182,Dutch;Latin;French
4183,Latin
4184,Dutch
4185,Latin
4186,Latin
4187,Latin
4188,Latin
4189,Latin
4190,Latin
4191,Latin
4192,Latin
4193,English
4194,French;Dutch
4195,Latin
4196,Latin
4197,Latin
4198,Latin
4199,Latin
4200,Latin
4201,Latin
4204,Latin
4205,Latin;Ancient Greek
4208,Latin
4210,Latin
4211,Latin
4212,Latin
4213,Latin
4214,Latin
4216,Latin
4217,French
4218,Latin
4219,Latin
4220,Latin
4221,Latin
4222,Latin
4223,Latin
4224,Latin
4225,Latin
4226,Latin
4227,Latin
4228,Latin
4229,Latin
4230,Latin
4231,Latin
4232,German
4233,Latin
4234,German
4235,Latin
4236,Dutch
4237,Latin
4238,French;Latin
4239,French
4240,Latin
4241,French
4242,Latin
4243,Latin
4244,French
4245,Latin
4246,Latin
4247,Latin
4248,French
4249,Latin
4250,Latin
4251,French
4252,Latin
4253,Latin
4254,Latin
4255,Latin
4256,Latin
4257,Latin
4258,Latin
4259,Latin
4260,Latin;French
4261,Latin
4262,Latin
4263,Dutch
4264,French
4265,Latin
4266,Latin
4267,Latin
4268,Latin
4269,Latin
4270,Latin
4271,Latin;Italian
4272,Latin
4273,Latin
4274,Latin
4275,Latin
4276,Latin
4277,Latin
4278,Latin
4279,Latin
4280,Dutch
4281,Latin
4282,French
4283,Latin
4284,French
4285,French
4286,Latin
4287,Dutch
4288,Latin
4289,Latin
4290,Latin
4291,Latin
4292,Latin
4293,Latin
4294,Latin
4295,Dutch
4296,Latin
4297,Latin
4298,Latin
4299,Latin
4300,Latin
4302,German;Latin
4303,Latin
4304,Latin
4305,Latin
4306,Latin
4307,French
4308,Latin;Ancient Greek
4309,Latin
4310,Ancient Greek
4311,Latin
4312,Latin
4313,Latin
4314,Latin
4315,French
4316,Latin
4317,Latin
4318,Latin
4319,Latin
4320,Latin
4321,Latin
4322,French
4323,French
4324,Spanish
4325,Dutch;Latin
4326,Latin
4327,Latin
4328,Latin
4329,Dutch;Latin
4330,Latin
4331,Latin
4332,Latin
4333,Latin
4334,Latin
4335,Latin
4336,Latin
4337,Latin
4338,Latin
4339,Latin
4340,French;Latin
4342,Latin
4343,Latin
4344,Latin
4345,Latin
4346,Dutch;French
4347,Latin
4348,Latin
4350,Latin
4351,Latin
4352,Latin
4353,Latin
4354,Latin
4355,Latin
4356,French
4357,Dutch
4358,Latin;Dutch;Hebrew;Ancient Greek
4359,Latin
4360,Latin
4361,Latin;Ancient Greek
4362,Latin
4363,Latin
4364,Dutch;French
4365,Dutch
4366,Latin
4367,Latin
4372,Latin
4373,Latin
4374,French
4375,Latin;French;Latin
4376,French
4378,Latin
4379,English
4380,Dutch
4381,Latin
4383,Dutch
4384,Latin
4385,Latin
4386,Latin
4387,Latin
4388,Latin
4390,Dutch
4391,Latin
4392,Latin
4393,Latin
4394,Latin
4395,Latin
4396,Latin
4397,Latin
4398,Latin
4399,Latin
4400,Latin
4401,French
4402,French
4403,Latin
4404,Latin
4405,Latin
4406,French
4407,Latin
4408,Latin
4409,Latin
4410,Latin
4411,Latin
4412,Latin
4413,Latin
4417,Latin
4418,Latin
4420,Latin
4421,Latin
4423,Latin
4424,Latin
4425,Latin
4426,Dutch
4427,Latin
4428,Latin
4429,English
4430,Latin
4431,Latin
4432,Latin
4433,Dutch;French;Latin;Spanish
4434,Latin
4435,Latin;Ancient Greek
4436,Latin
4437,Latin
4438,Latin
4439,Latin
4440,Dutch
4441,Latin
4442,French
4443,Latin
4444,Latin
4445,Latin
4447,Latin
4448,Latin
4449,Latin
4450,Latin
4451,Dutch;Latin;German;French;Spanish;Italian
4452,Latin
4453,Latin
4454,Latin
4455,French
4456,French
4457,French
4458,Latin
4459,Latin
4460,Latin
4461,Latin
4462,Latin
4463,Latin
4464,Latin
4465,Latin
4466,Latin
4467,French
4468,Latin
4469,Latin
4470,French
4471,French
4472,Latin
4473,Dutch
4474,Latin
4475,Latin
4476,Latin
4477,Latin
4478,French;Latin
4479,Modern Greek;Latin
4480,Latin
4481,Latin
4482,Latin
4483,Latin
4484,French
4485,Latin
4486,Latin
4487,Latin
4488,Latin
4489,Latin
4490,Latin
4491,Latin
4492,Latin
4493,Latin
4494,Latin
4495,Latin
4496,Latin
4497,Latin
4498,Latin
4499,Latin
4500,Latin
4501,Latin;Italian;Latin
4502,Latin;Ancient Greek
4503,Latin
4504,Latin
4505,Latin
4506,Latin
4507,Latin
4508,Latin
4509,Latin
4510,Modern Greek;Latin
4511,Latin
4512,Latin
4513,Latin
4514,Latin
4515,Latin
4516,Latin
4517,Dutch
4518,Latin
4519,Latin
4520,Latin
4521,Latin
4522,Latin
4523,Latin
4524,Dutch
4525,Latin
4526,Latin
4527,French
4528,Latin
4529,Latin
4530,Latin
4531,Latin
4532,Latin
4533,Latin;Ancient Greek
4534,Latin
4535,Latin
4536,Latin;Ancient Greek
4537,Latin
4538,Latin
4539,Latin
4540,Latin
4541,Latin
4542,Dutch
4543,Dutch
4544,Dutch;French
4545,Latin
4546,Latin
4547,Latin
4548,Latin
4549,Latin
4550,Latin
4552,Latin
4553,Latin
4554,Latin
4556,Latin
4557,Latin
4558,Dutch;Latin
4559,Latin
4560,Latin
4561,Latin
4562,Latin
4563,French
4564,Latin
4566,Latin
4567,Latin
4568,Latin
4569,Dutch
4570,Latin
4571,Latin;French
4572,Latin
4573,Latin
4574,French
4575,French
4576,Latin
4577,Latin
4578,Latin
4579,Latin
4580,Latin
4581,Latin
4582,Latin
4583,Latin
4584,Latin
4585,Latin
4586,Latin
4587,Latin
4588,Latin
4589,Latin
4590,Latin
4591,Latin
4592,Latin;Ancient Greek
4593,Latin
4594,Latin
4595,French
4596,Dutch
4597,Latin
4598,Latin
4599,Latin
4600,Latin
4601,Latin
4602,Latin
4603,Latin
4604,Latin
4605,Dutch;Latin
4606,Latin
4607,Latin
4608,Latin
4609,Latin
4610,Latin
4611,Latin
4612,Latin
4613,Latin
4614,Latin
4615,Latin
4616,Latin
4617,Dutch
4618,Latin
4619,Latin
4620,Latin
4622,Dutch
4623,Latin
4624,Spanish
4625,Spanish;Latin
4626,Latin
4627,Latin
4628,French
4629,Latin
4630,French;Latin
4631,Latin
4632,Latin
4633,Ancient Greek
4634,French
4635,Latin
4636,English
4637,Latin
4638,Latin
4639,French
4640,Ancient Greek
4641,Latin
4642,Latin
4643,Latin
4644,Latin
4645,Spanish;Latin
4646,Latin
4647,Latin;Dutch
4648,Latin
4649,Latin
4650,Latin;Dutch
4651,Latin
4652,Latin
4653,Latin
4654,Latin
4655,Latin
4656,French
4657,French
4658,Latin
4659,Dutch
4660,Latin
4661,Latin
4662,Latin
4663,Latin
4664,Latin
4665,Latin
4666,Latin
4667,Latin
4668,Latin
4669,Latin
4670,Latin
4671,Latin
4672,Latin
4673,Latin
4674,Latin
4675,Ancient Greek
4676,Latin
4678,Latin
4679,Latin
4680,Dutch;Latin
4681,Dutch;Latin
4682,Latin
4683,Latin
4684,Latin
4685,Latin;Dutch
4686,Latin
4687,Latin
4688,Latin
4689,Latin
4690,Latin
4691,Latin
4692,Latin
4693,Latin
4694,Latin
4695,Dutch;Latin
4696,Latin
4697,Latin
4698,Latin
4699,Latin
4700,Latin
4701,Latin
4702,Latin
4703,Latin
4704,Latin
4705,Latin
4706,Latin
4707,Latin
4708,French
4709,Latin
4710,Latin
4711,Latin
4712,Latin
4713,Latin
4714,Latin
4715,French
4716,French
4717,Latin
4718,Latin
4719,Latin
4720,Latin
4721,Latin
4722,Latin
4723,Latin
4724,Latin
4725,French;English
4726,Latin
4727,Latin
4728,Latin
4729,Latin
4730,Latin
4731,Latin
4732,Latin
4733,Latin
4734,Latin
4735,Latin
4736,Italian
4737,Latin
4738,French;Spanish
4739,Latin
4740,Latin
4741,Latin
4742,Latin
4743,Latin
4744,Latin
4745,Latin
4746,Latin
4747,Latin
4748,Latin
4749,Dutch;Latin
4750,French
4751,Latin
4752,Latin
4753,Latin
4754,Latin
4755,Latin
4756,Latin;Hebrew
4757,Latin
4758,Latin
4759,Latin
4760,Latin
4761,Latin
4762,German
4763,Latin
4764,Latin
4765,Latin
4766,Latin
4767,Latin
4768,Latin
4769,French
4770,Latin
4771,Dutch
4772,Latin;Ancient Greek
4773,Latin
4774,Latin
4775,Latin
4776,Latin
4777,Latin
4778,Latin
4779,Latin
4780,Latin
4781,Latin
4782,Latin
4783,Latin
4784,Latin
4785,Latin
4786,Latin
4787,French
4788,Latin
4789,Latin
4790,Latin
4791,Latin
4792,Latin
4794,Latin
4795,Latin
4796,French
4797,Dutch
4798,Latin
4799,Latin
4800,Latin
4801,Latin
4802,Latin
4803,French
4804,Latin
4805,Latin
4806,Latin
4807,Latin
4808,French
4809,Latin
4810,Latin
4811,Dutch
4812,French
4813,French
4814,Latin
4815,Latin
4816,Latin
4817,French
4818,French
4819,French
4820,Latin
4821,Latin
4822,Latin
4823,Latin
4824,Dutch
4825,Latin
4826,Latin
4827,Dutch
4828,Dutch
4829,French
4830,Latin
4832,Latin
4833,Latin
4834,Latin
4836,French
4837,Latin
4839,Latin
4840,Latin
4841,Latin
4842,Latin
4843,Latin
4844,Latin
4845,German
4846,Latin
4847,French
4848,Latin
4849,Latin
4850,Latin
4851,Latin
4852,Latin
4853,Latin
4855,Latin
4856,Latin;Hebrew
4857,Latin
4858,Latin
4859,Latin
4860,Latin
4861,Latin
4862,Latin
4863,Latin
4864,Latin
4865,French
4866,Dutch
4867,Latin
4868,Latin
4869,Latin
4870,Latin
4871,Latin
4874,Latin
4876,Latin
4877,Latin
4878,Latin
4879,Latin
4880,Latin
4881,Latin
4882,Latin;French
4884,Latin
4885,Dutch
4886,Dutch
4887,French
4888,French
4889,Latin
4890,Dutch
4891,Dutch
4892,Latin
4893,Latin
4894,Latin
4895,Latin
4896,Latin
4898,Latin
4899,Latin
4900,Latin
4901,Latin
4902,Latin;Ancient Greek;Latin
4903,Latin
4904,Latin
4905,Latin
4906,Latin
4907,Latin
4908,Latin
4909,Latin
4910,Latin
4911,Latin
4912,Latin
4913,Latin
4914,Dutch
4915,Latin
4916,Latin
4917,Dutch;Latin
4918,French
4919,Latin
4920,Latin
4921,Latin
4922,Latin
4923,Latin
4924,Latin
4925,Latin
4926,Dutch
4927,Dutch
4928,Dutch
4929,Latin
4930,Latin
4933,French;Latin
4935,Latin
4936,Latin;Italian
4937,Dutch
4938,Latin
4939,Latin
4940,Ancient Greek;Latin
4941,Latin
4942,Latin;Spanish;Dutch;French
4943,Ancient Greek
4944,Latin
4946,English
4947,French
4948,French
4950,English
4951,Dutch
4952,Latin;Ancient Greek
4953,Latin
4954,Latin
4955,Latin
4956,Latin
4957,Latin
4958,Latin
4959,Latin
4960,Latin
4961,Latin
4962,Latin
4963,Latin
4964,Latin
4965,Latin
4966,Latin
4967,Latin
4968,Latin
4981,Dutch;French
4982,French
4983,French
4984,Latin
4985,Latin
4986,English
4987,French
4988,French
4989,Latin
4990,Latin
4991,Latin
4992,Latin
4994,Latin
4995,Latin
4996,Latin
4997,Latin
4998,Latin
4999,Latin
5000,Latin
5001,Latin
5002,Latin
5003,Latin
5004,Latin
5005,Latin
5006,Latin
5007,Latin
5008,Latin
5009,Latin
5010,Latin
5011,Latin
5012,Latin
5013,Latin
5014,Latin
5015,Latin
5016,Latin
5017,Dutch;Latin
5018,English;Latin;English
5019,German
5020,German
5021,Latin
5022,Latin
5023,German
5024,French
5025,French
5027,French
5028,Latin
5029,Latin
5030,Latin
5031,Latin
5032,Latin
5033,Polish;Latin
5034,Italian
5035,French;Latin
5036,Latin
5037,Italian;Latin
5038,Latin
5039,French
5040,Latin
5041,Latin
5042,Latin
5043,Latin
5044,Latin
5045,Latin
5046,Latin
5047,Dutch
5048,Latin;Ancient Greek
5049,Latin
5050,Latin
5051,Latin
5052,Latin
5053,Latin
5054,Latin
5055,Latin;French;Latin
5056,Latin
5057,Latin
5058,Latin
5059,Latin
5060,Latin
5061,Latin
5062,Latin
5063,Latin
5064,Latin
5065,Latin
5066,Latin
5067,Latin;Italian;Latin
5068,Latin
5069,Latin
5070,Latin
5071,Latin
5072,Dutch;French
5073,French;Dutch
5074,French
5075,Latin
5076,French
5077,Latin
5078,Latin
5079,French
5080,French
5081,French
5082,Latin
5083,French
5084,Latin
5085,Latin
5086,English
5087,Latin
5088,Latin
5089,Dutch;Latin
5090,Dutch
5091,Dutch;Latin
5092,Latin
5093,Latin
5094,French;Dutch
5095,French
5096,Dutch
5097,French;Latin
5098,Latin;Latin;Italian
5099,Latin
5100,Latin
5101,Latin
5102,Latin
5103,Latin
5104,Latin
5105,French
5106,Latin
5107,Latin
5108,Ancient Greek;Latin
5109,Latin
5110,Ancient Greek
5111,Latin
5112,Latin
5113,Latin
5114,German;Latin
5115,Latin
5116,Latin
5117,French;Latin
5118,Dutch
5119,German;Latin
5120,Latin
5121,Dutch
5122,Dutch
5123,Dutch
5124,Dutch
5125,Dutch
5126,Latin
5127,Latin
5128,Latin
5129,Latin
5130,Hebrew;Latin
5131,Latin
5132,Latin
5133,Latin
5134,Latin
5135,Latin
5136,Latin
5137,Latin
5138,Latin
5139,Latin
5140,Latin
5141,Latin
5142,Latin
5143,Latin
5144,Latin
5145,Latin
5146,Latin
5147,Dutch;Latin
5148,Latin
5150,French;Latin
5151,Latin
5153,Dutch;German
5154,Latin
5155,Dutch
5156,Latin
5158,Latin
5159,Latin
5160,Latin
5161,Latin
5162,Latin
5164,Latin
5165,Latin
5166,Latin
5167,Latin
5168,Latin;French
5169,Dutch;French
5170,Latin
5171,Latin
5172,Latin
5173,Latin
5174,Latin
5175,Latin
5176,Latin
5177,Latin
5178,Latin
5179,French
5180,Latin
5181,Latin
5182,Latin
5183,Latin
5184,Latin
5185,Latin
5186,Latin
5187,Latin
5188,Latin
5189,Latin
5190,Latin
5191,Latin
5192,Latin
5193,Latin
5194,Latin
5195,Latin
5196,French
5197,Dutch
5199,Latin
5200,Latin
5201,Latin
5202,Latin
5203,German
5204,Latin
5205,Dutch
5206,Latin
5207,Latin
5208,French
5209,Latin
5210,Latin
5211,Latin
5212,Latin
5213,Latin
5214,French;Latin
5215,Dutch
5216,Latin
5217,Latin
5218,Latin
5219,Latin
5220,Dutch
5221,Dutch
5222,French
5223,French
5224,French
5225,French
5226,French
5227,Dutch
5228,French
5229,French
5230,Dutch
5231,Latin
5233,Latin
5234,Latin
5235,Latin
5236,Dutch
5237,Dutch
5238,Dutch
5239,Latin
5240,Latin
5241,French
5242,Latin
5243,Latin
5244,Dutch
5245,Dutch
5246,Dutch
5247,French
5248,French
5249,French
5250,French
5251,Dutch
5252,French
5253,French
5254,French
5255,French
5256,French
5257,French
5258,Dutch
5259,Latin
5260,French
5261,French
5262,French
5263,German
5264,Latin
5265,Latin
5266,Dutch
5267,Latin
5268,French
5269,Latin
5270,Latin
5271,French
5272,Latin
5273,Latin
5274,Latin
5275,Latin
5276,Latin
5277,Latin
5278,English
5279,Latin;Spanish;Latin
5280,Latin
5281,Latin;Ancient Greek
5282,Latin
5283,Latin
5284,Latin
5285,Latin
5286,Latin;Ancient Greek
5287,Latin
5288,Latin
5289,Dutch;Latin
5290,Latin
5291,Latin
5292,Latin
5293,Latin;Ancient Greek
5294,Latin
5295,Latin
5296,Latin
5297,Dutch
5299,Latin
5302,Dutch
5303,Latin
5304,Latin
5305,Latin
5306,Latin
5307,German;Danish
5308,French
5309,Latin
5310,French
5311,Latin
5312,Latin
5313,Latin
5314,French;Latin
5315,Latin
5316,Latin
5317,Latin
5318,Latin
5319,Latin;Ancient Greek
5320,Latin
5321,Latin
5322,French
5323,Dutch
5324,Dutch
5325,Latin
5326,Latin
5327,French
5329,Latin
5330,Dutch
5331,Latin
5332,Latin
5333,Latin
5334,Latin
5335,French;Latin
5337,Latin
5338,Latin
5339,Latin
5340,Dutch
5341,Dutch
5342,Dutch
5343,Dutch;French;French;Ancient Greek
5344,Latin
5345,Latin
5346,French;Latin
5347,Dutch;Latin
5348,German;Latin
5349,Latin
5350,Latin
5351,Latin
5352,Latin
5353,Latin
5354,Latin
5355,French;French;Italian
5356,Latin
5357,Latin
5358,Ancient Greek
5359,Latin;Ancient Greek
5360,Latin
5361,Latin
5362,Latin
5363,Latin
5365,Latin
5366,Latin
5367,Latin;Latin;Italian
5368,Latin
5369,Latin
5370,Latin
5371,Latin
5372,Latin
5373,Dutch;Latin
5374,Latin
5375,French
5376,French
5377,French
5379,Dutch
5380,Dutch
5381,Dutch
5382,Dutch
5383,Dutch
5384,Dutch
5385,Dutch
5386,Dutch
5387,Dutch
5388,Dutch
5389,Dutch
5390,Dutch
5391,Dutch;French
5394,Latin
5395,Latin
5396,Latin
5397,Latin
5398,Latin
5399,Latin
5400,Latin
5401,Latin
5402,Latin
5403,Latin
5404,Dutch
5405,Dutch
5406,Latin
5407,Latin
5409,Dutch
5410,Latin
5411,Latin
5412,Latin
5413,Latin
5414,Latin
5415,Latin
5416,Latin
5417,Dutch;Latin
5418,French
5419,Latin
5420,Latin
5421,Latin
5422,Latin
5423,Latin
5424,Latin
5425,Latin
5426,Latin
5427,Latin
5428,Latin
5429,Latin
5430,French
5432,Dutch
5433,Latin
5434,Latin
5435,Latin
5436,Latin
5437,Dutch;Latin
5438,French
5439,Latin
5440,Latin
5441,French
5442,Latin
5443,Latin
5444,Latin
5445,Latin
5446,Latin
5447,Latin
5448,Latin
5449,Latin
5450,Latin
5451,Latin
5453,Latin
5454,Latin
5455,Latin
5456,Latin;Ancient Greek
5457,Latin
5458,Latin
5459,Latin
5460,Latin
5461,Latin
5462,Latin
5463,Ancient Greek
5465,Latin
5466,Latin
5467,Latin
5468,Latin
5469,Latin
5470,Latin
5471,Latin
5472,Latin
5473,French
5475,Latin
5476,French
5477,Dutch
5478,Dutch;French
5479,Spanish;Latin
5480,Spanish;Latin
5481,Latin;Latin;Italian
5482,Latin
5483,Latin
5484,Latin
5485,Latin
5486,Latin
5487,Latin
5488,Latin
5489,Latin
5490,Latin
5491,Latin
5492,Italian;Latin
5493,Latin
5494,Latin
5495,French
5496,French
5497,Latin
5498,Latin;Ancient Greek
5499,Latin
5500,Latin
5501,Latin
5502,Latin
5503,Latin
5504,Dutch
5505,Latin
5506,Latin
5507,Latin
5508,Latin
5509,Latin
5510,French
5511,French
5512,French
5513,Latin
5514,Latin
5515,Latin
5517,Latin
5518,Latin
5519,Latin
5520,Latin
5521,Latin
5522,Latin
5523,Latin
5524,Latin
5525,Latin
5526,Latin
5527,Latin
5528,Latin
5529,Latin
5530,Latin
5533,Latin
5534,Latin
5535,Latin
5536,Latin
5537,Latin
5538,Latin
5539,Latin
5540,Latin
5541,Latin
5542,Latin
5543,Dutch
5544,Dutch
5545,Spanish;Latin
5546,Spanish;Latin
5547,Latin
5548,Latin
5549,Latin
5550,Latin
5551,Latin
5552,Latin
5553,Latin
5554,Latin
5555,Latin
5556,Latin
5557,Latin
5558,Latin
5559,Latin
5560,Latin
5561,Latin
5562,Latin
5563,Latin
5564,German
5565,Latin
5568,Latin
5569,Latin
5570,Latin
5571,Latin
5572,Latin
5573,Dutch
5574,Latin
5575,Latin
5576,Latin
5580,Dutch
5581,French
5582,French
5583,Latin
5584,Latin
5585,Latin
5586,Latin
5587,Latin
5588,French
5589,Latin
5591,French;Latin
5593,Latin
5594,Latin
5596,Latin
5597,Latin
5598,Latin
5599,French
5600,Latin
5601,Latin;Czech;English;French;German;Russian
5602,Latin
5603,Latin
5604,Latin
5605,Latin
5606,Latin
5607,Latin
5608,Dutch
5609,Latin
5610,Latin
5612,Latin
5613,French
5614,French
5615,Dutch
5616,Dutch
5617,Dutch
5618,French
5619,Latin
5620,Latin
5621,French
5622,Latin
5623,Latin;Latin;French
5624,Latin
5625,Latin
5626,Latin
5627,Latin
5628,Latin
5629,Latin
5630,Latin
5631,Latin
5632,French
5633,French
5634,Latin
5635,Latin
5636,Latin
5637,Latin
5638,Latin
5639,Latin
5640,Latin
5641,Latin
5642,Latin
5643,Latin
5644,Latin
5645,French
5646,French
5647,Latin
5648,Latin
5649,Latin
5650,French
5651,Latin
5652,Latin
5653,Latin
5654,Latin
5655,Latin
5656,Latin
5657,French
5658,Latin
5660,Latin
5661,Latin
5662,French
5663,Latin
5664,Latin
5665,Latin
5666,Latin
5667,Latin
5668,Latin
5669,Latin
5670,Latin
5671,French;Latin
5672,French;Latin
5673,Ancient Greek
5674,French;Dutch
5677,Latin
5678,Portuguese
5679,Latin
5680,Latin
5681,Latin
5682,Latin
5683,Latin
5684,French
5685,Latin
5686,Latin
5687,Latin
5688,Latin
5689,Latin
5690,Dutch
5691,Latin
5692,Latin
5693,Dutch;Latin
5694,Latin
5695,Latin
5696,Latin
5697,Latin
5698,Latin
5699,Latin
5700,Dutch
5701,Latin
5702,Latin
5703,Latin
5704,Dutch
5705,French
5706,French
5707,French
5708,Latin
5709,Dutch
5710,Latin
5711,Latin
5712,Latin
5713,Latin
5714,Latin
5715,Ancient Greek;Latin
5716,Latin;Ancient Greek
5717,Latin
5718,Latin
5719,Latin
5720,Dutch;Latin
5721,Dutch
5722,Latin
5723,Latin
5724,Latin
5725,Latin
5726,Latin
5727,Spanish;Latin
5728,Latin
5729,Latin
5730,Latin
5731,Latin
5732,Latin
5733,Latin
5734,English;Irish
5735,Latin
5736,Latin
5737,Dutch
5738,Latin
5739,Latin
5740,Latin
5741,Latin
5742,Latin
5743,French
5744,Latin
5745,Latin
5746,Latin
5747,Latin
5748,Latin
5749,Latin
5750,Latin
5751,Latin
5752,Latin
5753,Latin
5754,Latin
5755,Latin
5756,Latin
5758,Latin
5759,Latin
5760,Latin
5761,Latin
5762,Latin
5763,Latin
5764,Latin;French
5765,Latin
5766,Latin
5767,Latin
5768,Latin
5769,Latin
5770,Latin
5771,Latin
5772,Latin
5773,Latin
5774,Latin
5775,Latin
5776,Dutch;Latin
5777,Latin
5779,Latin
5780,Latin
5782,Latin
5785,Latin
5786,Latin
5787,Latin;Ancient Greek
5788,Latin
5789,Latin
5790,Latin
5791,Latin
5792,Latin
5793,Latin
5794,Latin
5795,Latin
5796,Latin
5797,Latin
5798,Latin
5799,Latin
5800,Latin
5801,Latin
5803,Latin
5804,Latin
5805,Latin
5806,Dutch
5807,Latin
5808,Latin
5810,Latin;Dutch
5811,Latin
5812,Latin
5813,Latin
5814,Latin
5816,Latin
5818,French
5819,Latin
5820,Latin
5821,Latin
5822,French
5823,Latin
5824,Latin
5825,Dutch
5826,Dutch;Latin
5827,French
5828,Latin
5829,Dutch
5830,Latin
5831,Ancient Greek
5832,German
5834,Latin
5835,Latin
5836,Latin
5837,Latin;Modern Greek
5838,Latin
5839,Latin
5840,Latin
5841,Latin
5842,Latin
5843,Latin
5844,Latin
5845,Latin
5846,Latin
5847,Latin
5848,Latin
5849,Latin
5850,Latin
5851,Latin
5852,Latin
5853,Latin
5854,Latin;Hebrew
5856,Latin
5857,Latin
5858,Latin;Italian;Latin
5859,Latin;Hebrew
5860,Latin
5861,Latin
5862,French;Latin
5863,Dutch;Latin
5864,Latin
5865,French;Latin
5866,Dutch;Latin
5867,Latin
5868,Latin
5869,Latin
5870,Latin
5871,Latin
5872,Dutch;French
5873,Dutch;French
5874,Latin
5875,Latin
5877,French;Latin
5878,Latin
5879,Latin
5880,Latin
5881,Latin
5882,Latin
5883,Latin
5884,Latin
5885,Latin
5886,Latin
5887,Latin
5888,French
5889,Latin
5890,Latin
5891,Latin
5892,French;Latin
5893,French
5894,Latin
5895,French
5896,Latin
5897,Latin
5898,Latin
5902,Latin
5903,Latin
5904,Latin
5905,Latin
5906,Latin
5907,Latin
5908,Latin
5909,Latin
5910,Latin
5911,Latin
5912,Latin
5913,Latin
5914,Latin
5915,Latin
5916,Latin
5918,Latin
5919,Latin
5920,Latin
5921,Dutch;Latin
5922,Latin
5923,Latin;Dutch
5924,Latin
5925,Latin
5926,Latin
5927,Latin
5928,Latin
5929,Latin
5930,Latin
5931,Latin
5932,Latin
5933,Latin
5934,Latin
5935,Latin
5938,French
5939,Latin
5940,Latin
5941,Latin
5942,Latin
5943,Latin
5944,Latin;Ancient Greek
5945,Latin
5946,Latin
5947,Latin
5948,Latin
5949,Latin
5950,Latin
5951,Latin
5952,Latin
5953,Latin
5954,Latin
5955,Latin
5956,Latin
5957,Latin
5958,Latin
5959,Latin
5960,Latin
5961,Latin
5962,Dutch;Latin
5963,Latin
5964,Latin
5965,Ancient Greek
5966,Latin
5967,Latin
5968,Latin
5969,Latin
5970,Latin
5971,Latin
5972,Latin
5973,Latin
5974,Latin;Italian
5975,Latin
5976,Latin
5977,Latin
5978,Latin
5979,Latin
5980,Latin
5981,Latin
5982,Latin
5983,Latin
5984,Latin
5985,Latin
5986,English
5987,Latin
5988,Latin
5989,Dutch
5990,Dutch;Latin
5991,Latin
5992,Latin
5993,Latin
5994,Latin
5995,Latin
5996,Latin
5997,Latin
5998,Latin
5999,Latin
6000,Dutch
6001,Latin
6002,French
6003,Latin
6005,Latin
6006,Latin
6009,Latin
6010,French
6011,French
6012,French
6013,Latin
6014,Latin
6015,Spanish
6016,Spanish
6017,Latin
6018,Latin
6019,Latin
6020,French
6021,Latin;French
6022,Dutch
6023,Dutch
6024,Latin
6025,Latin
6026,Latin
6027,Latin
6028,Latin
6029,Latin
6030,Latin
6031,Latin
6032,Latin
6033,Latin
6034,Latin;Ancient Greek
6035,Latin
6036,Latin
6037,French;Latin
6038,Latin
6039,Latin
6040,Latin
6041,Latin
6042,Dutch
6043,Latin
6044,Latin
6045,Latin
6046,Latin
6047,Latin
6048,Latin
6049,Latin
6050,Latin
6051,Latin
6052,Latin
6053,Latin
6054,Latin
6055,Latin
6056,Latin
6057,Latin
6058,Latin
6059,Latin
6060,Latin
6061,Latin
6062,French
6063,Latin
6064,French
6065,Dutch;Latin
6066,Latin
6067,Dutch
6068,Latin
6069,Latin
6070,Latin
6071,Latin
6072,Latin;Ancient Greek
6073,Latin
6074,Latin
6075,Latin
6076,Latin
6077,Latin
6078,Latin
6079,Latin
6080,Latin
6081,Latin
6082,French;Latin
6083,Latin
6084,Spanish;Latin
6085,Latin
6086,Latin
6087,Latin
6088,Latin
6089,Ancient Greek;Ancient Greek;Latin
6090,Latin
6091,Latin
6092,Latin
6093,Latin
6094,Latin
6095,Latin
6096,Latin
6097,Latin
6098,Latin
6099,Latin
6100,Latin
6101,Latin
6102,Latin
6103,Latin
6104,Dutch;French
6105,Spanish;Latin
6106,Latin
6107,Italian;Latin
6108,Latin
6109,Latin
6110,Latin
6111,Latin
6112,Latin
6113,Latin
6114,Ancient Greek;Ancient Greek;Latin
6115,Ancient Greek
6116,Latin
6117,Latin;Ancient Greek
6118,Latin
6119,Latin
6120,Latin
6121,Latin
6122,Latin
6123,Latin
6125,Dutch
6126,Latin
6127,Dutch
6128,Latin
6129,Latin
6130,Latin
6131,Latin
6132,Latin
6133,Latin
6134,Latin
6135,French
6136,Latin
6137,Latin
6138,Latin
6139,Latin
6140,Dutch
6141,Dutch
6142,Dutch
6143,Latin
6144,Latin
6145,Ancient Greek;Latin
6146,Latin
6147,Latin
6148,Latin
6149,Latin
6150,Latin;Italian;Latin
6151,French
6152,Ancient Greek
6153,Latin
6154,Latin
6155,Dutch
6156,Latin
6157,Dutch;Italian
6158,Dutch
6159,Latin
6160,Latin
6161,Latin
6162,Latin
6163,Dutch;Latin
6164,Latin
6165,Latin
6166,French
6167,Latin
6168,Latin
6169,Latin
6170,Latin
6171,Latin
6172,French
6173,Latin
6174,Latin
6175,Latin
6176,Latin
6177,Latin
6178,Latin
6179,Latin
6180,Latin
6181,Latin
6182,Latin
6183,Dutch
6184,Latin
6185,Latin
6186,Latin
6187,Latin
6188,Latin
6189,Latin
6190,Latin
6191,Latin
6192,Latin
6193,Latin
6194,Latin
6195,Dutch
6196,Dutch
6197,Latin
6198,Latin
6199,Latin
6200,Latin
6201,Latin
6202,Latin
6203,French
6204,Latin
6205,Dutch;Latin;French
6206,Dutch
6207,Dutch;French
6208,Dutch
6209,Dutch;French
6210,Dutch
6211,Dutch;French
6212,Latin
6213,Latin
6214,French
6215,Latin
6216,Latin
6217,Latin
6218,Latin
6219,Latin
6220,Latin
6221,Latin
6222,Latin
6223,Latin
6224,Latin
6225,Latin
6226,Latin
6227,Latin
6228,Latin
6229,Latin
6230,Latin
6231,Latin
6232,Latin
6233,Latin
6234,Latin
6235,French
6237,Latin
6238,Dutch
6239,Latin
6240,Latin
6241,Latin
6242,Latin
6243,Latin
6244,Latin
6245,Latin
6246,Latin
6247,Latin
6248,Latin
6249,French;Latin
6250,Latin
6251,Latin
6252,Latin
6253,Latin
6254,Latin
6255,Latin
6256,Latin
6257,Latin
6258,Latin
6259,Latin
6260,Latin
6261,Latin
6262,Latin
6263,Latin
6264,Latin
6265,Latin
6266,Dutch;Latin
6267,Dutch
6268,Dutch;Latin
6269,French;Latin
6270,Latin
6271,Latin
6272,Latin
6273,Latin
6274,Latin
6275,Latin
6276,Latin
6277,Latin
6278,Latin
6279,French;Latin
6280,Latin
6281,Latin
6282,Latin
6283,Latin
6284,Latin
6285,Latin
6286,French
6287,French
6288,Latin
6290,French
6291,Latin
6292,Dutch
6293,Latin
6294,Dutch;Latin
6295,Latin
6296,French
6297,Latin
6298,French
6299,Latin
6300,Latin
6301,French
6302,French
6303,Latin
6304,Latin
6305,Latin
6306,Dutch;Latin
6307,Latin
6308,Latin
6309,Latin
6310,French
6311,Dutch
6312,Latin
6313,Dutch
6314,Latin;Dutch;Latin
6315,Dutch
6316,Latin;German
6317,Latin
6318,Latin
6319,Latin
6320,Latin
6321,Latin
6322,Latin
6323,Latin
6324,Dutch
6325,Latin
6326,Ancient Greek;Latin;Ancient Greek
6327,Latin
6328,Latin
6329,Latin
6330,Latin
6331,Latin
6332,Latin
6333,Latin
6334,Latin;Dutch;Latin
6335,Latin;Ancient Greek
6336,Latin;Latin;Italian
6337,English
6338,Latin
6339,Latin;Ancient Greek
6340,Latin
6341,Latin;French;Latin
6342,Latin;Italian;Latin
6343,Latin
6344,Latin
6345,Latin
6346,Latin;Hebrew
6347,Latin
6348,Latin;Italian;Latin
6349,Dutch
6350,Latin
6351,Latin
6352,Latin
6353,Latin
6354,Latin
