fm_id,type
4148,printed
4149,printed
4150,printed
4151,printed
4152,printed
4153,printed
4154,printed
4155,printed
4156,printed
4157,printed
4158,printed
4159,printed
4160,printed
4161,printed
4162,printed
4163,printed
4164,printed
4165,printed
4166,printed
4167,printed
4168,printed
4169,printed
4171,printed
4172,printed
4173,printed
4175,printed
4177,printed
4178,printed
4179,printed
4181,printed
4182,printed
4183,printed
4185,printed
4186,printed
4187,printed
4188,printed
4189,printed
4190,printed
4191,printed
4192,printed
4193,printed
4194,printed
4195,printed
4196,printed
4197,printed
4198,printed
4199,printed
4200,printed
4201,printed
4204,printed
4205,printed
4208,printed
4209,printed
4210,printed
4211,printed
4212,printed
4213,printed
4214,printed
4215,printed
4216,printed
4217,printed
4218,printed
4219,printed
4220,printed
4221,printed
4222,printed
4223,printed
4224,printed
4225,printed
4226,printed
4227,printed
4228,printed
4229,printed
4230,printed
4231,printed
4232,printed
4233,printed
4234,printed
4235,printed
4237,printed
4239,printed
4240,printed
4242,printed
4243,printed
4246,printed
4247,printed
4248,printed
4249,printed
4250,printed
4251,printed
4252,printed
4253,printed
4254,printed
4255,printed
4256,printed
4257,printed
4258,printed
4259,printed
4260,printed
4261,printed
4262,printed
4263,printed
4264,printed
4265,printed
4266,printed
4267,printed
4268,printed
4269,printed
4270,printed
4271,printed
4273,printed
4274,printed
4275,printed
4276,printed
4277,printed
4278,printed
4279,printed
4280,printed
4281,printed
4282,printed
4283,printed
4284,printed
4285,printed
4288,printed
4289,printed
4290,printed
4291,printed
4292,printed
4293,printed
4294,printed
4296,printed
4297,printed
4298,printed
4299,printed
4300,printed
4304,printed
4305,printed
4306,printed
4307,printed
4308,printed
4309,printed
4310,printed
4311,printed
4312,printed
4313,printed
4314,printed
4315,printed
4316,printed
4317,printed
4318,printed
4319,printed
4320,printed
4321,printed
4322,printed
4323,printed
4325,printed
4326,printed
4327,printed
4328,printed
4329,printed
4330,printed
4331,printed
4332,printed
4333,printed
4334,printed
4335,printed
4336,printed
4337,printed
4338,printed
4339,printed
4342,printed
4343,printed
4344,printed
4345,printed
4346,printed
4350,printed
4351,printed
4352,printed
4353,printed
4354,printed
4355,printed
4356,printed
4357,printed
4358,printed
4359,printed
4360,printed
4361,printed
4362,printed
4363,printed
4364,printed
4365,printed
4366,printed
4367,printed
4368,printed
4369,printed
4370,printed
4371,printed
4372,printed
4373,printed
4374,printed
4375,printed
4376,printed
4377,printed
4378,printed
4380,printed
4381,printed
4383,printed
4384,printed
4385,printed
4386,printed
4387,printed
4388,printed
4390,printed
4391,printed
4392,printed
4393,printed
4394,printed
4395,printed
4396,printed
4397,printed
4399,printed
4400,printed
4401,printed
4402,printed
4403,printed
4404,printed
4405,printed
4408,printed
4409,printed
4410,printed
4411,printed
4412,printed
4413,printed
4414,printed
4415,printed
4416,printed
4417,printed
4418,printed
4419,printed
4420,printed
4421,printed
4423,printed
4424,printed
4425,printed
4426,printed
4427,printed
4428,printed
4430,printed
4431,printed
4432,printed
4433,printed
4434,printed
4435,printed
4436,printed
4437,printed
4438,printed
4439,printed
4440,printed
4441,printed
4442,printed
4443,printed
4444,printed
4445,printed
4446,printed
4447,printed
4448,printed
4449,printed
4450,printed
4451,printed
4452,printed
4453,printed
4454,printed
4455,printed
4456,printed
4458,printed
4459,printed
4460,printed
4461,printed
4462,printed
4463,printed
4464,printed
4465,printed
4466,printed
4467,printed
4468,printed
4469,printed
4470,printed
4471,printed
4472,printed
4473,printed
4474,printed
4475,printed
4476,printed
4477,printed
4478,printed
4479,printed
4480,printed
4481,printed
4482,printed
4483,printed
4484,printed
4485,printed
4486,printed
4487,printed
4488,printed
4489,printed
4490,printed
4491,printed
4492,printed
4493,printed
4494,printed
4495,printed
4496,printed
4497,printed
4498,printed
4499,printed
4500,printed
4501,printed
4502,printed
4503,printed
4504,printed
4505,printed
4506,printed
4507,printed
4508,printed
4509,printed
4510,printed
4511,printed
4512,printed
4513,printed
4514,printed
4515,printed
4516,printed
4517,printed
4518,printed
4519,printed
4520,printed
4521,printed
4522,printed
4523,printed
4524,printed
4525,printed
4526,printed
4527,printed
4528,printed
4529,printed
4530,printed
4531,printed
4532,printed
4533,printed
4534,printed
4535,printed
4536,printed
4537,printed
4538,printed
4539,printed
4540,printed
4541,printed
4542,printed
4543,printed
4544,printed
4545,printed
4546,printed
4547,printed
4548,printed
4549,printed
4550,printed
4551,printed
4552,printed
4553,printed
4554,printed
4555,printed
4556,printed
4557,printed
4558,printed
4559,printed
4560,printed
4561,printed
4562,printed
4563,printed
4564,printed
4565,printed
4566,printed
4567,printed
4568,printed
4569,printed
4570,printed
4571,printed
4572,printed
4573,printed
4574,printed
4575,printed
4576,printed
4577,printed
4578,printed
4579,printed
4580,printed
4581,printed
4582,printed
4583,printed
4584,printed
4585,printed
4586,printed
4587,printed
4588,printed
4589,printed
4590,printed
4591,printed
4592,printed
4593,printed
4594,printed
4595,printed
4596,printed
4597,printed
4598,printed
4599,printed
4600,printed
4601,printed
4602,printed
4603,printed
4604,printed
4605,printed
4606,printed
4607,printed
4608,printed
4609,printed
4610,printed
4611,printed
4612,printed
4613,printed
4614,printed
4615,printed
4616,printed
4617,printed
4618,printed
4619,printed
4620,printed
4622,printed
4623,printed
4626,printed
4627,printed
4628,printed
4629,printed
4631,printed
4632,printed
4633,printed
4634,printed
4635,printed
4636,printed
4638,printed
4640,printed
4641,printed
4642,printed
4643,printed
4644,printed
4645,printed
4646,printed
4647,printed
4648,printed
4649,printed
4650,printed
4651,printed
4652,printed
4653,printed
4654,printed
4655,printed
4657,printed
4658,printed
4660,printed
4661,printed
4662,printed
4663,printed
4664,printed
4666,printed
4667,printed
4669,printed
4670,printed
4671,printed
4672,printed
4673,printed
4674,printed
4675,printed
4676,printed
4679,printed
4680,printed
4681,printed
4682,printed
4683,printed
4684,printed
4685,printed
4686,printed
4687,printed
4688,printed
4689,printed
4690,printed
4691,printed
4692,printed
4693,printed
4694,printed
4696,printed
4697,printed
4698,printed
4699,printed
4700,printed
4701,printed
4702,printed
4703,printed
4704,printed
4705,printed
4706,printed
4707,printed
4708,printed
4709,printed
4710,printed
4711,printed
4712,printed
4713,printed
4714,printed
4715,printed
4716,printed
4717,printed
4718,printed
4719,printed
4720,printed
4721,printed
4722,printed
4723,printed
4724,printed
4725,printed
4726,printed
4727,printed
4728,printed
4729,printed
4730,printed
4731,printed
4732,printed
4733,printed
4734,printed
4735,printed
4736,printed
4737,printed
4738,printed
4739,printed
4740,printed
4741,printed
4742,printed
4743,printed
4744,printed
4745,printed
4746,printed
4747,printed
4748,printed
4749,printed
4750,printed
4751,printed
4752,printed
4753,printed
4754,printed
4755,printed
4756,printed
4757,printed
4758,printed
4759,printed
4760,printed
4761,printed
4762,printed
4763,printed
4764,printed
4765,printed
4766,printed
4767,printed
4768,printed
4770,printed
4772,printed
4773,printed
4774,printed
4775,printed
4776,printed
4777,printed
4778,printed
4779,printed
4780,printed
4781,printed
4782,printed
4783,printed
4784,printed
4785,printed
4786,printed
4787,printed
4788,printed
4789,printed
4790,printed
4791,printed
4792,printed
4793,printed
4794,printed
4795,printed
4796,printed
4797,printed
4798,printed
4799,printed
4800,printed
4801,printed
4802,printed
4803,printed
4804,printed
4805,printed
4806,printed
4807,printed
4808,printed
4809,printed
4810,printed
4811,printed
4812,printed
4813,printed
4814,printed
4815,printed
4816,printed
4819,printed
4820,printed
4821,printed
4822,printed
4823,printed
4824,printed
4826,printed
4827,printed
4828,printed
4829,printed
4830,printed
4831,printed
4835,printed
4836,printed
4837,printed
4839,printed
4840,printed
4841,printed
4842,printed
4843,printed
4844,printed
4846,printed
4847,printed
4849,printed
4850,printed
4851,printed
4852,printed
4853,printed
4854,printed
4855,printed
4856,printed
4857,printed
4858,printed
4859,printed
4860,printed
4861,printed
4862,printed
4863,printed
4864,printed
4867,printed
4868,printed
4869,printed
4870,printed
4871,printed
4872,printed
4873,printed
4874,printed
4875,printed
4876,printed
4877,printed
4878,printed
4879,printed
4880,printed
4881,printed
4882,printed
4883,printed
4884,printed
4885,printed
4886,printed
4887,printed
4888,printed
4889,printed
4890,printed
4891,printed
4893,printed
4894,printed
4895,printed
4896,printed
4897,printed
4898,printed
4899,printed
4900,printed
4901,printed
4902,printed
4903,printed
4904,printed
4905,printed
4906,printed
4907,printed
4908,printed
4909,printed
4910,printed
4911,printed
4912,printed
4913,printed
4914,printed
4915,printed
4916,printed
4917,printed
4918,printed
4919,printed
4920,printed
4921,printed
4922,printed
4923,printed
4924,printed
4925,printed
4926,printed
4927,printed
4928,printed
4929,printed
4930,printed
4935,printed
4936,printed
4937,printed
4938,printed
4939,printed
4940,printed
4941,printed
4942,printed
4943,printed
4944,printed
4952,printed
4982,printed
4983,printed
4984,printed
4985,printed
4989,printed
4990,printed
4991,printed
4992,printed
4994,printed
4995,printed
4996,printed
4997,printed
4998,printed
4999,printed
5000,printed
5001,printed
5002,printed
5003,printed
5004,printed
5005,printed
5006,printed
5007,printed
5008,printed
5009,printed
5010,printed
5011,printed
5012,printed
5013,printed
5014,printed
5015,printed
5016,printed
5017,printed
5018,printed
5019,printed
5020,printed
5021,printed
5022,printed
5023,printed
5028,printed
5029,printed
5030,printed
5031,printed
5032,printed
5033,printed
5034,printed
5035,printed
5036,printed
5037,printed
5038,printed
5039,printed
5040,printed
5041,printed
5042,printed
5043,printed
5044,printed
5045,printed
5046,printed
5047,printed
5048,printed
5049,printed
5050,printed
5051,printed
5052,printed
5054,printed
5055,printed
5056,printed
5057,printed
5058,printed
5059,printed
5060,printed
5061,printed
5062,printed
5063,printed
5064,printed
5065,printed
5066,printed
5067,printed
5068,printed
5069,printed
5070,printed
5071,printed
5072,printed
5073,printed
5074,printed
5075,printed
5078,printed
5079,printed
5080,printed
5081,printed
5082,printed
5083,printed
5084,printed
5085,printed
5086,printed
5087,printed
5088,printed
5089,printed
5090,printed
5091,printed
5092,printed
5093,printed
5094,printed
5095,printed
5096,printed
5097,printed
5098,printed
5099,printed
5100,printed
5101,printed
5102,printed
5103,printed
5104,printed
5105,printed
5106,printed
5107,printed
5108,printed
5109,printed
5110,printed
5111,printed
5112,printed
5113,printed
5114,printed
5115,printed
5116,printed
5117,printed
5118,printed
5119,printed
5120,printed
5121,printed
5122,printed
5123,printed
5124,printed
5125,printed
5126,printed
5127,printed
5128,printed
5129,printed
5130,printed
5131,printed
5132,printed
5133,printed
5134,printed
5135,printed
5136,printed
5137,printed
5138,printed
5139,printed
5140,printed
5141,printed
5142,printed
5143,printed
5144,printed
5145,printed
5146,printed
5147,printed
5148,printed
5149,printed
5150,printed
5151,printed
5153,printed
5154,printed
5156,printed
5157,printed
5158,printed
5159,printed
5160,printed
5161,printed
5162,printed
5163,printed
5164,printed
5165,printed
5166,printed
5167,printed
5168,printed
5170,printed
5171,printed
5172,printed
5173,printed
5174,printed
5175,printed
5176,printed
5177,printed
5178,printed
5179,printed
5180,printed
5181,printed
5182,printed
5183,printed
5184,printed
5185,printed
5186,printed
5187,printed
5188,printed
5189,printed
5190,printed
5191,printed
5192,printed
5193,printed
5194,printed
5195,printed
5198,printed
5199,printed
5200,printed
5201,printed
5202,printed
5203,printed
5204,printed
5206,printed
5207,printed
5208,printed
5209,printed
5210,printed
5211,printed
5212,printed
5213,printed
5214,printed
5216,printed
5217,printed
5218,printed
5220,printed
5221,printed
5222,printed
5223,printed
5224,printed
5225,printed
5226,printed
5227,printed
5228,printed
5229,printed
5230,printed
5231,printed
5232,printed
5233,printed
5234,printed
5235,printed
5236,printed
5237,printed
5238,printed
5240,printed
5241,printed
5243,printed
5244,printed
5245,printed
5246,printed
5247,printed
5248,printed
5249,printed
5250,printed
5251,printed
5252,printed
5253,printed
5254,printed
5255,printed
5256,printed
5257,printed
5258,printed
5259,printed
5260,printed
5261,printed
5262,printed
5264,printed
5266,printed
5267,printed
5268,printed
5269,printed
5270,printed
5271,printed
5272,printed
5273,printed
5274,printed
5275,printed
5276,printed
5277,printed
5278,printed
5280,printed
5281,printed
5282,printed
5283,printed
5284,printed
5285,printed
5286,printed
5287,printed
5288,printed
5290,printed
5291,printed
5292,printed
5293,printed
5294,printed
5295,printed
5296,printed
5297,printed
5298,printed
5299,printed
5300,printed
5301,printed
5302,printed
5303,printed
5304,printed
5305,printed
5306,printed
5307,printed
5308,printed
5309,printed
5310,printed
5311,printed
5312,printed
5313,printed
5314,printed
5315,printed
5316,printed
5317,printed
5318,printed
5319,printed
5320,printed
5322,printed
5323,printed
5324,printed
5325,printed
5326,printed
5328,printed
5329,printed
5330,printed
5331,printed
5332,printed
5333,printed
5334,printed
5335,printed
5337,printed
5338,printed
5339,printed
5340,printed
5341,printed
5342,printed
5343,printed
5344,printed
5345,printed
5346,printed
5347,printed
5349,printed
5350,printed
5351,printed
5352,printed
5353,printed
5354,printed
5355,printed
5356,printed
5357,printed
5358,printed
5359,printed
5360,printed
5361,printed
5362,printed
5363,printed
5364,printed
5365,printed
5366,printed
5367,printed
5368,printed
5369,printed
5370,printed
5371,printed
5372,printed
5373,printed
5374,printed
5375,printed
5376,printed
5377,printed
5379,printed
5380,printed
5381,printed
5382,printed
5383,printed
5384,printed
5385,printed
5386,printed
5387,printed
5388,printed
5389,printed
5390,printed
5394,printed
5395,printed
5396,printed
5397,printed
5398,printed
5399,printed
5400,printed
5401,printed
5403,printed
5404,printed
5405,printed
5406,printed
5407,printed
5409,printed
5410,printed
5411,printed
5412,printed
5413,printed
5414,printed
5416,printed
5417,printed
5418,printed
5419,printed
5420,printed
5421,printed
5422,printed
5423,printed
5424,printed
5425,printed
5426,printed
5427,printed
5428,printed
5429,printed
5430,printed
5431,printed
5433,printed
5434,printed
5435,printed
5436,printed
5437,printed
5439,printed
5440,printed
5442,printed
5443,printed
5444,printed
5445,printed
5446,printed
5447,printed
5448,printed
5449,printed
5450,printed
5451,printed
5453,printed
5454,printed
5455,printed
5456,printed
5457,printed
5458,printed
5459,printed
5460,printed
5461,printed
5462,printed
5463,printed
5465,printed
5466,printed
5467,printed
5468,printed
5469,printed
5470,printed
5471,printed
5472,printed
5473,printed
5475,printed
5476,printed
5477,printed
5478,printed
5479,printed
5481,printed
5482,printed
5483,printed
5484,printed
5485,printed
5486,printed
5487,printed
5488,printed
5489,printed
5490,printed
5491,printed
5492,printed
5493,printed
5494,printed
5495,printed
5496,printed
5497,printed
5498,printed
5499,printed
5500,printed
5501,printed
5502,printed
5503,printed
5504,printed
5505,printed
5506,printed
5507,printed
5508,printed
5509,printed
5513,printed
5514,printed
5515,printed
5526,printed
5527,printed
5528,printed
5529,printed
5543,printed
5544,printed
5545,printed
5546,printed
5547,printed
5548,printed
5549,printed
5550,printed
5551,printed
5552,printed
5553,printed
5554,printed
5555,printed
5556,printed
5557,printed
5558,printed
5559,printed
5560,printed
5561,printed
5562,printed
5563,printed
5564,printed
5565,printed
5566,printed
5567,printed
5568,printed
5569,printed
5570,printed
5571,printed
5572,printed
5573,printed
5574,printed
5575,printed
5576,printed
5577,printed
5578,printed
5579,printed
5580,printed
5581,printed
5582,printed
5583,printed
5584,printed
5585,printed
5586,printed
5587,printed
5588,printed
5589,printed
5590,printed
5591,printed
5592,printed
5593,printed
5594,printed
5596,printed
5597,printed
5599,printed
5600,printed
5602,printed
5603,printed
5604,printed
5605,printed
5606,printed
5607,printed
5608,printed
5609,printed
5610,printed
5611,printed
5613,printed
5614,printed
5615,printed
5616,printed
5617,printed
5618,printed
5619,printed
5620,printed
5621,printed
5622,printed
5623,printed
5624,printed
5625,printed
5626,printed
5627,printed
5628,printed
5629,printed
5630,printed
5631,printed
5632,printed
5633,printed
5634,printed
5635,printed
5636,printed
5638,printed
5639,printed
5640,printed
5641,printed
5642,printed
5643,printed
5644,printed
5645,printed
5646,printed
5647,printed
5648,printed
5649,printed
5650,printed
5651,printed
5652,printed
5653,printed
5654,printed
5655,printed
5656,printed
5657,printed
5658,printed
5659,printed
5660,printed
5661,printed
5662,printed
5663,printed
5664,printed
5665,printed
5666,printed
5667,printed
5668,printed
5669,printed
5670,printed
5671,printed
5672,printed
5673,printed
5675,printed
5677,printed
5678,printed
5679,printed
5680,printed
5681,printed
5682,printed
5683,printed
5684,printed
5685,printed
5686,printed
5687,printed
5688,printed
5689,printed
5690,printed
5691,printed
5692,printed
5693,printed
5694,printed
5695,printed
5696,printed
5698,printed
5699,printed
5700,printed
5701,printed
5702,printed
5703,printed
5704,printed
5705,printed
5706,printed
5707,printed
5708,printed
5709,printed
5710,printed
5711,printed
5712,printed
5713,printed
5714,printed
5715,printed
5716,printed
5718,printed
5719,printed
5720,printed
5722,printed
5723,printed
5724,printed
5725,printed
5726,printed
5727,printed
5728,printed
5729,printed
5730,printed
5731,printed
5732,printed
5733,printed
5734,printed
5735,printed
5736,printed
5737,printed
5738,printed
5739,printed
5740,printed
5741,printed
5742,printed
5744,printed
5745,printed
5746,printed
5747,printed
5748,printed
5749,printed
5750,printed
5751,printed
5752,printed
5753,printed
5754,printed
5755,printed
5756,printed
5757,printed
5758,printed
5759,printed
5760,printed
5761,printed
5762,printed
5763,printed
5764,printed
5765,printed
5766,printed
5767,printed
5768,printed
5769,printed
5770,printed
5771,printed
5772,printed
5773,printed
5774,printed
5775,printed
5776,printed
5777,printed
5778,printed
5779,printed
5780,printed
5781,printed
5782,printed
5783,printed
5784,printed
5785,printed
5786,printed
5787,printed
5788,printed
5789,printed
5790,printed
5791,printed
5792,printed
5793,printed
5794,printed
5795,printed
5796,printed
5797,printed
5798,printed
5799,printed
5800,printed
5801,printed
5802,printed
5803,printed
5804,printed
5805,printed
5806,printed
5807,printed
5808,printed
5809,printed
5810,printed
5811,printed
5812,printed
5813,printed
5814,printed
5815,printed
5816,printed
5819,printed
5820,printed
5821,printed
5822,printed
5823,printed
5824,printed
5825,printed
5826,printed
5828,printed
5829,printed
5830,printed
5831,printed
5832,printed
5834,printed
5835,printed
5836,printed
5837,printed
5838,printed
5839,printed
5840,printed
5841,printed
5842,printed
5843,printed
5844,printed
5845,printed
5846,printed
5847,printed
5848,printed
5849,printed
5850,printed
5851,printed
5852,printed
5853,printed
5854,printed
5857,printed
5858,printed
5859,printed
5860,printed
5861,printed
5862,printed
5863,printed
5864,printed
5865,printed
5866,printed
5867,printed
5868,printed
5869,printed
5870,printed
5871,printed
5872,printed
5873,printed
5874,printed
5875,printed
5877,printed
5878,printed
5879,printed
5880,printed
5881,printed
5882,printed
5883,printed
5884,printed
5885,printed
5886,printed
5887,printed
5888,printed
5889,printed
5890,printed
5891,printed
5894,printed
5895,printed
5896,printed
5897,printed
5899,printed
5900,printed
5901,printed
5902,printed
5903,printed
5904,printed
5905,printed
5906,printed
5907,printed
5908,printed
5909,printed
5910,printed
5911,printed
5912,printed
5913,printed
5914,printed
5915,printed
5917,printed
5918,printed
5919,printed
5920,printed
5922,printed
5923,printed
5924,printed
5925,printed
5926,printed
5927,printed
5928,printed
5929,printed
5930,printed
5931,printed
5932,printed
5933,printed
5934,printed
5935,printed
5938,printed
5939,printed
5940,printed
5941,printed
5942,printed
5943,printed
5944,printed
5945,printed
5946,printed
5947,printed
5948,printed
5949,printed
5950,printed
5951,printed
5952,printed
5953,printed
5954,printed
5955,printed
5956,printed
5957,printed
5958,printed
5959,printed
5960,printed
5961,printed
5962,printed
5963,printed
5965,printed
5966,printed
5967,printed
5968,printed
5969,printed
5970,printed
5971,printed
5972,printed
5973,printed
5974,printed
5975,printed
5976,printed
5977,printed
5978,printed
5979,printed
5980,printed
5981,printed
5982,printed
5983,printed
5984,printed
5985,printed
5986,printed
5987,printed
5988,printed
5989,printed
5990,printed
5991,printed
5992,printed
5993,printed
5994,printed
5995,printed
5996,printed
5998,printed
5999,printed
6000,printed
6001,printed
6002,printed
6003,printed
6004,printed
6005,printed
6006,printed
6007,printed
6008,printed
6013,printed
6014,printed
6018,printed
6019,printed
6020,printed
6021,printed
6022,printed
6023,printed
6024,printed
6025,printed
6026,printed
6027,printed
6028,printed
6029,printed
6030,printed
6031,printed
6032,printed
6033,printed
6034,printed
6035,printed
6036,printed
6037,printed
6038,printed
6039,printed
6040,printed
6041,printed
6042,printed
6043,printed
6044,printed
6045,printed
6046,printed
6047,printed
6048,printed
6049,printed
6050,printed
6051,printed
6052,printed
6053,printed
6054,printed
6055,printed
6056,printed
6059,printed
6060,printed
6061,printed
6062,printed
6063,printed
6064,printed
6065,printed
6066,printed
6067,printed
6068,printed
6069,printed
6070,printed
6071,printed
6072,printed
6073,printed
6074,printed
6075,printed
6076,printed
6077,printed
6078,printed
6079,printed
6080,printed
6081,printed
6082,printed
6083,printed
6084,printed
6085,printed
6086,printed
6087,printed
6088,printed
6089,printed
6090,printed
6091,printed
6092,printed
6093,printed
6094,printed
6095,printed
6096,printed
6097,printed
6098,printed
6099,printed
6100,printed
6101,printed
6102,printed
6103,printed
6105,printed
6106,printed
6107,printed
6108,printed
6109,printed
6110,printed
6111,printed
6112,printed
6113,printed
6114,printed
6115,printed
6116,printed
6117,printed
6118,printed
6119,printed
6121,printed
6122,printed
6123,printed
6124,printed
6125,printed
6126,printed
6127,printed
6128,printed
6129,printed
6130,printed
6131,printed
6132,printed
6133,printed
6134,printed
6135,printed
6136,printed
6137,printed
6138,printed
6139,printed
6140,printed
6141,printed
6142,printed
6143,printed
6144,printed
6145,printed
6146,printed
6147,printed
6148,printed
6149,printed
6151,printed
6152,printed
6153,printed
6154,printed
6155,printed
6156,printed
6157,printed
6158,printed
6159,printed
6160,printed
6161,printed
6162,printed
6163,printed
6164,printed
6165,printed
6166,printed
6167,printed
6168,printed
6169,printed
6170,printed
6171,printed
6172,printed
6173,printed
6174,printed
6175,printed
6176,printed
6177,printed
6179,printed
6180,printed
6181,printed
6182,printed
6183,printed
6184,printed
6186,printed
6187,printed
6188,printed
6189,printed
6190,printed
6191,printed
6192,printed
6193,printed
6194,printed
6195,printed
6196,printed
6197,printed
6198,printed
6200,printed
6201,printed
6202,printed
6203,printed
6204,printed
6205,printed
6206,printed
6207,printed
6208,printed
6209,printed
6210,printed
6211,printed
6212,printed
6213,printed
6214,printed
6215,printed
6216,printed
6217,printed
6218,printed
6219,printed
6220,printed
6221,printed
6222,printed
6223,printed
6224,printed
6225,printed
6226,printed
6227,printed
6228,printed
6229,printed
6230,printed
6231,printed
6232,printed
6233,printed
6234,printed
6235,printed
6238,printed
6239,printed
6240,printed
6241,printed
6242,printed
6243,printed
6244,printed
6245,printed
6246,printed
6247,printed
6248,printed
6249,printed
6250,printed
6251,printed
6252,printed
6253,printed
6254,printed
6255,printed
6257,printed
6258,printed
6259,printed
6260,printed
6262,printed
6263,printed
6264,printed
6265,printed
6266,printed
6267,printed
6268,printed
6269,printed
6270,printed
6271,printed
6272,printed
6273,printed
6274,printed
6275,printed
6276,printed
6277,printed
6278,printed
6280,printed
6281,printed
6282,printed
6283,printed
6284,printed
6285,printed
6286,printed
6287,printed
6288,printed
6289,printed
6290,printed
6291,printed
6293,printed
6294,printed
6295,printed
6296,printed
6297,printed
6298,printed
6299,printed
6300,printed
6301,printed
6302,printed
6303,printed
6304,printed
6305,printed
6306,printed
6307,printed
6308,printed
6309,printed
6310,printed
6311,printed
6312,printed
6314,printed
6315,printed
6316,printed
6317,printed
6318,printed
6319,printed
6320,printed
6321,printed
6322,printed
6323,printed
6324,printed
6325,printed
6326,printed
6327,printed
6328,printed
6329,printed
6330,printed
6331,printed
6332,printed
6333,printed
6334,printed
6335,printed
6336,printed
6337,printed
6338,printed
6339,printed
6340,printed
6341,printed
6342,printed
6343,printed
6344,printed
6345,printed
6346,printed
6347,printed
6348,printed
6349,printed
6350,printed
6351,printed
6352,printed
6353,printed
6354,printed
