fm_id,RecordID,project,import
6355,9992259740301488,1,Imported from 20230728_113119_md_ingest_alma_lecture_notes.xml
6356,9992259742801488,1,Imported from 20230728_113119_md_ingest_alma_lecture_notes.xml
6357,9992259762901488,1,Imported from 20230728_113119_md_ingest_alma_lecture_notes.xml
6358,9992260067701488,1,Imported from 20230728_113119_md_ingest_alma_lecture_notes.xml
6359,9992260073401488,1,Imported from 20230728_113119_md_ingest_alma_lecture_notes.xml
6360,9992260279201488,1,Imported from 20230728_113119_md_ingest_alma_lecture_notes.xml
6361,9992260288901488,1,Imported from 20230728_113119_md_ingest_alma_lecture_notes.xml
6362,9992260295001488,1,Imported from 20230728_113119_md_ingest_alma_lecture_notes.xml
6363,9992260297901488,1,Imported from 20230728_113119_md_ingest_alma_lecture_notes.xml
6364,9992260790201488,1,Imported from 20230728_113119_md_ingest_alma_lecture_notes.xml
6365,9992260794101488,1,Imported from 20230728_113119_md_ingest_alma_lecture_notes.xml
6366,9992260798501488,1,Imported from 20230728_113119_md_ingest_alma_lecture_notes.xml
6367,9992260801001488,1,Imported from 20230728_113119_md_ingest_alma_lecture_notes.xml
6368,9992260904601488,1,Imported from 20230728_113119_md_ingest_alma_lecture_notes.xml
6369,9992260909301488,1,Imported from 20230728_113119_md_ingest_alma_lecture_notes.xml
6370,9992265092101488,1,Imported from 20230728_113119_md_ingest_alma_lecture_notes.xml
6371,9992265095501488,1,Imported from 20230728_113119_md_ingest_alma_lecture_notes.xml
6372,9992265202401488,1,Imported from 20230728_113119_md_ingest_alma_lecture_notes.xml
6373,9992270688501488,1,Imported from 20230728_113119_md_ingest_alma_lecture_notes.xml
6374,9992271601801488,1,Imported from 20230728_113119_md_ingest_alma_lecture_notes.xml
6375,9992271603901488,1,Imported from 20230728_113119_md_ingest_alma_lecture_notes.xml
6376,9992271890801488,1,Imported from 20230728_113119_md_ingest_alma_lecture_notes.xml
6377,9992271895301488,1,Imported from 20230728_113119_md_ingest_alma_lecture_notes.xml
6378,9992272707601488,1,Imported from 20230728_113119_md_ingest_alma_lecture_notes.xml
6379,9992272987701488,1,Imported from 20230728_113119_md_ingest_alma_lecture_notes.xml
6380,9992272991501488,1,Imported from 20230728_113119_md_ingest_alma_lecture_notes.xml
6381,9992272998501488,1,Imported from 20230728_113119_md_ingest_alma_lecture_notes.xml
6382,9992273290201488,1,Imported from 20230728_113119_md_ingest_alma_lecture_notes.xml
6383,9992274354001488,1,Imported from 20230728_113119_md_ingest_alma_lecture_notes.xml
6384,9992274362101488,1,Imported from 20230728_113119_md_ingest_alma_lecture_notes.xml
6385,9992274371401488,1,Imported from 20230728_113119_md_ingest_alma_lecture_notes.xml
6386,9992274373801488,1,Imported from 20230728_113119_md_ingest_alma_lecture_notes.xml
6387,9992274409201488,1,Imported from 20230728_113119_md_ingest_alma_lecture_notes.xml
6388,9992274445301488,1,Imported from 20230728_113119_md_ingest_alma_lecture_notes.xml
6389,9992274448601488,1,Imported from 20230728_113119_md_ingest_alma_lecture_notes.xml
6390,9992274455601488,1,Imported from 20230728_113119_md_ingest_alma_lecture_notes.xml
6391,9992274990501488,1,Imported from 20230728_113119_md_ingest_alma_lecture_notes.xml
6392,9992275076501488,1,Imported from 20230728_113119_md_ingest_alma_lecture_notes.xml
6393,9992275208101488,1,Imported from 20230728_113119_md_ingest_alma_lecture_notes.xml
6394,9992276573901488,1,Imported from 20230728_113119_md_ingest_alma_lecture_notes.xml
6395,9992276575601488,1,Imported from 20230728_113119_md_ingest_alma_lecture_notes.xml
6396,9992276576501488,1,Imported from 20230728_113119_md_ingest_alma_lecture_notes.xml
6397,9992276579101488,1,Imported from 20230728_113119_md_ingest_alma_lecture_notes.xml
6398,9992276677401488,1,Imported from 20230728_113119_md_ingest_alma_lecture_notes.xml
6399,9992276679901488,1,Imported from 20230728_113119_md_ingest_alma_lecture_notes.xml
6400,9992276681901488,1,Imported from 20230728_113119_md_ingest_alma_lecture_notes.xml
6401,9992276735001488,1,Imported from 20230728_113119_md_ingest_alma_lecture_notes.xml
6402,9992276739201488,1,Imported from 20230728_113119_md_ingest_alma_lecture_notes.xml
6403,9992276749601488,1,Imported from 20230728_113119_md_ingest_alma_lecture_notes.xml
6404,9992282003601488,1,Imported from 20230728_113119_md_ingest_alma_lecture_notes.xml
6405,9992337086601488,1,Imported from 20230728_113119_md_ingest_alma_lecture_notes.xml
6406,9992345588901488,1,Imported from 20230728_113119_md_ingest_alma_lecture_notes.xml
6407,9992390707301488,1,Imported from 20230728_113119_md_ingest_alma_lecture_notes.xml
6408,9992408054301488,1,Imported from 20230728_113119_md_ingest_alma_lecture_notes.xml
6409,9992423306701488,1,Imported from 20230728_113119_md_ingest_alma_lecture_notes.xml
6410,9992467506901488,1,Imported from 20230728_113119_md_ingest_alma_lecture_notes.xml
6411,9992473708801488,1,Imported from 20230728_113119_md_ingest_alma_lecture_notes.xml
6412,9992475809401488,1,Imported from 20230728_113119_md_ingest_alma_lecture_notes.xml
6413,9992549499201488,1,Imported from 20230728_113119_md_ingest_alma_lecture_notes.xml
6414,9992549879801488,1,Imported from 20230728_113119_md_ingest_alma_lecture_notes.xml
6415,9992549884401488,1,Imported from 20230728_113119_md_ingest_alma_lecture_notes.xml
6416,9992549892801488,1,Imported from 20230728_113119_md_ingest_alma_lecture_notes.xml
6417,9992550090001488,1,Imported from 20230728_113119_md_ingest_alma_lecture_notes.xml
6418,9992551509201488,1,Imported from 20230728_113119_md_ingest_alma_lecture_notes.xml
6419,9992552106201488,1,Imported from 20230728_113119_md_ingest_alma_lecture_notes.xml
6420,9992552206501488,1,Imported from 20230728_113119_md_ingest_alma_lecture_notes.xml
6421,9992553310301488,1,Imported from 20230728_113119_md_ingest_alma_lecture_notes.xml
6422,9992560289301488,1,Imported from 20230728_113119_md_ingest_alma_lecture_notes.xml
6423,9992560779401488,1,Imported from 20230728_113119_md_ingest_alma_lecture_notes.xml
6424,9992560883901488,1,Imported from 20230728_113119_md_ingest_alma_lecture_notes.xml
6425,9992565509601488,1,Imported from 20230728_113119_md_ingest_alma_lecture_notes.xml
6426,9992573109501488,1,Imported from 20230728_113119_md_ingest_alma_lecture_notes.xml
6427,9992598304101488,1,Imported from 20230728_113119_md_ingest_alma_lecture_notes.xml
6428,9992628399301488,1,Imported from 20230728_113119_md_ingest_alma_lecture_notes.xml
6429,9992685306901488,1,Imported from 20230728_113119_md_ingest_alma_lecture_notes.xml
6430,9992686809401488,1,Imported from 20230728_113119_md_ingest_alma_lecture_notes.xml
6431,9992687696801488,1,Imported from 20230728_113119_md_ingest_alma_lecture_notes.xml
6432,9992688209301488,1,Imported from 20230728_113119_md_ingest_alma_lecture_notes.xml
6433,9992688508901488,1,Imported from 20230728_113119_md_ingest_alma_lecture_notes.xml
6434,9992690599001488,1,Imported from 20230728_113119_md_ingest_alma_lecture_notes.xml
6435,9992700003501488,1,Imported from 20230728_113119_md_ingest_alma_lecture_notes.xml
6436,9992712692401488,1,Imported from 20230728_113119_md_ingest_alma_lecture_notes.xml
6437,9992721407401488,1,Imported from 20230728_113119_md_ingest_alma_lecture_notes.xml
6438,9992722095801488,1,Imported from 20230728_113119_md_ingest_alma_lecture_notes.xml
6439,9992722096001488,1,Imported from 20230728_113119_md_ingest_alma_lecture_notes.xml
6440,9992722096101488,1,Imported from 20230728_113119_md_ingest_alma_lecture_notes.xml
6441,9992722098101488,1,Imported from 20230728_113119_md_ingest_alma_lecture_notes.xml
6442,9992729892801488,1,Imported from 20230728_113119_md_ingest_alma_lecture_notes.xml
6443,9992741901801488,1,Imported from 20230728_113119_md_ingest_alma_lecture_notes.xml
6444,9993170809301488,1,Imported from 20230728_113119_md_ingest_alma_lecture_notes.xml
6445,9993171808501488,1,Imported from 20230728_113119_md_ingest_alma_lecture_notes.xml
6446,9993171809901488,1,Imported from 20230728_113119_md_ingest_alma_lecture_notes.xml
6447,9993173608101488,1,Imported from 20230728_113119_md_ingest_alma_lecture_notes.xml
6448,9993173707901488,1,Imported from 20230728_113119_md_ingest_alma_lecture_notes.xml
6449,9993173708701488,1,Imported from 20230728_113119_md_ingest_alma_lecture_notes.xml
6450,9993173805301488,1,Imported from 20230728_113119_md_ingest_alma_lecture_notes.xml
6451,9993173907101488,1,Imported from 20230728_113119_md_ingest_alma_lecture_notes.xml
6452,9993458805601488,1,Imported from 20230728_113119_md_ingest_alma_lecture_notes.xml
6453,9993471610201488,1,Imported from 20230728_113119_md_ingest_alma_lecture_notes.xml
6454,998150740101488,1,Imported from 20230728_113119_md_ingest_alma_lecture_notes.xml
6455,998151430101488,1,Imported from 20230728_113119_md_ingest_alma_lecture_notes.xml
6456,998161350101488,1,Imported from 20230728_113119_md_ingest_alma_lecture_notes.xml
6457,998296080101488,1,Imported from 20230728_113119_md_ingest_alma_lecture_notes.xml
6458,998409340101488,1,Imported from 20230728_113119_md_ingest_alma_lecture_notes.xml
6459,9911058340101488,1,Imported from 20230728_113119_md_ingest_alma_lecture_notes.xml
6460,9914031280101488,1,Imported from 20230728_113119_md_ingest_alma_lecture_notes.xml
6461,9915089830101488,1,Imported from 20230728_113119_md_ingest_alma_lecture_notes.xml
6462,9918340830101488,1,Imported from 20230728_113119_md_ingest_alma_lecture_notes.xml
6463,9922121260101488,1,Imported from 20230728_113119_md_ingest_alma_lecture_notes.xml
6464,9922526250101488,1,Imported from 20230728_113119_md_ingest_alma_lecture_notes.xml
6465,9922906810101488,1,Imported from 20230728_113119_md_ingest_alma_lecture_notes.xml
6466,9922947680101488,1,Imported from 20230728_113119_md_ingest_alma_lecture_notes.xml
6467,9927563330101488,1,Imported from 20230728_113119_md_ingest_alma_lecture_notes.xml
6468,9932447570101488,1,Imported from 20230728_113119_md_ingest_alma_lecture_notes.xml
6469,9932490870101488,1,Imported from 20230728_113119_md_ingest_alma_lecture_notes.xml
6470,9937199870101488,1,Imported from 20230728_113119_md_ingest_alma_lecture_notes.xml
6471,9974819880101488,1,Imported from 20230728_113119_md_ingest_alma_lecture_notes.xml
6472,9977253760101488,1,Imported from 20230728_113119_md_ingest_alma_lecture_notes.xml
6473,9977254090101488,1,Imported from 20230728_113119_md_ingest_alma_lecture_notes.xml
6474,9977262400101488,1,Imported from 20230728_113119_md_ingest_alma_lecture_notes.xml
6475,9977262940101488,1,Imported from 20230728_113119_md_ingest_alma_lecture_notes.xml
6476,9977263370101488,1,Imported from 20230728_113119_md_ingest_alma_lecture_notes.xml
6477,9977263640101488,1,Imported from 20230728_113119_md_ingest_alma_lecture_notes.xml
6478,9977265180101488,1,Imported from 20230728_113119_md_ingest_alma_lecture_notes.xml
6479,9977265700101488,1,Imported from 20230728_113119_md_ingest_alma_lecture_notes.xml
6480,9977266570101488,1,Imported from 20230728_113119_md_ingest_alma_lecture_notes.xml
6481,9977279820101488,1,Imported from 20230728_113119_md_ingest_alma_lecture_notes.xml
6482,9977279980101488,1,Imported from 20230728_113119_md_ingest_alma_lecture_notes.xml
6483,9977310530101488,1,Imported from 20230728_113119_md_ingest_alma_lecture_notes.xml
6484,9977312870101488,1,Imported from 20230728_113119_md_ingest_alma_lecture_notes.xml
6485,9977313230101488,1,Imported from 20230728_113119_md_ingest_alma_lecture_notes.xml
6486,9977344860101488,1,Imported from 20230728_113119_md_ingest_alma_lecture_notes.xml
6487,9977348230101488,1,Imported from 20230728_113119_md_ingest_alma_lecture_notes.xml
6488,9977348420101488,1,Imported from 20230728_113119_md_ingest_alma_lecture_notes.xml
6489,9977372040101488,1,Imported from 20230728_113119_md_ingest_alma_lecture_notes.xml
6490,9977373610101488,1,Imported from 20230728_113119_md_ingest_alma_lecture_notes.xml
6491,9977402560101488,1,Imported from 20230728_113119_md_ingest_alma_lecture_notes.xml
6492,9977403690101488,1,Imported from 20230728_113119_md_ingest_alma_lecture_notes.xml
6493,9977413430101488,1,Imported from 20230728_113119_md_ingest_alma_lecture_notes.xml
6494,9977426430101488,1,Imported from 20230728_113119_md_ingest_alma_lecture_notes.xml
6495,9977438160101488,1,Imported from 20230728_113119_md_ingest_alma_lecture_notes.xml
6496,9977438360101488,1,Imported from 20230728_113119_md_ingest_alma_lecture_notes.xml
6497,9977440210101488,1,Imported from 20230728_113119_md_ingest_alma_lecture_notes.xml
6498,9977449110101488,1,Imported from 20230728_113119_md_ingest_alma_lecture_notes.xml
6499,9977468650101488,1,Imported from 20230728_113119_md_ingest_alma_lecture_notes.xml
6500,9977481560101488,1,Imported from 20230728_113119_md_ingest_alma_lecture_notes.xml
6501,9977504050101488,1,Imported from 20230728_113119_md_ingest_alma_lecture_notes.xml
6502,9977521810101488,1,Imported from 20230728_113119_md_ingest_alma_lecture_notes.xml
6503,9977549140101488,1,Imported from 20230728_113119_md_ingest_alma_lecture_notes.xml
6504,9977567710101488,1,Imported from 20230728_113119_md_ingest_alma_lecture_notes.xml
6505,9977590330101488,1,Imported from 20230728_113119_md_ingest_alma_lecture_notes.xml
6506,9977608360101488,1,Imported from 20230728_113119_md_ingest_alma_lecture_notes.xml
6507,9977620970101488,1,Imported from 20230728_113119_md_ingest_alma_lecture_notes.xml
6508,9977638180101488,1,Imported from 20230728_113119_md_ingest_alma_lecture_notes.xml
6509,9977654930101488,1,Imported from 20230728_113119_md_ingest_alma_lecture_notes.xml
6510,9977672720101488,1,Imported from 20230728_113119_md_ingest_alma_lecture_notes.xml
6511,9977675380101488,1,Imported from 20230728_113119_md_ingest_alma_lecture_notes.xml
6512,9977686300101488,1,Imported from 20230728_113119_md_ingest_alma_lecture_notes.xml
6513,9977689530101488,1,Imported from 20230728_113119_md_ingest_alma_lecture_notes.xml
6514,9977710810101488,1,Imported from 20230728_113119_md_ingest_alma_lecture_notes.xml
6515,9977720580101488,1,Imported from 20230728_113119_md_ingest_alma_lecture_notes.xml
6516,9977731120101488,1,Imported from 20230728_113119_md_ingest_alma_lecture_notes.xml
6517,9977739730101488,1,Imported from 20230728_113119_md_ingest_alma_lecture_notes.xml
6518,9977764740101488,1,Imported from 20230728_113119_md_ingest_alma_lecture_notes.xml
6519,9977783060101488,1,Imported from 20230728_113119_md_ingest_alma_lecture_notes.xml
6520,9977786480101488,1,Imported from 20230728_113119_md_ingest_alma_lecture_notes.xml
6521,9977803120101488,1,Imported from 20230728_113119_md_ingest_alma_lecture_notes.xml
6522,9978955270101488,1,Imported from 20230728_113119_md_ingest_alma_lecture_notes.xml
6523,9978968940101488,1,Imported from 20230728_113119_md_ingest_alma_lecture_notes.xml
6524,9978977230101488,1,Imported from 20230728_113119_md_ingest_alma_lecture_notes.xml
6525,9978981200101488,1,Imported from 20230728_113119_md_ingest_alma_lecture_notes.xml
6526,9978990300101488,1,Imported from 20230728_113119_md_ingest_alma_lecture_notes.xml
6527,9979601780101488,1,Imported from 20230728_113119_md_ingest_alma_lecture_notes.xml
6528,9979740960101488,1,Imported from 20230728_113119_md_ingest_alma_lecture_notes.xml
6529,9979742740101488,1,Imported from 20230728_113119_md_ingest_alma_lecture_notes.xml
6530,9979901050101488,1,Imported from 20230728_113119_md_ingest_alma_lecture_notes.xml
6531,9979902360101488,1,Imported from 20230728_113119_md_ingest_alma_lecture_notes.xml
6532,9979911060101488,1,Imported from 20230728_113119_md_ingest_alma_lecture_notes.xml
6533,9979915920101488,1,Imported from 20230728_113119_md_ingest_alma_lecture_notes.xml
6534,9979944780101488,1,Imported from 20230728_113119_md_ingest_alma_lecture_notes.xml
6535,9979964850101488,1,Imported from 20230728_113119_md_ingest_alma_lecture_notes.xml
6536,9979967470101488,1,Imported from 20230728_113119_md_ingest_alma_lecture_notes.xml
6537,9979974500101488,1,Imported from 20230728_113119_md_ingest_alma_lecture_notes.xml
6538,9979975230101488,1,Imported from 20230728_113119_md_ingest_alma_lecture_notes.xml
6539,9979976860101488,1,Imported from 20230728_113119_md_ingest_alma_lecture_notes.xml
6540,9979977170101488,1,Imported from 20230728_113119_md_ingest_alma_lecture_notes.xml
6541,9979977270101488,1,Imported from 20230728_113119_md_ingest_alma_lecture_notes.xml
6542,9979979380101488,1,Imported from 20230728_113119_md_ingest_alma_lecture_notes.xml
6543,9979980370101488,1,Imported from 20230728_113119_md_ingest_alma_lecture_notes.xml
6544,9979988900101488,1,Imported from 20230728_113119_md_ingest_alma_lecture_notes.xml
6545,9979991410101488,1,Imported from 20230728_113119_md_ingest_alma_lecture_notes.xml
6546,9979994270101488,1,Imported from 20230728_113119_md_ingest_alma_lecture_notes.xml
6547,9979996150101488,1,Imported from 20230728_113119_md_ingest_alma_lecture_notes.xml
6548,9980006270101488,1,Imported from 20230728_113119_md_ingest_alma_lecture_notes.xml
6549,9980008520101488,1,Imported from 20230728_113119_md_ingest_alma_lecture_notes.xml
6550,9980010920101488,1,Imported from 20230728_113119_md_ingest_alma_lecture_notes.xml
6551,9980013690101488,1,Imported from 20230728_113119_md_ingest_alma_lecture_notes.xml
6552,9980015510101488,1,Imported from 20230728_113119_md_ingest_alma_lecture_notes.xml
6553,9980025940101488,1,Imported from 20230728_113119_md_ingest_alma_lecture_notes.xml
6554,9992225666501488,1,Imported from 20230728_113119_md_ingest_alma_lecture_notes.xml
6555,9992225787101488,1,Imported from 20230728_113119_md_ingest_alma_lecture_notes.xml
6556,9992225788701488,1,Imported from 20230728_113119_md_ingest_alma_lecture_notes.xml
6557,9992225794601488,1,Imported from 20230728_113119_md_ingest_alma_lecture_notes.xml
6558,9992227193601488,1,Imported from 20230728_113119_md_ingest_alma_lecture_notes.xml
6559,9992227501701488,1,Imported from 20230728_113119_md_ingest_alma_lecture_notes.xml
6560,9992228007701488,1,Imported from 20230728_113119_md_ingest_alma_lecture_notes.xml
6561,9992228088701488,1,Imported from 20230728_113119_md_ingest_alma_lecture_notes.xml
6562,9992228090401488,1,Imported from 20230728_113119_md_ingest_alma_lecture_notes.xml
6563,9992228103501488,1,Imported from 20230728_113119_md_ingest_alma_lecture_notes.xml
6564,9992228433301488,1,Imported from 20230728_113119_md_ingest_alma_lecture_notes.xml
6565,9992228435401488,1,Imported from 20230728_113119_md_ingest_alma_lecture_notes.xml
6566,9992228440101488,1,Imported from 20230728_113119_md_ingest_alma_lecture_notes.xml
6567,9992228503301488,1,Imported from 20230728_113119_md_ingest_alma_lecture_notes.xml
6568,9992228573401488,1,Imported from 20230728_113119_md_ingest_alma_lecture_notes.xml
6569,9992228576901488,1,Imported from 20230728_113119_md_ingest_alma_lecture_notes.xml
6570,9992229308001488,1,Imported from 20230728_113119_md_ingest_alma_lecture_notes.xml
6571,9992229309201488,1,Imported from 20230728_113119_md_ingest_alma_lecture_notes.xml
6572,9992229609401488,1,Imported from 20230728_113119_md_ingest_alma_lecture_notes.xml
6573,9992229610001488,1,Imported from 20230728_113119_md_ingest_alma_lecture_notes.xml
6574,9992238364601488,1,Imported from 20230728_113119_md_ingest_alma_lecture_notes.xml
6575,9992238550601488,1,Imported from 20230728_113119_md_ingest_alma_lecture_notes.xml
6576,9992238865401488,1,Imported from 20230728_113119_md_ingest_alma_lecture_notes.xml
6577,9992238872201488,1,Imported from 20230728_113119_md_ingest_alma_lecture_notes.xml
6578,9992238965901488,1,Imported from 20230728_113119_md_ingest_alma_lecture_notes.xml
6579,9992238992201488,1,Imported from 20230728_113119_md_ingest_alma_lecture_notes.xml
6580,9992238994801488,1,Imported from 20230728_113119_md_ingest_alma_lecture_notes.xml
6581,9992239103601488,1,Imported from 20230728_113119_md_ingest_alma_lecture_notes.xml
6582,9992239410501488,1,Imported from 20230728_113119_md_ingest_alma_lecture_notes.xml
6583,9992239418601488,1,Imported from 20230728_113119_md_ingest_alma_lecture_notes.xml
6584,9992239484301488,1,Imported from 20230728_113119_md_ingest_alma_lecture_notes.xml
6585,9992239494301488,1,Imported from 20230728_113119_md_ingest_alma_lecture_notes.xml
6586,9992239531301488,1,Imported from 20230728_113119_md_ingest_alma_lecture_notes.xml
6587,9992239580201488,1,Imported from 20230728_113119_md_ingest_alma_lecture_notes.xml
6588,9992241006701488,1,Imported from 20230728_113119_md_ingest_alma_lecture_notes.xml
6589,9992241172901488,1,Imported from 20230728_113119_md_ingest_alma_lecture_notes.xml
6590,9992241185901488,1,Imported from 20230728_113119_md_ingest_alma_lecture_notes.xml
6591,9992241201701488,1,Imported from 20230728_113119_md_ingest_alma_lecture_notes.xml
6592,9992241248401488,1,Imported from 20230728_113119_md_ingest_alma_lecture_notes.xml
6593,9992241391701488,1,Imported from 20230728_113119_md_ingest_alma_lecture_notes.xml
6594,9992241898401488,1,Imported from 20230728_113119_md_ingest_alma_lecture_notes.xml
6595,9992242003001488,1,Imported from 20230728_113119_md_ingest_alma_lecture_notes.xml
6596,9992243101701488,1,Imported from 20230728_113119_md_ingest_alma_lecture_notes.xml
6597,9992246345201488,1,Imported from 20230728_113119_md_ingest_alma_lecture_notes.xml
6598,9992246369501488,1,Imported from 20230728_113119_md_ingest_alma_lecture_notes.xml
6599,9992246804101488,1,Imported from 20230728_113119_md_ingest_alma_lecture_notes.xml
6600,9992246897201488,1,Imported from 20230728_113119_md_ingest_alma_lecture_notes.xml
6601,9992247586101488,1,Imported from 20230728_113119_md_ingest_alma_lecture_notes.xml
6602,9992248697801488,1,Imported from 20230728_113119_md_ingest_alma_lecture_notes.xml
6603,9992249305001488,1,Imported from 20230728_113119_md_ingest_alma_lecture_notes.xml
6604,9992249505501488,1,Imported from 20230728_113119_md_ingest_alma_lecture_notes.xml
6605,9992249564201488,1,Imported from 20230728_113119_md_ingest_alma_lecture_notes.xml
6606,9992249573501488,1,Imported from 20230728_113119_md_ingest_alma_lecture_notes.xml
6607,9992249588801488,1,Imported from 20230728_113119_md_ingest_alma_lecture_notes.xml
6608,9992249767001488,1,Imported from 20230728_113119_md_ingest_alma_lecture_notes.xml
6609,9992249770101488,1,Imported from 20230728_113119_md_ingest_alma_lecture_notes.xml
6610,9992249994601488,1,Imported from 20230728_113119_md_ingest_alma_lecture_notes.xml
6611,9992250087401488,1,Imported from 20230728_113119_md_ingest_alma_lecture_notes.xml
6612,9992250096001488,1,Imported from 20230728_113119_md_ingest_alma_lecture_notes.xml
6613,9992251204101488,1,Imported from 20230728_113119_md_ingest_alma_lecture_notes.xml
6614,9992251595401488,1,Imported from 20230728_113119_md_ingest_alma_lecture_notes.xml
6615,9992251605601488,1,Imported from 20230728_113119_md_ingest_alma_lecture_notes.xml
6616,9992251672801488,1,Imported from 20230728_113119_md_ingest_alma_lecture_notes.xml
6617,9992251687801488,1,Imported from 20230728_113119_md_ingest_alma_lecture_notes.xml
6618,9992252579401488,1,Imported from 20230728_113119_md_ingest_alma_lecture_notes.xml
6619,9992252883301488,1,Imported from 20230728_113119_md_ingest_alma_lecture_notes.xml
6620,9992253682801488,1,Imported from 20230728_113119_md_ingest_alma_lecture_notes.xml
6621,9992253783001488,1,Imported from 20230728_113119_md_ingest_alma_lecture_notes.xml
6622,9992254699401488,1,Imported from 20230728_113119_md_ingest_alma_lecture_notes.xml
6623,9992255099201488,1,Imported from 20230728_113119_md_ingest_alma_lecture_notes.xml
6624,9992255197101488,1,Imported from 20230728_113119_md_ingest_alma_lecture_notes.xml
6625,9992256102601488,1,Imported from 20230728_113119_md_ingest_alma_lecture_notes.xml
6626,9992256589701488,1,Imported from 20230728_113119_md_ingest_alma_lecture_notes.xml
6627,9992256608701488,1,Imported from 20230728_113119_md_ingest_alma_lecture_notes.xml
6628,9992256704701488,1,Imported from 20230728_113119_md_ingest_alma_lecture_notes.xml
6629,9992257274001488,1,Imported from 20230728_113119_md_ingest_alma_lecture_notes.xml
6630,9992257382701488,1,Imported from 20230728_113119_md_ingest_alma_lecture_notes.xml
6631,9992257388201488,1,Imported from 20230728_113119_md_ingest_alma_lecture_notes.xml
6632,9992258093501488,1,Imported from 20230728_113119_md_ingest_alma_lecture_notes.xml
6633,9992258097401488,1,Imported from 20230728_113119_md_ingest_alma_lecture_notes.xml
6634,9992258099101488,1,Imported from 20230728_113119_md_ingest_alma_lecture_notes.xml
6635,9992258465901488,1,Imported from 20230728_113119_md_ingest_alma_lecture_notes.xml
6636,9992258476501488,1,Imported from 20230728_113119_md_ingest_alma_lecture_notes.xml
6637,9992258483101488,1,Imported from 20230728_113119_md_ingest_alma_lecture_notes.xml
6638,9992258683201488,1,Imported from 20230728_113119_md_ingest_alma_lecture_notes.xml
6639,9992258806901488,1,Imported from 20230728_113119_md_ingest_alma_lecture_notes.xml
6640,9992258981901488,1,Imported from 20230728_113119_md_ingest_alma_lecture_notes.xml
6641,9992258984001488,1,Imported from 20230728_113119_md_ingest_alma_lecture_notes.xml
6642,9992258985601488,1,Imported from 20230728_113119_md_ingest_alma_lecture_notes.xml
6643,9992258987101488,1,Imported from 20230728_113119_md_ingest_alma_lecture_notes.xml
6644,9992259055901488,1,Imported from 20230728_113119_md_ingest_alma_lecture_notes.xml
6645,9992259064001488,1,Imported from 20230728_113119_md_ingest_alma_lecture_notes.xml
6646,9992259094501488,1,Imported from 20230728_113119_md_ingest_alma_lecture_notes.xml
6647,9992259306201488,1,Imported from 20230728_113119_md_ingest_alma_lecture_notes.xml
6648,9992259486801488,1,Imported from 20230728_113119_md_ingest_alma_lecture_notes.xml
6649,9992259488401488,1,Imported from 20230728_113119_md_ingest_alma_lecture_notes.xml
6650,9992259659001488,1,Imported from 20230728_113119_md_ingest_alma_lecture_notes.xml
6651,9992259680001488,1,Imported from 20230728_113119_md_ingest_alma_lecture_notes.xml
6652,9992259682901488,1,Imported from 20230728_113119_md_ingest_alma_lecture_notes.xml
6653,9992259739501488,1,Imported from 20230728_113119_md_ingest_alma_lecture_notes.xml
6654,9980044110101488,1,Imported from 20230728_113119_md_ingest_alma_lecture_notes.xml
6655,9980047390101488,1,Imported from 20230728_113119_md_ingest_alma_lecture_notes.xml
6656,9980058550101488,1,Imported from 20230728_113119_md_ingest_alma_lecture_notes.xml
6657,9980062350101488,1,Imported from 20230728_113119_md_ingest_alma_lecture_notes.xml
6658,9980073640101488,1,Imported from 20230728_113119_md_ingest_alma_lecture_notes.xml
6659,9980078320101488,1,Imported from 20230728_113119_md_ingest_alma_lecture_notes.xml
6660,9980080650101488,1,Imported from 20230728_113119_md_ingest_alma_lecture_notes.xml
6661,9980094080101488,1,Imported from 20230728_113119_md_ingest_alma_lecture_notes.xml
6662,9980108010101488,1,Imported from 20230728_113119_md_ingest_alma_lecture_notes.xml
6663,9980112510101488,1,Imported from 20230728_113119_md_ingest_alma_lecture_notes.xml
6664,9980116750101488,1,Imported from 20230728_113119_md_ingest_alma_lecture_notes.xml
6665,9980119940101488,1,Imported from 20230728_113119_md_ingest_alma_lecture_notes.xml
6666,9980130210101488,1,Imported from 20230728_113119_md_ingest_alma_lecture_notes.xml
6667,9980131450101488,1,Imported from 20230728_113119_md_ingest_alma_lecture_notes.xml
6668,9980133620101488,1,Imported from 20230728_113119_md_ingest_alma_lecture_notes.xml
6669,9980135760101488,1,Imported from 20230728_113119_md_ingest_alma_lecture_notes.xml
6670,9980147460101488,1,Imported from 20230728_113119_md_ingest_alma_lecture_notes.xml
6671,9980151480101488,1,Imported from 20230728_113119_md_ingest_alma_lecture_notes.xml
6672,9980167940101488,1,Imported from 20230728_113119_md_ingest_alma_lecture_notes.xml
6673,9980179140101488,1,Imported from 20230728_113119_md_ingest_alma_lecture_notes.xml
6674,9980180330101488,1,Imported from 20230728_113119_md_ingest_alma_lecture_notes.xml
6675,9980184590101488,1,Imported from 20230728_113119_md_ingest_alma_lecture_notes.xml
6676,9980204150101488,1,Imported from 20230728_113119_md_ingest_alma_lecture_notes.xml
6677,9980205280101488,1,Imported from 20230728_113119_md_ingest_alma_lecture_notes.xml
6678,9980783110101488,1,Imported from 20230728_113119_md_ingest_alma_lecture_notes.xml
6679,9981080110101488,1,Imported from 20230728_113119_md_ingest_alma_lecture_notes.xml
6680,9981118750101488,1,Imported from 20230728_113119_md_ingest_alma_lecture_notes.xml
6681,9981133530101488,1,Imported from 20230728_113119_md_ingest_alma_lecture_notes.xml
6682,9982425400101488,1,Imported from 20230728_113119_md_ingest_alma_lecture_notes.xml
6683,9982428510101488,1,Imported from 20230728_113119_md_ingest_alma_lecture_notes.xml
6684,9982442420101488,1,Imported from 20230728_113119_md_ingest_alma_lecture_notes.xml
6685,9982443260101488,1,Imported from 20230728_113119_md_ingest_alma_lecture_notes.xml
6686,9982444200101488,1,Imported from 20230728_113119_md_ingest_alma_lecture_notes.xml
6687,9982444800101488,1,Imported from 20230728_113119_md_ingest_alma_lecture_notes.xml
6688,9982445190101488,1,Imported from 20230728_113119_md_ingest_alma_lecture_notes.xml
6689,9982446350101488,1,Imported from 20230728_113119_md_ingest_alma_lecture_notes.xml
6690,9982447290101488,1,Imported from 20230728_113119_md_ingest_alma_lecture_notes.xml
6691,9982448600101488,1,Imported from 20230728_113119_md_ingest_alma_lecture_notes.xml
6692,9982450100101488,1,Imported from 20230728_113119_md_ingest_alma_lecture_notes.xml
6693,9982451950101488,1,Imported from 20230728_113119_md_ingest_alma_lecture_notes.xml
6694,9982453500101488,1,Imported from 20230728_113119_md_ingest_alma_lecture_notes.xml
6695,9982454010101488,1,Imported from 20230728_113119_md_ingest_alma_lecture_notes.xml
6696,9982460260101488,1,Imported from 20230728_113119_md_ingest_alma_lecture_notes.xml
6697,9982461000101488,1,Imported from 20230728_113119_md_ingest_alma_lecture_notes.xml
6698,9982462360101488,1,Imported from 20230728_113119_md_ingest_alma_lecture_notes.xml
6699,9982465140101488,1,Imported from 20230728_113119_md_ingest_alma_lecture_notes.xml
6700,9982466190101488,1,Imported from 20230728_113119_md_ingest_alma_lecture_notes.xml
6701,9982467090101488,1,Imported from 20230728_113119_md_ingest_alma_lecture_notes.xml
6702,9982468040101488,1,Imported from 20230728_113119_md_ingest_alma_lecture_notes.xml
6703,9982481200101488,1,Imported from 20230728_113119_md_ingest_alma_lecture_notes.xml
6704,9982483310101488,1,Imported from 20230728_113119_md_ingest_alma_lecture_notes.xml
6705,9982485500101488,1,Imported from 20230728_113119_md_ingest_alma_lecture_notes.xml
6706,9982488970101488,1,Imported from 20230728_113119_md_ingest_alma_lecture_notes.xml
6707,9983088940101488,1,Imported from 20230728_113119_md_ingest_alma_lecture_notes.xml
6708,9983089150101488,1,Imported from 20230728_113119_md_ingest_alma_lecture_notes.xml
6709,9983091750101488,1,Imported from 20230728_113119_md_ingest_alma_lecture_notes.xml
6710,9983125730101488,1,Imported from 20230728_113119_md_ingest_alma_lecture_notes.xml
6711,9983127850101488,1,Imported from 20230728_113119_md_ingest_alma_lecture_notes.xml
6712,9983137190101488,1,Imported from 20230728_113119_md_ingest_alma_lecture_notes.xml
6713,9983141220101488,1,Imported from 20230728_113119_md_ingest_alma_lecture_notes.xml
6714,9983142560101488,1,Imported from 20230728_113119_md_ingest_alma_lecture_notes.xml
6715,9983524100101488,1,Imported from 20230728_113119_md_ingest_alma_lecture_notes.xml
6716,9983528950101488,1,Imported from 20230728_113119_md_ingest_alma_lecture_notes.xml
6717,9983530360101488,1,Imported from 20230728_113119_md_ingest_alma_lecture_notes.xml
6718,9983532560101488,1,Imported from 20230728_113119_md_ingest_alma_lecture_notes.xml
6719,9983677380101488,1,Imported from 20230728_113119_md_ingest_alma_lecture_notes.xml
6720,9983680640101488,1,Imported from 20230728_113119_md_ingest_alma_lecture_notes.xml
6721,9983684110101488,1,Imported from 20230728_113119_md_ingest_alma_lecture_notes.xml
6722,9983686250101488,1,Imported from 20230728_113119_md_ingest_alma_lecture_notes.xml
6723,9983694770101488,1,Imported from 20230728_113119_md_ingest_alma_lecture_notes.xml
6724,9983697900101488,1,Imported from 20230728_113119_md_ingest_alma_lecture_notes.xml
6725,9983730050101488,1,Imported from 20230728_113119_md_ingest_alma_lecture_notes.xml
6726,9984692670101488,1,Imported from 20230728_113119_md_ingest_alma_lecture_notes.xml
6727,9984806480101488,1,Imported from 20230728_113119_md_ingest_alma_lecture_notes.xml
6728,9984809220101488,1,Imported from 20230728_113119_md_ingest_alma_lecture_notes.xml
6729,9984813000101488,1,Imported from 20230728_113119_md_ingest_alma_lecture_notes.xml
6730,9984817940101488,1,Imported from 20230728_113119_md_ingest_alma_lecture_notes.xml
6731,9984825290101488,1,Imported from 20230728_113119_md_ingest_alma_lecture_notes.xml
6732,9984831760101488,1,Imported from 20230728_113119_md_ingest_alma_lecture_notes.xml
6733,9984875010101488,1,Imported from 20230728_113119_md_ingest_alma_lecture_notes.xml
6734,9984879010101488,1,Imported from 20230728_113119_md_ingest_alma_lecture_notes.xml
6735,9984882080101488,1,Imported from 20230728_113119_md_ingest_alma_lecture_notes.xml
6736,9984889740101488,1,Imported from 20230728_113119_md_ingest_alma_lecture_notes.xml
6737,9984909340101488,1,Imported from 20230728_113119_md_ingest_alma_lecture_notes.xml
6738,9984913130101488,1,Imported from 20230728_113119_md_ingest_alma_lecture_notes.xml
6739,9984915010101488,1,Imported from 20230728_113119_md_ingest_alma_lecture_notes.xml
6740,9984952000101488,1,Imported from 20230728_113119_md_ingest_alma_lecture_notes.xml
6741,9985204270101488,1,Imported from 20230728_113119_md_ingest_alma_lecture_notes.xml
6742,9985275330101488,1,Imported from 20230728_113119_md_ingest_alma_lecture_notes.xml
6743,9985276830101488,1,Imported from 20230728_113119_md_ingest_alma_lecture_notes.xml
6744,9985449980101488,1,Imported from 20230728_113119_md_ingest_alma_lecture_notes.xml
6745,9985450340101488,1,Imported from 20230728_113119_md_ingest_alma_lecture_notes.xml
6746,9988018010101488,1,Imported from 20230728_113119_md_ingest_alma_lecture_notes.xml
6747,9988171070101488,1,Imported from 20230728_113119_md_ingest_alma_lecture_notes.xml
6748,9988171170101488,1,Imported from 20230728_113119_md_ingest_alma_lecture_notes.xml
6749,9989636720101488,1,Imported from 20230728_113119_md_ingest_alma_lecture_notes.xml
6750,9989672710101488,1,Imported from 20230728_113119_md_ingest_alma_lecture_notes.xml
6751,9990180740101488,1,Imported from 20230728_113119_md_ingest_alma_lecture_notes.xml
6752,9991877070101488,1,Imported from 20230728_113119_md_ingest_alma_lecture_notes.xml
6753,9991877810101488,1,Imported from 20230728_113119_md_ingest_alma_lecture_notes.xml
6754,9992066370101488,1,Imported from 20230728_113119_md_ingest_alma_lecture_notes.xml
6755,9992070040101488,1,Imported from 20230728_113119_md_ingest_alma_lecture_notes.xml
6756,9992075290101488,1,Imported from 20230728_113119_md_ingest_alma_lecture_notes.xml
6757,9992112188001488,1,Imported from 20230728_113119_md_ingest_alma_lecture_notes.xml
6758,9992119909401488,1,Imported from 20230728_113119_md_ingest_alma_lecture_notes.xml
6759,9992133084901488,1,Imported from 20230728_113119_md_ingest_alma_lecture_notes.xml
6760,9992133091401488,1,Imported from 20230728_113119_md_ingest_alma_lecture_notes.xml
6761,9992133203501488,1,Imported from 20230728_113119_md_ingest_alma_lecture_notes.xml
6762,9992133262401488,1,Imported from 20230728_113119_md_ingest_alma_lecture_notes.xml
6763,9992133547201488,1,Imported from 20230728_113119_md_ingest_alma_lecture_notes.xml
6764,9992133557801488,1,Imported from 20230728_113119_md_ingest_alma_lecture_notes.xml
6765,9992133560601488,1,Imported from 20230728_113119_md_ingest_alma_lecture_notes.xml
6766,9992134347801488,1,Imported from 20230728_113119_md_ingest_alma_lecture_notes.xml
6767,9992134599601488,1,Imported from 20230728_113119_md_ingest_alma_lecture_notes.xml
6768,9992134603301488,1,Imported from 20230728_113119_md_ingest_alma_lecture_notes.xml
6769,9992134606101488,1,Imported from 20230728_113119_md_ingest_alma_lecture_notes.xml
6770,9992134681701488,1,Imported from 20230728_113119_md_ingest_alma_lecture_notes.xml
6771,9992134685601488,1,Imported from 20230728_113119_md_ingest_alma_lecture_notes.xml
6772,9992134688101488,1,Imported from 20230728_113119_md_ingest_alma_lecture_notes.xml
6773,9992135447901488,1,Imported from 20230728_113119_md_ingest_alma_lecture_notes.xml
6774,9992135452901488,1,Imported from 20230728_113119_md_ingest_alma_lecture_notes.xml
6775,9992135904101488,1,Imported from 20230728_113119_md_ingest_alma_lecture_notes.xml
6776,9992135943601488,1,Imported from 20230728_113119_md_ingest_alma_lecture_notes.xml
6777,9992136072701488,1,Imported from 20230728_113119_md_ingest_alma_lecture_notes.xml
6778,9992136076601488,1,Imported from 20230728_113119_md_ingest_alma_lecture_notes.xml
6779,9992136082201488,1,Imported from 20230728_113119_md_ingest_alma_lecture_notes.xml
6780,9992136083201488,1,Imported from 20230728_113119_md_ingest_alma_lecture_notes.xml
6781,9992136085301488,1,Imported from 20230728_113119_md_ingest_alma_lecture_notes.xml
6782,9992136093101488,1,Imported from 20230728_113119_md_ingest_alma_lecture_notes.xml
6783,9992136094301488,1,Imported from 20230728_113119_md_ingest_alma_lecture_notes.xml
6784,9992136098101488,1,Imported from 20230728_113119_md_ingest_alma_lecture_notes.xml
6785,9992136105801488,1,Imported from 20230728_113119_md_ingest_alma_lecture_notes.xml
6786,9992136545901488,1,Imported from 20230728_113119_md_ingest_alma_lecture_notes.xml
6787,9992136783701488,1,Imported from 20230728_113119_md_ingest_alma_lecture_notes.xml
6788,9992136788601488,1,Imported from 20230728_113119_md_ingest_alma_lecture_notes.xml
6789,9992136793201488,1,Imported from 20230728_113119_md_ingest_alma_lecture_notes.xml
6790,9992136798801488,1,Imported from 20230728_113119_md_ingest_alma_lecture_notes.xml
6791,9992136989801488,1,Imported from 20230728_113119_md_ingest_alma_lecture_notes.xml
6792,9992136995601488,1,Imported from 20230728_113119_md_ingest_alma_lecture_notes.xml
6793,9992137179101488,1,Imported from 20230728_113119_md_ingest_alma_lecture_notes.xml
6794,9992137274701488,1,Imported from 20230728_113119_md_ingest_alma_lecture_notes.xml
6795,9992137275801488,1,Imported from 20230728_113119_md_ingest_alma_lecture_notes.xml
6796,9992137277301488,1,Imported from 20230728_113119_md_ingest_alma_lecture_notes.xml
6797,9992137290401488,1,Imported from 20230728_113119_md_ingest_alma_lecture_notes.xml
6798,9992137296201488,1,Imported from 20230728_113119_md_ingest_alma_lecture_notes.xml
6799,9992137297401488,1,Imported from 20230728_113119_md_ingest_alma_lecture_notes.xml
6800,9992137304801488,1,Imported from 20230728_113119_md_ingest_alma_lecture_notes.xml
6801,9992137306701488,1,Imported from 20230728_113119_md_ingest_alma_lecture_notes.xml
6802,9992137341201488,1,Imported from 20230728_113119_md_ingest_alma_lecture_notes.xml
6803,9992138104001488,1,Imported from 20230728_113119_md_ingest_alma_lecture_notes.xml
6804,9992138481501488,1,Imported from 20230728_113119_md_ingest_alma_lecture_notes.xml
6805,9992138492101488,1,Imported from 20230728_113119_md_ingest_alma_lecture_notes.xml
6806,9992138495301488,1,Imported from 20230728_113119_md_ingest_alma_lecture_notes.xml
6807,9992138497301488,1,Imported from 20230728_113119_md_ingest_alma_lecture_notes.xml
6808,9992138587401488,1,Imported from 20230728_113119_md_ingest_alma_lecture_notes.xml
6809,9992138587901488,1,Imported from 20230728_113119_md_ingest_alma_lecture_notes.xml
6810,9992138589201488,1,Imported from 20230728_113119_md_ingest_alma_lecture_notes.xml
6811,9992138591301488,1,Imported from 20230728_113119_md_ingest_alma_lecture_notes.xml
6812,9992139602401488,1,Imported from 20230728_113119_md_ingest_alma_lecture_notes.xml
6813,9992139603401488,1,Imported from 20230728_113119_md_ingest_alma_lecture_notes.xml
6814,9992139606101488,1,Imported from 20230728_113119_md_ingest_alma_lecture_notes.xml
6815,9992139606701488,1,Imported from 20230728_113119_md_ingest_alma_lecture_notes.xml
6816,9992139683501488,1,Imported from 20230728_113119_md_ingest_alma_lecture_notes.xml
6817,9992139685401488,1,Imported from 20230728_113119_md_ingest_alma_lecture_notes.xml
6818,9992139690401488,1,Imported from 20230728_113119_md_ingest_alma_lecture_notes.xml
6819,9992139924001488,1,Imported from 20230728_113119_md_ingest_alma_lecture_notes.xml
6820,9992140105701488,1,Imported from 20230728_113119_md_ingest_alma_lecture_notes.xml
6821,9992140106801488,1,Imported from 20230728_113119_md_ingest_alma_lecture_notes.xml
6822,9992140134901488,1,Imported from 20230728_113119_md_ingest_alma_lecture_notes.xml
6823,9992140181501488,1,Imported from 20230728_113119_md_ingest_alma_lecture_notes.xml
6824,9992140182701488,1,Imported from 20230728_113119_md_ingest_alma_lecture_notes.xml
6825,9992140188701488,1,Imported from 20230728_113119_md_ingest_alma_lecture_notes.xml
6826,9992140195101488,1,Imported from 20230728_113119_md_ingest_alma_lecture_notes.xml
6827,9992140333701488,1,Imported from 20230728_113119_md_ingest_alma_lecture_notes.xml
6828,9992140338901488,1,Imported from 20230728_113119_md_ingest_alma_lecture_notes.xml
6829,9992140339801488,1,Imported from 20230728_113119_md_ingest_alma_lecture_notes.xml
6830,9992140340101488,1,Imported from 20230728_113119_md_ingest_alma_lecture_notes.xml
6831,9992140348301488,1,Imported from 20230728_113119_md_ingest_alma_lecture_notes.xml
6832,9992140588701488,1,Imported from 20230728_113119_md_ingest_alma_lecture_notes.xml
6833,9992140593401488,1,Imported from 20230728_113119_md_ingest_alma_lecture_notes.xml
6834,9992140603301488,1,Imported from 20230728_113119_md_ingest_alma_lecture_notes.xml
6835,9992141305401488,1,Imported from 20230728_113119_md_ingest_alma_lecture_notes.xml
6836,9992141306501488,1,Imported from 20230728_113119_md_ingest_alma_lecture_notes.xml
6837,9992146146201488,1,Imported from 20230728_113119_md_ingest_alma_lecture_notes.xml
6838,9992146148901488,1,Imported from 20230728_113119_md_ingest_alma_lecture_notes.xml
6839,9992146151501488,1,Imported from 20230728_113119_md_ingest_alma_lecture_notes.xml
6840,9992146194901488,1,Imported from 20230728_113119_md_ingest_alma_lecture_notes.xml
6841,9992146198201488,1,Imported from 20230728_113119_md_ingest_alma_lecture_notes.xml
6842,9992146292801488,1,Imported from 20230728_113119_md_ingest_alma_lecture_notes.xml
6843,9992146295001488,1,Imported from 20230728_113119_md_ingest_alma_lecture_notes.xml
6844,9992146296101488,1,Imported from 20230728_113119_md_ingest_alma_lecture_notes.xml
6845,9992146318201488,1,Imported from 20230728_113119_md_ingest_alma_lecture_notes.xml
6846,9992146321001488,1,Imported from 20230728_113119_md_ingest_alma_lecture_notes.xml
6847,9992146323901488,1,Imported from 20230728_113119_md_ingest_alma_lecture_notes.xml
6848,9992146339101488,1,Imported from 20230728_113119_md_ingest_alma_lecture_notes.xml
6849,9992146339701488,1,Imported from 20230728_113119_md_ingest_alma_lecture_notes.xml
6850,9992146342401488,1,Imported from 20230728_113119_md_ingest_alma_lecture_notes.xml
6851,9992146344901488,1,Imported from 20230728_113119_md_ingest_alma_lecture_notes.xml
6852,9992146706401488,1,Imported from 20230728_113119_md_ingest_alma_lecture_notes.xml
6853,9992146848801488,1,Imported from 20230728_113119_md_ingest_alma_lecture_notes.xml
6854,9992146857301488,1,Imported from 20230728_113119_md_ingest_alma_lecture_notes.xml
6855,9992146860001488,1,Imported from 20230728_113119_md_ingest_alma_lecture_notes.xml
6856,9992146985601488,1,Imported from 20230728_113119_md_ingest_alma_lecture_notes.xml
6857,9992146988901488,1,Imported from 20230728_113119_md_ingest_alma_lecture_notes.xml
6858,9992147495401488,1,Imported from 20230728_113119_md_ingest_alma_lecture_notes.xml
6859,9992147782501488,1,Imported from 20230728_113119_md_ingest_alma_lecture_notes.xml
6860,9992148064401488,1,Imported from 20230728_113119_md_ingest_alma_lecture_notes.xml
6861,9992148090201488,1,Imported from 20230728_113119_md_ingest_alma_lecture_notes.xml
6862,9992148095901488,1,Imported from 20230728_113119_md_ingest_alma_lecture_notes.xml
6863,9992148600301488,1,Imported from 20230728_113119_md_ingest_alma_lecture_notes.xml
6864,9992148605801488,1,Imported from 20230728_113119_md_ingest_alma_lecture_notes.xml
6865,9992148802601488,1,Imported from 20230728_113119_md_ingest_alma_lecture_notes.xml
6866,9992149101701488,1,Imported from 20230728_113119_md_ingest_alma_lecture_notes.xml
6867,9992149102601488,1,Imported from 20230728_113119_md_ingest_alma_lecture_notes.xml
6868,9992149105901488,1,Imported from 20230728_113119_md_ingest_alma_lecture_notes.xml
6869,9992149165001488,1,Imported from 20230728_113119_md_ingest_alma_lecture_notes.xml
6870,9992149168001488,1,Imported from 20230728_113119_md_ingest_alma_lecture_notes.xml
6871,9992149178901488,1,Imported from 20230728_113119_md_ingest_alma_lecture_notes.xml
6872,9992149181501488,1,Imported from 20230728_113119_md_ingest_alma_lecture_notes.xml
6873,9992149184401488,1,Imported from 20230728_113119_md_ingest_alma_lecture_notes.xml
6874,9992149185101488,1,Imported from 20230728_113119_md_ingest_alma_lecture_notes.xml
6875,9992149185601488,1,Imported from 20230728_113119_md_ingest_alma_lecture_notes.xml
6876,9992149186001488,1,Imported from 20230728_113119_md_ingest_alma_lecture_notes.xml
6877,9992149485801488,1,Imported from 20230728_113119_md_ingest_alma_lecture_notes.xml
6878,9992149490701488,1,Imported from 20230728_113119_md_ingest_alma_lecture_notes.xml
6879,9992149495501488,1,Imported from 20230728_113119_md_ingest_alma_lecture_notes.xml
6880,9992150599201488,1,Imported from 20230728_113119_md_ingest_alma_lecture_notes.xml
6881,9992150601501488,1,Imported from 20230728_113119_md_ingest_alma_lecture_notes.xml
6882,9992150904801488,1,Imported from 20230728_113119_md_ingest_alma_lecture_notes.xml
6883,9992150960001488,1,Imported from 20230728_113119_md_ingest_alma_lecture_notes.xml
6884,9992150970801488,1,Imported from 20230728_113119_md_ingest_alma_lecture_notes.xml
6885,9992151397201488,1,Imported from 20230728_113119_md_ingest_alma_lecture_notes.xml
6886,9992151405501488,1,Imported from 20230728_113119_md_ingest_alma_lecture_notes.xml
6887,9992151606301488,1,Imported from 20230728_113119_md_ingest_alma_lecture_notes.xml
6888,9992195577201488,1,Imported from 20230728_113119_md_ingest_alma_lecture_notes.xml
6889,9992196008901488,1,Imported from 20230728_113119_md_ingest_alma_lecture_notes.xml
6890,9992196026501488,1,Imported from 20230728_113119_md_ingest_alma_lecture_notes.xml
6891,9992196052801488,1,Imported from 20230728_113119_md_ingest_alma_lecture_notes.xml
6892,9992196166601488,1,Imported from 20230728_113119_md_ingest_alma_lecture_notes.xml
6893,9992196173301488,1,Imported from 20230728_113119_md_ingest_alma_lecture_notes.xml
6894,9992196247601488,1,Imported from 20230728_113119_md_ingest_alma_lecture_notes.xml
6895,9992196258101488,1,Imported from 20230728_113119_md_ingest_alma_lecture_notes.xml
6896,9992196273001488,1,Imported from 20230728_113119_md_ingest_alma_lecture_notes.xml
6897,9992197660301488,1,Imported from 20230728_113119_md_ingest_alma_lecture_notes.xml
6898,9992197676501488,1,Imported from 20230728_113119_md_ingest_alma_lecture_notes.xml
6899,9992197679901488,1,Imported from 20230728_113119_md_ingest_alma_lecture_notes.xml
6900,9992198301301488,1,Imported from 20230728_113119_md_ingest_alma_lecture_notes.xml
6901,9992198353501488,1,Imported from 20230728_113119_md_ingest_alma_lecture_notes.xml
6902,9992198362701488,1,Imported from 20230728_113119_md_ingest_alma_lecture_notes.xml
6903,9992198378801488,1,Imported from 20230728_113119_md_ingest_alma_lecture_notes.xml
6904,9992198692501488,1,Imported from 20230728_113119_md_ingest_alma_lecture_notes.xml
6905,9992198705001488,1,Imported from 20230728_113119_md_ingest_alma_lecture_notes.xml
6906,9992199287501488,1,Imported from 20230728_113119_md_ingest_alma_lecture_notes.xml
6907,9992199300001488,1,Imported from 20230728_113119_md_ingest_alma_lecture_notes.xml
6908,9992199376001488,1,Imported from 20230728_113119_md_ingest_alma_lecture_notes.xml
6909,9992199378401488,1,Imported from 20230728_113119_md_ingest_alma_lecture_notes.xml
6910,9992199492601488,1,Imported from 20230728_113119_md_ingest_alma_lecture_notes.xml
6911,9992199501501488,1,Imported from 20230728_113119_md_ingest_alma_lecture_notes.xml
6912,9992199509901488,1,Imported from 20230728_113119_md_ingest_alma_lecture_notes.xml
6913,9992199801401488,1,Imported from 20230728_113119_md_ingest_alma_lecture_notes.xml
6914,9992199802601488,1,Imported from 20230728_113119_md_ingest_alma_lecture_notes.xml
6915,9992199879701488,1,Imported from 20230728_113119_md_ingest_alma_lecture_notes.xml
6916,9992199886201488,1,Imported from 20230728_113119_md_ingest_alma_lecture_notes.xml
6917,9992204399801488,1,Imported from 20230728_113119_md_ingest_alma_lecture_notes.xml
6918,9992204604701488,1,Imported from 20230728_113119_md_ingest_alma_lecture_notes.xml
6919,9992206993601488,1,Imported from 20230728_113119_md_ingest_alma_lecture_notes.xml
6920,9992206995201488,1,Imported from 20230728_113119_md_ingest_alma_lecture_notes.xml
6921,9992207004501488,1,Imported from 20230728_113119_md_ingest_alma_lecture_notes.xml
6922,9992207005101488,1,Imported from 20230728_113119_md_ingest_alma_lecture_notes.xml
6923,9992207401401488,1,Imported from 20230728_113119_md_ingest_alma_lecture_notes.xml
6924,9992207564801488,1,Imported from 20230728_113119_md_ingest_alma_lecture_notes.xml
6925,9992219566501488,1,Imported from 20230728_113119_md_ingest_alma_lecture_notes.xml
6926,9992219790001488,1,Imported from 20230728_113119_md_ingest_alma_lecture_notes.xml
6927,9992220529701488,1,Imported from 20230728_113119_md_ingest_alma_lecture_notes.xml
6928,9992220586401488,1,Imported from 20230728_113119_md_ingest_alma_lecture_notes.xml
6929,9992220680601488,1,Imported from 20230728_113119_md_ingest_alma_lecture_notes.xml
6930,9992221122401488,1,Imported from 20230728_113119_md_ingest_alma_lecture_notes.xml
6931,9992221144401488,1,Imported from 20230728_113119_md_ingest_alma_lecture_notes.xml
6932,9992221146401488,1,Imported from 20230728_113119_md_ingest_alma_lecture_notes.xml
6933,9992221202401488,1,Imported from 20230728_113119_md_ingest_alma_lecture_notes.xml
6934,9992221207001488,1,Imported from 20230728_113119_md_ingest_alma_lecture_notes.xml
6935,9992221650701488,1,Imported from 20230728_113119_md_ingest_alma_lecture_notes.xml
6936,9992221654601488,1,Imported from 20230728_113119_md_ingest_alma_lecture_notes.xml
6937,9992221691801488,1,Imported from 20230728_113119_md_ingest_alma_lecture_notes.xml
6938,9992221700601488,1,Imported from 20230728_113119_md_ingest_alma_lecture_notes.xml
6939,9992221702601488,1,Imported from 20230728_113119_md_ingest_alma_lecture_notes.xml
6940,9992221747001488,1,Imported from 20230728_113119_md_ingest_alma_lecture_notes.xml
6941,9992221802901488,1,Imported from 20230728_113119_md_ingest_alma_lecture_notes.xml
6942,9992221809801488,1,Imported from 20230728_113119_md_ingest_alma_lecture_notes.xml
6943,9992222391301488,1,Imported from 20230728_113119_md_ingest_alma_lecture_notes.xml
6944,9992223573501488,1,Imported from 20230728_113119_md_ingest_alma_lecture_notes.xml
6945,9992223582801488,1,Imported from 20230728_113119_md_ingest_alma_lecture_notes.xml
6946,9992223592201488,1,Imported from 20230728_113119_md_ingest_alma_lecture_notes.xml
6947,9992223598301488,1,Imported from 20230728_113119_md_ingest_alma_lecture_notes.xml
6948,9992224291601488,1,Imported from 20230728_113119_md_ingest_alma_lecture_notes.xml
6949,9992224302001488,1,Imported from 20230728_113119_md_ingest_alma_lecture_notes.xml
6950,9992225262401488,1,Imported from 20230728_113119_md_ingest_alma_lecture_notes.xml
6951,9992225265001488,1,Imported from 20230728_113119_md_ingest_alma_lecture_notes.xml
6952,9992225292301488,1,Imported from 20230728_113119_md_ingest_alma_lecture_notes.xml
6953,9992225573501488,1,Imported from 20230728_113119_md_ingest_alma_lecture_notes.xml
